solid magnet_bar
  facet normal 0.000000 0.000000 1.000000
    outer loop
      vertex 0.0000 0.0000 0.8000
      vertex 2.3000 0.0000 0.8000
      vertex 1.7889 38.1000 0.8000
    endloop
  endfacet
  facet normal 0.000000 -0.000000 1.000000
    outer loop
      vertex 2.3000 0.0000 0.8000
      vertex 2.3000 2.3000 0.8000
      vertex 1.7889 38.1000 0.8000
    endloop
  endfacet
  facet normal 0.000000 -0.000000 1.000000
    outer loop
      vertex 2.3000 2.3000 0.8000
      vertex 2.3000 17.7000 0.8000
      vertex 1.7889 38.1000 0.8000
    endloop
  endfacet
  facet normal 0.000000 -0.000000 1.000000
    outer loop
      vertex 2.3000 17.7000 0.8000
      vertex 2.3000 38.1000 0.8000
      vertex 1.7889 38.1000 0.8000
    endloop
  endfacet
  facet normal 0.000000 -0.000000 1.000000
    outer loop
      vertex 2.3000 38.1000 0.8000
      vertex 2.3000 58.5000 0.8000
      vertex 1.7889 38.1000 0.8000
    endloop
  endfacet
  facet normal 0.000000 -0.000000 1.000000
    outer loop
      vertex 2.3000 58.5000 0.8000
      vertex 2.3000 73.9000 0.8000
      vertex 1.7889 38.1000 0.8000
    endloop
  endfacet
  facet normal 0.000000 -0.000000 1.000000
    outer loop
      vertex 2.3000 73.9000 0.8000
      vertex 2.3000 76.2000 0.8000
      vertex 1.7889 38.1000 0.8000
    endloop
  endfacet
  facet normal 0.000000 0.000000 1.000000
    outer loop
      vertex 2.3000 76.2000 0.8000
      vertex 0.0000 76.2000 0.8000
      vertex 1.7889 38.1000 0.8000
    endloop
  endfacet
  facet normal 0.000000 0.000000 1.000000
    outer loop
      vertex 0.0000 76.2000 0.8000
      vertex 0.0000 0.0000 0.8000
      vertex 1.7889 38.1000 0.8000
    endloop
  endfacet
  facet normal 0.000000 0.000000 1.000000
    outer loop
      vertex 2.3000 0.0000 0.8000
      vertex 17.7000 0.0000 0.8000
      vertex 10.0000 1.1500 0.8000
    endloop
  endfacet
  facet normal 0.000000 -0.000000 1.000000
    outer loop
      vertex 17.7000 0.0000 0.8000
      vertex 17.7000 2.3000 0.8000
      vertex 10.0000 1.1500 0.8000
    endloop
  endfacet
  facet normal 0.000000 0.000000 1.000000
    outer loop
      vertex 17.7000 2.3000 0.8000
      vertex 2.3000 2.3000 0.8000
      vertex 10.0000 1.1500 0.8000
    endloop
  endfacet
  facet normal 0.000000 0.000000 1.000000
    outer loop
      vertex 2.3000 2.3000 0.8000
      vertex 2.3000 0.0000 0.8000
      vertex 10.0000 1.1500 0.8000
    endloop
  endfacet
  facet normal 0.000000 0.000000 1.000000
    outer loop
      vertex 2.3000 2.3000 0.8000
      vertex 6.9000 4.6306 0.8000
      vertex 6.2257 5.0812 0.8000
    endloop
  endfacet
  facet normal 0.000000 0.000000 1.000000
    outer loop
      vertex 2.3000 2.3000 0.8000
      vertex 7.6274 4.2719 0.8000
      vertex 6.9000 4.6306 0.8000
    endloop
  endfacet
  facet normal 0.000000 0.000000 1.000000
    outer loop
      vertex 2.3000 2.3000 0.8000
      vertex 8.3953 4.0113 0.8000
      vertex 7.6274 4.2719 0.8000
    endloop
  endfacet
  facet normal 0.000000 0.000000 1.000000
    outer loop
      vertex 2.3000 2.3000 0.8000
      vertex 9.1907 3.8530 0.8000
      vertex 8.3953 4.0113 0.8000
    endloop
  endfacet
  facet normal 0.000000 0.000000 1.000000
    outer loop
      vertex 2.3000 2.3000 0.8000
      vertex 10.0000 3.8000 0.8000
      vertex 9.1907 3.8530 0.8000
    endloop
  endfacet
  facet normal 0.000000 0.000000 1.000000
    outer loop
      vertex 2.3000 2.3000 0.8000
      vertex 10.8093 3.8530 0.8000
      vertex 10.0000 3.8000 0.8000
    endloop
  endfacet
  facet normal 0.000000 0.000000 -1.000000
    outer loop
      vertex 2.3000 2.3000 0.8000
      vertex 11.6047 4.0113 0.8000
      vertex 10.8093 3.8530 0.8000
    endloop
  endfacet
  facet normal 0.000000 0.000000 -1.000000
    outer loop
      vertex 2.3000 2.3000 0.8000
      vertex 12.3726 4.2719 0.8000
      vertex 11.6047 4.0113 0.8000
    endloop
  endfacet
  facet normal 0.000000 0.000000 -1.000000
    outer loop
      vertex 2.3000 2.3000 0.8000
      vertex 13.1000 4.6306 0.8000
      vertex 12.3726 4.2719 0.8000
    endloop
  endfacet
  facet normal 0.000000 0.000000 -1.000000
    outer loop
      vertex 2.3000 2.3000 0.8000
      vertex 13.7743 5.0812 0.8000
      vertex 13.1000 4.6306 0.8000
    endloop
  endfacet
  facet normal 0.000000 0.000000 -1.000000
    outer loop
      vertex 2.3000 2.3000 0.8000
      vertex 14.3841 5.6159 0.8000
      vertex 13.7743 5.0812 0.8000
    endloop
  endfacet
  facet normal 0.000000 0.000000 1.000000
    outer loop
      vertex 2.3000 2.3000 0.8000
      vertex 17.7000 2.3000 0.8000
      vertex 14.3841 5.6159 0.8000
    endloop
  endfacet
  facet normal 0.000000 0.000000 1.000000
    outer loop
      vertex 17.7000 2.3000 0.8000
      vertex 14.9188 6.2257 0.8000
      vertex 14.3841 5.6159 0.8000
    endloop
  endfacet
  facet normal 0.000000 0.000000 1.000000
    outer loop
      vertex 17.7000 2.3000 0.8000
      vertex 15.3694 6.9000 0.8000
      vertex 14.9188 6.2257 0.8000
    endloop
  endfacet
  facet normal 0.000000 0.000000 1.000000
    outer loop
      vertex 17.7000 2.3000 0.8000
      vertex 15.7281 7.6274 0.8000
      vertex 15.3694 6.9000 0.8000
    endloop
  endfacet
  facet normal 0.000000 0.000000 1.000000
    outer loop
      vertex 17.7000 2.3000 0.8000
      vertex 15.9887 8.3953 0.8000
      vertex 15.7281 7.6274 0.8000
    endloop
  endfacet
  facet normal 0.000000 0.000000 1.000000
    outer loop
      vertex 17.7000 2.3000 0.8000
      vertex 16.1470 9.1907 0.8000
      vertex 15.9887 8.3953 0.8000
    endloop
  endfacet
  facet normal 0.000000 0.000000 1.000000
    outer loop
      vertex 17.7000 2.3000 0.8000
      vertex 16.2000 10.0000 0.8000
      vertex 16.1470 9.1907 0.8000
    endloop
  endfacet
  facet normal 0.000000 0.000000 1.000000
    outer loop
      vertex 17.7000 2.3000 0.8000
      vertex 16.1470 10.8093 0.8000
      vertex 16.2000 10.0000 0.8000
    endloop
  endfacet
  facet normal 0.000000 0.000000 -1.000000
    outer loop
      vertex 17.7000 2.3000 0.8000
      vertex 15.9887 11.6047 0.8000
      vertex 16.1470 10.8093 0.8000
    endloop
  endfacet
  facet normal 0.000000 0.000000 -1.000000
    outer loop
      vertex 17.7000 2.3000 0.8000
      vertex 15.7281 12.3726 0.8000
      vertex 15.9887 11.6047 0.8000
    endloop
  endfacet
  facet normal 0.000000 0.000000 -1.000000
    outer loop
      vertex 17.7000 2.3000 0.8000
      vertex 15.3694 13.1000 0.8000
      vertex 15.7281 12.3726 0.8000
    endloop
  endfacet
  facet normal 0.000000 0.000000 -1.000000
    outer loop
      vertex 17.7000 2.3000 0.8000
      vertex 14.9188 13.7743 0.8000
      vertex 15.3694 13.1000 0.8000
    endloop
  endfacet
  facet normal 0.000000 -0.000000 1.000000
    outer loop
      vertex 17.7000 2.3000 0.8000
      vertex 17.7000 17.7000 0.8000
      vertex 14.9188 13.7743 0.8000
    endloop
  endfacet
  facet normal 0.000000 0.000000 1.000000
    outer loop
      vertex 17.7000 17.7000 0.8000
      vertex 14.3841 14.3841 0.8000
      vertex 14.9188 13.7743 0.8000
    endloop
  endfacet
  facet normal 0.000000 0.000000 1.000000
    outer loop
      vertex 17.7000 17.7000 0.8000
      vertex 13.7743 14.9188 0.8000
      vertex 14.3841 14.3841 0.8000
    endloop
  endfacet
  facet normal 0.000000 0.000000 1.000000
    outer loop
      vertex 17.7000 17.7000 0.8000
      vertex 13.1000 15.3694 0.8000
      vertex 13.7743 14.9188 0.8000
    endloop
  endfacet
  facet normal 0.000000 0.000000 1.000000
    outer loop
      vertex 17.7000 17.7000 0.8000
      vertex 12.3726 15.7281 0.8000
      vertex 13.1000 15.3694 0.8000
    endloop
  endfacet
  facet normal 0.000000 0.000000 1.000000
    outer loop
      vertex 17.7000 17.7000 0.8000
      vertex 11.6047 15.9887 0.8000
      vertex 12.3726 15.7281 0.8000
    endloop
  endfacet
  facet normal 0.000000 0.000000 1.000000
    outer loop
      vertex 17.7000 17.7000 0.8000
      vertex 10.8093 16.1470 0.8000
      vertex 11.6047 15.9887 0.8000
    endloop
  endfacet
  facet normal 0.000000 0.000000 1.000000
    outer loop
      vertex 17.7000 17.7000 0.8000
      vertex 10.0000 16.2000 0.8000
      vertex 10.8093 16.1470 0.8000
    endloop
  endfacet
  facet normal 0.000000 0.000000 1.000000
    outer loop
      vertex 17.7000 17.7000 0.8000
      vertex 9.1907 16.1470 0.8000
      vertex 10.0000 16.2000 0.8000
    endloop
  endfacet
  facet normal 0.000000 0.000000 -1.000000
    outer loop
      vertex 17.7000 17.7000 0.8000
      vertex 8.3953 15.9887 0.8000
      vertex 9.1907 16.1470 0.8000
    endloop
  endfacet
  facet normal 0.000000 0.000000 -1.000000
    outer loop
      vertex 17.7000 17.7000 0.8000
      vertex 7.6274 15.7281 0.8000
      vertex 8.3953 15.9887 0.8000
    endloop
  endfacet
  facet normal 0.000000 0.000000 -1.000000
    outer loop
      vertex 17.7000 17.7000 0.8000
      vertex 6.9000 15.3694 0.8000
      vertex 7.6274 15.7281 0.8000
    endloop
  endfacet
  facet normal 0.000000 0.000000 -1.000000
    outer loop
      vertex 17.7000 17.7000 0.8000
      vertex 6.2257 14.9188 0.8000
      vertex 6.9000 15.3694 0.8000
    endloop
  endfacet
  facet normal 0.000000 0.000000 1.000000
    outer loop
      vertex 17.7000 17.7000 0.8000
      vertex 2.3000 17.7000 0.8000
      vertex 6.2257 14.9188 0.8000
    endloop
  endfacet
  facet normal 0.000000 0.000000 1.000000
    outer loop
      vertex 2.3000 17.7000 0.8000
      vertex 5.6159 14.3841 0.8000
      vertex 6.2257 14.9188 0.8000
    endloop
  endfacet
  facet normal 0.000000 0.000000 1.000000
    outer loop
      vertex 2.3000 17.7000 0.8000
      vertex 5.0812 13.7743 0.8000
      vertex 5.6159 14.3841 0.8000
    endloop
  endfacet
  facet normal 0.000000 0.000000 1.000000
    outer loop
      vertex 2.3000 17.7000 0.8000
      vertex 4.6306 13.1000 0.8000
      vertex 5.0812 13.7743 0.8000
    endloop
  endfacet
  facet normal 0.000000 0.000000 1.000000
    outer loop
      vertex 2.3000 17.7000 0.8000
      vertex 4.2719 12.3726 0.8000
      vertex 4.6306 13.1000 0.8000
    endloop
  endfacet
  facet normal 0.000000 0.000000 1.000000
    outer loop
      vertex 2.3000 17.7000 0.8000
      vertex 4.0113 11.6047 0.8000
      vertex 4.2719 12.3726 0.8000
    endloop
  endfacet
  facet normal 0.000000 0.000000 1.000000
    outer loop
      vertex 2.3000 17.7000 0.8000
      vertex 3.8530 10.8093 0.8000
      vertex 4.0113 11.6047 0.8000
    endloop
  endfacet
  facet normal 0.000000 0.000000 1.000000
    outer loop
      vertex 2.3000 17.7000 0.8000
      vertex 3.8000 10.0000 0.8000
      vertex 3.8530 10.8093 0.8000
    endloop
  endfacet
  facet normal 0.000000 0.000000 1.000000
    outer loop
      vertex 2.3000 17.7000 0.8000
      vertex 3.8530 9.1907 0.8000
      vertex 3.8000 10.0000 0.8000
    endloop
  endfacet
  facet normal 0.000000 0.000000 -1.000000
    outer loop
      vertex 2.3000 17.7000 0.8000
      vertex 4.0113 8.3953 0.8000
      vertex 3.8530 9.1907 0.8000
    endloop
  endfacet
  facet normal 0.000000 0.000000 -1.000000
    outer loop
      vertex 2.3000 17.7000 0.8000
      vertex 4.2719 7.6274 0.8000
      vertex 4.0113 8.3953 0.8000
    endloop
  endfacet
  facet normal 0.000000 0.000000 -1.000000
    outer loop
      vertex 2.3000 17.7000 0.8000
      vertex 4.6306 6.9000 0.8000
      vertex 4.2719 7.6274 0.8000
    endloop
  endfacet
  facet normal 0.000000 0.000000 -1.000000
    outer loop
      vertex 2.3000 17.7000 0.8000
      vertex 5.0812 6.2257 0.8000
      vertex 4.6306 6.9000 0.8000
    endloop
  endfacet
  facet normal 0.000000 0.000000 -1.000000
    outer loop
      vertex 2.3000 17.7000 0.8000
      vertex 5.6159 5.6159 0.8000
      vertex 5.0812 6.2257 0.8000
    endloop
  endfacet
  facet normal 0.000000 0.000000 1.000000
    outer loop
      vertex 2.3000 17.7000 0.8000
      vertex 2.3000 2.3000 0.8000
      vertex 5.6159 5.6159 0.8000
    endloop
  endfacet
  facet normal 0.000000 0.000000 1.000000
    outer loop
      vertex 2.3000 2.3000 0.8000
      vertex 6.2257 5.0812 0.8000
      vertex 5.6159 5.6159 0.8000
    endloop
  endfacet
  facet normal 0.000000 0.000000 1.000000
    outer loop
      vertex 2.3000 17.7000 0.8000
      vertex 17.7000 17.7000 0.8000
      vertex 10.0000 27.9000 0.8000
    endloop
  endfacet
  facet normal 0.000000 -0.000000 1.000000
    outer loop
      vertex 17.7000 17.7000 0.8000
      vertex 17.7000 38.1000 0.8000
      vertex 10.0000 27.9000 0.8000
    endloop
  endfacet
  facet normal 0.000000 0.000000 1.000000
    outer loop
      vertex 17.7000 38.1000 0.8000
      vertex 2.3000 38.1000 0.8000
      vertex 10.0000 27.9000 0.8000
    endloop
  endfacet
  facet normal 0.000000 0.000000 1.000000
    outer loop
      vertex 2.3000 38.1000 0.8000
      vertex 2.3000 17.7000 0.8000
      vertex 10.0000 27.9000 0.8000
    endloop
  endfacet
  facet normal 0.000000 0.000000 1.000000
    outer loop
      vertex 2.3000 38.1000 0.8000
      vertex 17.7000 38.1000 0.8000
      vertex 10.0000 48.3000 0.8000
    endloop
  endfacet
  facet normal 0.000000 -0.000000 1.000000
    outer loop
      vertex 17.7000 38.1000 0.8000
      vertex 17.7000 58.5000 0.8000
      vertex 10.0000 48.3000 0.8000
    endloop
  endfacet
  facet normal 0.000000 0.000000 1.000000
    outer loop
      vertex 17.7000 58.5000 0.8000
      vertex 2.3000 58.5000 0.8000
      vertex 10.0000 48.3000 0.8000
    endloop
  endfacet
  facet normal 0.000000 0.000000 1.000000
    outer loop
      vertex 2.3000 58.5000 0.8000
      vertex 2.3000 38.1000 0.8000
      vertex 10.0000 48.3000 0.8000
    endloop
  endfacet
  facet normal 0.000000 0.000000 1.000000
    outer loop
      vertex 2.3000 58.5000 0.8000
      vertex 6.9000 60.8306 0.8000
      vertex 6.2257 61.2812 0.8000
    endloop
  endfacet
  facet normal 0.000000 0.000000 1.000000
    outer loop
      vertex 2.3000 58.5000 0.8000
      vertex 7.6274 60.4719 0.8000
      vertex 6.9000 60.8306 0.8000
    endloop
  endfacet
  facet normal 0.000000 0.000000 1.000000
    outer loop
      vertex 2.3000 58.5000 0.8000
      vertex 8.3953 60.2113 0.8000
      vertex 7.6274 60.4719 0.8000
    endloop
  endfacet
  facet normal 0.000000 0.000000 1.000000
    outer loop
      vertex 2.3000 58.5000 0.8000
      vertex 9.1907 60.0530 0.8000
      vertex 8.3953 60.2113 0.8000
    endloop
  endfacet
  facet normal 0.000000 0.000000 1.000000
    outer loop
      vertex 2.3000 58.5000 0.8000
      vertex 10.0000 60.0000 0.8000
      vertex 9.1907 60.0530 0.8000
    endloop
  endfacet
  facet normal 0.000000 0.000000 1.000000
    outer loop
      vertex 2.3000 58.5000 0.8000
      vertex 10.8093 60.0530 0.8000
      vertex 10.0000 60.0000 0.8000
    endloop
  endfacet
  facet normal 0.000000 0.000000 -1.000000
    outer loop
      vertex 2.3000 58.5000 0.8000
      vertex 11.6047 60.2113 0.8000
      vertex 10.8093 60.0530 0.8000
    endloop
  endfacet
  facet normal 0.000000 0.000000 -1.000000
    outer loop
      vertex 2.3000 58.5000 0.8000
      vertex 12.3726 60.4719 0.8000
      vertex 11.6047 60.2113 0.8000
    endloop
  endfacet
  facet normal 0.000000 0.000000 -1.000000
    outer loop
      vertex 2.3000 58.5000 0.8000
      vertex 13.1000 60.8306 0.8000
      vertex 12.3726 60.4719 0.8000
    endloop
  endfacet
  facet normal 0.000000 0.000000 -1.000000
    outer loop
      vertex 2.3000 58.5000 0.8000
      vertex 13.7743 61.2812 0.8000
      vertex 13.1000 60.8306 0.8000
    endloop
  endfacet
  facet normal 0.000000 0.000000 1.000000
    outer loop
      vertex 2.3000 58.5000 0.8000
      vertex 17.7000 58.5000 0.8000
      vertex 13.7743 61.2812 0.8000
    endloop
  endfacet
  facet normal 0.000000 0.000000 1.000000
    outer loop
      vertex 17.7000 58.5000 0.8000
      vertex 14.3841 61.8159 0.8000
      vertex 13.7743 61.2812 0.8000
    endloop
  endfacet
  facet normal 0.000000 0.000000 1.000000
    outer loop
      vertex 17.7000 58.5000 0.8000
      vertex 14.9188 62.4257 0.8000
      vertex 14.3841 61.8159 0.8000
    endloop
  endfacet
  facet normal 0.000000 0.000000 1.000000
    outer loop
      vertex 17.7000 58.5000 0.8000
      vertex 15.3694 63.1000 0.8000
      vertex 14.9188 62.4257 0.8000
    endloop
  endfacet
  facet normal 0.000000 0.000000 1.000000
    outer loop
      vertex 17.7000 58.5000 0.8000
      vertex 15.7281 63.8274 0.8000
      vertex 15.3694 63.1000 0.8000
    endloop
  endfacet
  facet normal 0.000000 0.000000 1.000000
    outer loop
      vertex 17.7000 58.5000 0.8000
      vertex 15.9887 64.5953 0.8000
      vertex 15.7281 63.8274 0.8000
    endloop
  endfacet
  facet normal 0.000000 0.000000 1.000000
    outer loop
      vertex 17.7000 58.5000 0.8000
      vertex 16.1470 65.3907 0.8000
      vertex 15.9887 64.5953 0.8000
    endloop
  endfacet
  facet normal 0.000000 0.000000 1.000000
    outer loop
      vertex 17.7000 58.5000 0.8000
      vertex 16.2000 66.2000 0.8000
      vertex 16.1470 65.3907 0.8000
    endloop
  endfacet
  facet normal 0.000000 0.000000 1.000000
    outer loop
      vertex 17.7000 58.5000 0.8000
      vertex 16.1470 67.0093 0.8000
      vertex 16.2000 66.2000 0.8000
    endloop
  endfacet
  facet normal 0.000000 0.000000 -1.000000
    outer loop
      vertex 17.7000 58.5000 0.8000
      vertex 15.9887 67.8047 0.8000
      vertex 16.1470 67.0093 0.8000
    endloop
  endfacet
  facet normal 0.000000 0.000000 -1.000000
    outer loop
      vertex 17.7000 58.5000 0.8000
      vertex 15.7281 68.5726 0.8000
      vertex 15.9887 67.8047 0.8000
    endloop
  endfacet
  facet normal 0.000000 0.000000 -1.000000
    outer loop
      vertex 17.7000 58.5000 0.8000
      vertex 15.3694 69.3000 0.8000
      vertex 15.7281 68.5726 0.8000
    endloop
  endfacet
  facet normal 0.000000 0.000000 -1.000000
    outer loop
      vertex 17.7000 58.5000 0.8000
      vertex 14.9188 69.9743 0.8000
      vertex 15.3694 69.3000 0.8000
    endloop
  endfacet
  facet normal 0.000000 -0.000000 1.000000
    outer loop
      vertex 17.7000 58.5000 0.8000
      vertex 17.7000 73.9000 0.8000
      vertex 14.9188 69.9743 0.8000
    endloop
  endfacet
  facet normal 0.000000 0.000000 1.000000
    outer loop
      vertex 17.7000 73.9000 0.8000
      vertex 14.3841 70.5841 0.8000
      vertex 14.9188 69.9743 0.8000
    endloop
  endfacet
  facet normal 0.000000 0.000000 1.000000
    outer loop
      vertex 17.7000 73.9000 0.8000
      vertex 13.7743 71.1188 0.8000
      vertex 14.3841 70.5841 0.8000
    endloop
  endfacet
  facet normal 0.000000 0.000000 1.000000
    outer loop
      vertex 17.7000 73.9000 0.8000
      vertex 13.1000 71.5694 0.8000
      vertex 13.7743 71.1188 0.8000
    endloop
  endfacet
  facet normal 0.000000 0.000000 1.000000
    outer loop
      vertex 17.7000 73.9000 0.8000
      vertex 12.3726 71.9281 0.8000
      vertex 13.1000 71.5694 0.8000
    endloop
  endfacet
  facet normal 0.000000 0.000000 1.000000
    outer loop
      vertex 17.7000 73.9000 0.8000
      vertex 11.6047 72.1887 0.8000
      vertex 12.3726 71.9281 0.8000
    endloop
  endfacet
  facet normal 0.000000 0.000000 1.000000
    outer loop
      vertex 17.7000 73.9000 0.8000
      vertex 10.8093 72.3470 0.8000
      vertex 11.6047 72.1887 0.8000
    endloop
  endfacet
  facet normal 0.000000 0.000000 1.000000
    outer loop
      vertex 17.7000 73.9000 0.8000
      vertex 10.0000 72.4000 0.8000
      vertex 10.8093 72.3470 0.8000
    endloop
  endfacet
  facet normal 0.000000 0.000000 1.000000
    outer loop
      vertex 17.7000 73.9000 0.8000
      vertex 9.1907 72.3470 0.8000
      vertex 10.0000 72.4000 0.8000
    endloop
  endfacet
  facet normal 0.000000 0.000000 -1.000000
    outer loop
      vertex 17.7000 73.9000 0.8000
      vertex 8.3953 72.1887 0.8000
      vertex 9.1907 72.3470 0.8000
    endloop
  endfacet
  facet normal 0.000000 0.000000 -1.000000
    outer loop
      vertex 17.7000 73.9000 0.8000
      vertex 7.6274 71.9281 0.8000
      vertex 8.3953 72.1887 0.8000
    endloop
  endfacet
  facet normal 0.000000 0.000000 -1.000000
    outer loop
      vertex 17.7000 73.9000 0.8000
      vertex 6.9000 71.5694 0.8000
      vertex 7.6274 71.9281 0.8000
    endloop
  endfacet
  facet normal 0.000000 0.000000 -1.000000
    outer loop
      vertex 17.7000 73.9000 0.8000
      vertex 6.2257 71.1188 0.8000
      vertex 6.9000 71.5694 0.8000
    endloop
  endfacet
  facet normal 0.000000 0.000000 1.000000
    outer loop
      vertex 17.7000 73.9000 0.8000
      vertex 2.3000 73.9000 0.8000
      vertex 6.2257 71.1188 0.8000
    endloop
  endfacet
  facet normal 0.000000 0.000000 1.000000
    outer loop
      vertex 2.3000 73.9000 0.8000
      vertex 5.6159 70.5841 0.8000
      vertex 6.2257 71.1188 0.8000
    endloop
  endfacet
  facet normal 0.000000 0.000000 1.000000
    outer loop
      vertex 2.3000 73.9000 0.8000
      vertex 5.0812 69.9743 0.8000
      vertex 5.6159 70.5841 0.8000
    endloop
  endfacet
  facet normal 0.000000 0.000000 1.000000
    outer loop
      vertex 2.3000 73.9000 0.8000
      vertex 4.6306 69.3000 0.8000
      vertex 5.0812 69.9743 0.8000
    endloop
  endfacet
  facet normal 0.000000 0.000000 1.000000
    outer loop
      vertex 2.3000 73.9000 0.8000
      vertex 4.2719 68.5726 0.8000
      vertex 4.6306 69.3000 0.8000
    endloop
  endfacet
  facet normal 0.000000 0.000000 1.000000
    outer loop
      vertex 2.3000 73.9000 0.8000
      vertex 4.0113 67.8047 0.8000
      vertex 4.2719 68.5726 0.8000
    endloop
  endfacet
  facet normal 0.000000 0.000000 1.000000
    outer loop
      vertex 2.3000 73.9000 0.8000
      vertex 3.8530 67.0093 0.8000
      vertex 4.0113 67.8047 0.8000
    endloop
  endfacet
  facet normal 0.000000 0.000000 1.000000
    outer loop
      vertex 2.3000 73.9000 0.8000
      vertex 3.8000 66.2000 0.8000
      vertex 3.8530 67.0093 0.8000
    endloop
  endfacet
  facet normal 0.000000 0.000000 1.000000
    outer loop
      vertex 2.3000 73.9000 0.8000
      vertex 3.8530 65.3907 0.8000
      vertex 3.8000 66.2000 0.8000
    endloop
  endfacet
  facet normal 0.000000 0.000000 -1.000000
    outer loop
      vertex 2.3000 73.9000 0.8000
      vertex 4.0113 64.5953 0.8000
      vertex 3.8530 65.3907 0.8000
    endloop
  endfacet
  facet normal 0.000000 0.000000 -1.000000
    outer loop
      vertex 2.3000 73.9000 0.8000
      vertex 4.2719 63.8274 0.8000
      vertex 4.0113 64.5953 0.8000
    endloop
  endfacet
  facet normal 0.000000 0.000000 -1.000000
    outer loop
      vertex 2.3000 73.9000 0.8000
      vertex 4.6306 63.1000 0.8000
      vertex 4.2719 63.8274 0.8000
    endloop
  endfacet
  facet normal 0.000000 0.000000 -1.000000
    outer loop
      vertex 2.3000 73.9000 0.8000
      vertex 5.0812 62.4257 0.8000
      vertex 4.6306 63.1000 0.8000
    endloop
  endfacet
  facet normal 0.000000 0.000000 1.000000
    outer loop
      vertex 2.3000 73.9000 0.8000
      vertex 2.3000 58.5000 0.8000
      vertex 5.0812 62.4257 0.8000
    endloop
  endfacet
  facet normal 0.000000 0.000000 1.000000
    outer loop
      vertex 2.3000 58.5000 0.8000
      vertex 5.6159 61.8159 0.8000
      vertex 5.0812 62.4257 0.8000
    endloop
  endfacet
  facet normal 0.000000 0.000000 1.000000
    outer loop
      vertex 2.3000 58.5000 0.8000
      vertex 6.2257 61.2812 0.8000
      vertex 5.6159 61.8159 0.8000
    endloop
  endfacet
  facet normal 0.000000 0.000000 1.000000
    outer loop
      vertex 2.3000 73.9000 0.8000
      vertex 17.7000 73.9000 0.8000
      vertex 10.0000 75.0500 0.8000
    endloop
  endfacet
  facet normal 0.000000 -0.000000 1.000000
    outer loop
      vertex 17.7000 73.9000 0.8000
      vertex 17.7000 76.2000 0.8000
      vertex 10.0000 75.0500 0.8000
    endloop
  endfacet
  facet normal 0.000000 0.000000 1.000000
    outer loop
      vertex 17.7000 76.2000 0.8000
      vertex 2.3000 76.2000 0.8000
      vertex 10.0000 75.0500 0.8000
    endloop
  endfacet
  facet normal 0.000000 0.000000 1.000000
    outer loop
      vertex 2.3000 76.2000 0.8000
      vertex 2.3000 73.9000 0.8000
      vertex 10.0000 75.0500 0.8000
    endloop
  endfacet
  facet normal 0.000000 0.000000 1.000000
    outer loop
      vertex 17.7000 0.0000 0.8000
      vertex 20.0000 0.0000 0.8000
      vertex 18.2111 38.1000 0.8000
    endloop
  endfacet
  facet normal 0.000000 -0.000000 1.000000
    outer loop
      vertex 20.0000 0.0000 0.8000
      vertex 20.0000 76.2000 0.8000
      vertex 18.2111 38.1000 0.8000
    endloop
  endfacet
  facet normal 0.000000 0.000000 1.000000
    outer loop
      vertex 20.0000 76.2000 0.8000
      vertex 17.7000 76.2000 0.8000
      vertex 18.2111 38.1000 0.8000
    endloop
  endfacet
  facet normal 0.000000 0.000000 1.000000
    outer loop
      vertex 17.7000 76.2000 0.8000
      vertex 17.7000 73.9000 0.8000
      vertex 18.2111 38.1000 0.8000
    endloop
  endfacet
  facet normal 0.000000 0.000000 1.000000
    outer loop
      vertex 17.7000 73.9000 0.8000
      vertex 17.7000 58.5000 0.8000
      vertex 18.2111 38.1000 0.8000
    endloop
  endfacet
  facet normal 0.000000 0.000000 1.000000
    outer loop
      vertex 17.7000 58.5000 0.8000
      vertex 17.7000 38.1000 0.8000
      vertex 18.2111 38.1000 0.8000
    endloop
  endfacet
  facet normal -0.000000 0.000000 1.000000
    outer loop
      vertex 17.7000 38.1000 0.8000
      vertex 17.7000 17.7000 0.8000
      vertex 18.2111 38.1000 0.8000
    endloop
  endfacet
  facet normal -0.000000 0.000000 1.000000
    outer loop
      vertex 17.7000 17.7000 0.8000
      vertex 17.7000 2.3000 0.8000
      vertex 18.2111 38.1000 0.8000
    endloop
  endfacet
  facet normal -0.000000 0.000000 1.000000
    outer loop
      vertex 17.7000 2.3000 0.8000
      vertex 17.7000 0.0000 0.8000
      vertex 18.2111 38.1000 0.8000
    endloop
  endfacet
  facet normal 0.000000 -0.000000 -1.000000
    outer loop
      vertex 1.7889 38.1000 0.0000
      vertex 2.3000 0.0000 0.0000
      vertex 0.0000 0.0000 0.0000
    endloop
  endfacet
  facet normal 0.000000 0.000000 -1.000000
    outer loop
      vertex 1.7889 38.1000 0.0000
      vertex 2.3000 2.3000 0.0000
      vertex 2.3000 0.0000 0.0000
    endloop
  endfacet
  facet normal 0.000000 0.000000 -1.000000
    outer loop
      vertex 1.7889 38.1000 0.0000
      vertex 2.3000 17.7000 0.0000
      vertex 2.3000 2.3000 0.0000
    endloop
  endfacet
  facet normal 0.000000 0.000000 -1.000000
    outer loop
      vertex 1.7889 38.1000 0.0000
      vertex 2.3000 38.1000 0.0000
      vertex 2.3000 17.7000 0.0000
    endloop
  endfacet
  facet normal 0.000000 0.000000 -1.000000
    outer loop
      vertex 1.7889 38.1000 0.0000
      vertex 2.3000 58.5000 0.0000
      vertex 2.3000 38.1000 0.0000
    endloop
  endfacet
  facet normal 0.000000 0.000000 -1.000000
    outer loop
      vertex 1.7889 38.1000 0.0000
      vertex 2.3000 73.9000 0.0000
      vertex 2.3000 58.5000 0.0000
    endloop
  endfacet
  facet normal 0.000000 0.000000 -1.000000
    outer loop
      vertex 1.7889 38.1000 0.0000
      vertex 2.3000 76.2000 0.0000
      vertex 2.3000 73.9000 0.0000
    endloop
  endfacet
  facet normal 0.000000 0.000000 -1.000000
    outer loop
      vertex 1.7889 38.1000 0.0000
      vertex 0.0000 76.2000 0.0000
      vertex 2.3000 76.2000 0.0000
    endloop
  endfacet
  facet normal -0.000000 0.000000 -1.000000
    outer loop
      vertex 1.7889 38.1000 0.0000
      vertex 0.0000 0.0000 0.0000
      vertex 0.0000 76.2000 0.0000
    endloop
  endfacet
  facet normal 0.000000 -0.000000 -1.000000
    outer loop
      vertex 10.0000 1.1500 0.0000
      vertex 17.7000 0.0000 0.0000
      vertex 2.3000 0.0000 0.0000
    endloop
  endfacet
  facet normal 0.000000 0.000000 -1.000000
    outer loop
      vertex 10.0000 1.1500 0.0000
      vertex 17.7000 2.3000 0.0000
      vertex 17.7000 0.0000 0.0000
    endloop
  endfacet
  facet normal 0.000000 0.000000 -1.000000
    outer loop
      vertex 10.0000 1.1500 0.0000
      vertex 2.3000 2.3000 0.0000
      vertex 17.7000 2.3000 0.0000
    endloop
  endfacet
  facet normal -0.000000 0.000000 -1.000000
    outer loop
      vertex 10.0000 1.1500 0.0000
      vertex 2.3000 0.0000 0.0000
      vertex 2.3000 2.3000 0.0000
    endloop
  endfacet
  facet normal 0.000000 -0.000000 -1.000000
    outer loop
      vertex 6.2257 5.0812 0.0000
      vertex 6.9000 4.6306 0.0000
      vertex 2.3000 2.3000 0.0000
    endloop
  endfacet
  facet normal 0.000000 -0.000000 -1.000000
    outer loop
      vertex 6.9000 4.6306 0.0000
      vertex 7.6274 4.2719 0.0000
      vertex 2.3000 2.3000 0.0000
    endloop
  endfacet
  facet normal 0.000000 -0.000000 -1.000000
    outer loop
      vertex 7.6274 4.2719 0.0000
      vertex 8.3953 4.0113 0.0000
      vertex 2.3000 2.3000 0.0000
    endloop
  endfacet
  facet normal 0.000000 -0.000000 -1.000000
    outer loop
      vertex 8.3953 4.0113 0.0000
      vertex 9.1907 3.8530 0.0000
      vertex 2.3000 2.3000 0.0000
    endloop
  endfacet
  facet normal 0.000000 -0.000000 -1.000000
    outer loop
      vertex 9.1907 3.8530 0.0000
      vertex 10.0000 3.8000 0.0000
      vertex 2.3000 2.3000 0.0000
    endloop
  endfacet
  facet normal 0.000000 -0.000000 -1.000000
    outer loop
      vertex 10.0000 3.8000 0.0000
      vertex 10.8093 3.8530 0.0000
      vertex 2.3000 2.3000 0.0000
    endloop
  endfacet
  facet normal 0.000000 -0.000000 1.000000
    outer loop
      vertex 10.8093 3.8530 0.0000
      vertex 11.6047 4.0113 0.0000
      vertex 2.3000 2.3000 0.0000
    endloop
  endfacet
  facet normal 0.000000 -0.000000 1.000000
    outer loop
      vertex 11.6047 4.0113 0.0000
      vertex 12.3726 4.2719 0.0000
      vertex 2.3000 2.3000 0.0000
    endloop
  endfacet
  facet normal 0.000000 -0.000000 1.000000
    outer loop
      vertex 12.3726 4.2719 0.0000
      vertex 13.1000 4.6306 0.0000
      vertex 2.3000 2.3000 0.0000
    endloop
  endfacet
  facet normal 0.000000 -0.000000 1.000000
    outer loop
      vertex 13.1000 4.6306 0.0000
      vertex 13.7743 5.0812 0.0000
      vertex 2.3000 2.3000 0.0000
    endloop
  endfacet
  facet normal 0.000000 -0.000000 1.000000
    outer loop
      vertex 13.7743 5.0812 0.0000
      vertex 14.3841 5.6159 0.0000
      vertex 2.3000 2.3000 0.0000
    endloop
  endfacet
  facet normal 0.000000 -0.000000 -1.000000
    outer loop
      vertex 14.3841 5.6159 0.0000
      vertex 17.7000 2.3000 0.0000
      vertex 2.3000 2.3000 0.0000
    endloop
  endfacet
  facet normal 0.000000 0.000000 -1.000000
    outer loop
      vertex 14.3841 5.6159 0.0000
      vertex 14.9188 6.2257 0.0000
      vertex 17.7000 2.3000 0.0000
    endloop
  endfacet
  facet normal 0.000000 0.000000 -1.000000
    outer loop
      vertex 14.9188 6.2257 0.0000
      vertex 15.3694 6.9000 0.0000
      vertex 17.7000 2.3000 0.0000
    endloop
  endfacet
  facet normal 0.000000 0.000000 -1.000000
    outer loop
      vertex 15.3694 6.9000 0.0000
      vertex 15.7281 7.6274 0.0000
      vertex 17.7000 2.3000 0.0000
    endloop
  endfacet
  facet normal 0.000000 0.000000 -1.000000
    outer loop
      vertex 15.7281 7.6274 0.0000
      vertex 15.9887 8.3953 0.0000
      vertex 17.7000 2.3000 0.0000
    endloop
  endfacet
  facet normal 0.000000 0.000000 -1.000000
    outer loop
      vertex 15.9887 8.3953 0.0000
      vertex 16.1470 9.1907 0.0000
      vertex 17.7000 2.3000 0.0000
    endloop
  endfacet
  facet normal 0.000000 0.000000 -1.000000
    outer loop
      vertex 16.1470 9.1907 0.0000
      vertex 16.2000 10.0000 0.0000
      vertex 17.7000 2.3000 0.0000
    endloop
  endfacet
  facet normal 0.000000 0.000000 -1.000000
    outer loop
      vertex 16.2000 10.0000 0.0000
      vertex 16.1470 10.8093 0.0000
      vertex 17.7000 2.3000 0.0000
    endloop
  endfacet
  facet normal 0.000000 0.000000 1.000000
    outer loop
      vertex 16.1470 10.8093 0.0000
      vertex 15.9887 11.6047 0.0000
      vertex 17.7000 2.3000 0.0000
    endloop
  endfacet
  facet normal 0.000000 0.000000 1.000000
    outer loop
      vertex 15.9887 11.6047 0.0000
      vertex 15.7281 12.3726 0.0000
      vertex 17.7000 2.3000 0.0000
    endloop
  endfacet
  facet normal 0.000000 0.000000 1.000000
    outer loop
      vertex 15.7281 12.3726 0.0000
      vertex 15.3694 13.1000 0.0000
      vertex 17.7000 2.3000 0.0000
    endloop
  endfacet
  facet normal 0.000000 0.000000 1.000000
    outer loop
      vertex 15.3694 13.1000 0.0000
      vertex 14.9188 13.7743 0.0000
      vertex 17.7000 2.3000 0.0000
    endloop
  endfacet
  facet normal 0.000000 0.000000 -1.000000
    outer loop
      vertex 14.9188 13.7743 0.0000
      vertex 17.7000 17.7000 0.0000
      vertex 17.7000 2.3000 0.0000
    endloop
  endfacet
  facet normal 0.000000 0.000000 -1.000000
    outer loop
      vertex 14.9188 13.7743 0.0000
      vertex 14.3841 14.3841 0.0000
      vertex 17.7000 17.7000 0.0000
    endloop
  endfacet
  facet normal 0.000000 0.000000 -1.000000
    outer loop
      vertex 14.3841 14.3841 0.0000
      vertex 13.7743 14.9188 0.0000
      vertex 17.7000 17.7000 0.0000
    endloop
  endfacet
  facet normal 0.000000 0.000000 -1.000000
    outer loop
      vertex 13.7743 14.9188 0.0000
      vertex 13.1000 15.3694 0.0000
      vertex 17.7000 17.7000 0.0000
    endloop
  endfacet
  facet normal 0.000000 0.000000 -1.000000
    outer loop
      vertex 13.1000 15.3694 0.0000
      vertex 12.3726 15.7281 0.0000
      vertex 17.7000 17.7000 0.0000
    endloop
  endfacet
  facet normal 0.000000 0.000000 -1.000000
    outer loop
      vertex 12.3726 15.7281 0.0000
      vertex 11.6047 15.9887 0.0000
      vertex 17.7000 17.7000 0.0000
    endloop
  endfacet
  facet normal 0.000000 0.000000 -1.000000
    outer loop
      vertex 11.6047 15.9887 0.0000
      vertex 10.8093 16.1470 0.0000
      vertex 17.7000 17.7000 0.0000
    endloop
  endfacet
  facet normal 0.000000 0.000000 -1.000000
    outer loop
      vertex 10.8093 16.1470 0.0000
      vertex 10.0000 16.2000 0.0000
      vertex 17.7000 17.7000 0.0000
    endloop
  endfacet
  facet normal -0.000000 0.000000 -1.000000
    outer loop
      vertex 10.0000 16.2000 0.0000
      vertex 9.1907 16.1470 0.0000
      vertex 17.7000 17.7000 0.0000
    endloop
  endfacet
  facet normal -0.000000 0.000000 1.000000
    outer loop
      vertex 9.1907 16.1470 0.0000
      vertex 8.3953 15.9887 0.0000
      vertex 17.7000 17.7000 0.0000
    endloop
  endfacet
  facet normal -0.000000 0.000000 1.000000
    outer loop
      vertex 8.3953 15.9887 0.0000
      vertex 7.6274 15.7281 0.0000
      vertex 17.7000 17.7000 0.0000
    endloop
  endfacet
  facet normal -0.000000 0.000000 1.000000
    outer loop
      vertex 7.6274 15.7281 0.0000
      vertex 6.9000 15.3694 0.0000
      vertex 17.7000 17.7000 0.0000
    endloop
  endfacet
  facet normal -0.000000 0.000000 1.000000
    outer loop
      vertex 6.9000 15.3694 0.0000
      vertex 6.2257 14.9188 0.0000
      vertex 17.7000 17.7000 0.0000
    endloop
  endfacet
  facet normal 0.000000 0.000000 -1.000000
    outer loop
      vertex 6.2257 14.9188 0.0000
      vertex 2.3000 17.7000 0.0000
      vertex 17.7000 17.7000 0.0000
    endloop
  endfacet
  facet normal -0.000000 0.000000 -1.000000
    outer loop
      vertex 6.2257 14.9188 0.0000
      vertex 5.6159 14.3841 0.0000
      vertex 2.3000 17.7000 0.0000
    endloop
  endfacet
  facet normal -0.000000 0.000000 -1.000000
    outer loop
      vertex 5.6159 14.3841 0.0000
      vertex 5.0812 13.7743 0.0000
      vertex 2.3000 17.7000 0.0000
    endloop
  endfacet
  facet normal -0.000000 0.000000 -1.000000
    outer loop
      vertex 5.0812 13.7743 0.0000
      vertex 4.6306 13.1000 0.0000
      vertex 2.3000 17.7000 0.0000
    endloop
  endfacet
  facet normal -0.000000 0.000000 -1.000000
    outer loop
      vertex 4.6306 13.1000 0.0000
      vertex 4.2719 12.3726 0.0000
      vertex 2.3000 17.7000 0.0000
    endloop
  endfacet
  facet normal -0.000000 0.000000 -1.000000
    outer loop
      vertex 4.2719 12.3726 0.0000
      vertex 4.0113 11.6047 0.0000
      vertex 2.3000 17.7000 0.0000
    endloop
  endfacet
  facet normal -0.000000 0.000000 -1.000000
    outer loop
      vertex 4.0113 11.6047 0.0000
      vertex 3.8530 10.8093 0.0000
      vertex 2.3000 17.7000 0.0000
    endloop
  endfacet
  facet normal -0.000000 0.000000 -1.000000
    outer loop
      vertex 3.8530 10.8093 0.0000
      vertex 3.8000 10.0000 0.0000
      vertex 2.3000 17.7000 0.0000
    endloop
  endfacet
  facet normal -0.000000 -0.000000 -1.000000
    outer loop
      vertex 3.8000 10.0000 0.0000
      vertex 3.8530 9.1907 0.0000
      vertex 2.3000 17.7000 0.0000
    endloop
  endfacet
  facet normal -0.000000 -0.000000 1.000000
    outer loop
      vertex 3.8530 9.1907 0.0000
      vertex 4.0113 8.3953 0.0000
      vertex 2.3000 17.7000 0.0000
    endloop
  endfacet
  facet normal -0.000000 -0.000000 1.000000
    outer loop
      vertex 4.0113 8.3953 0.0000
      vertex 4.2719 7.6274 0.0000
      vertex 2.3000 17.7000 0.0000
    endloop
  endfacet
  facet normal -0.000000 -0.000000 1.000000
    outer loop
      vertex 4.2719 7.6274 0.0000
      vertex 4.6306 6.9000 0.0000
      vertex 2.3000 17.7000 0.0000
    endloop
  endfacet
  facet normal -0.000000 -0.000000 1.000000
    outer loop
      vertex 4.6306 6.9000 0.0000
      vertex 5.0812 6.2257 0.0000
      vertex 2.3000 17.7000 0.0000
    endloop
  endfacet
  facet normal -0.000000 -0.000000 1.000000
    outer loop
      vertex 5.0812 6.2257 0.0000
      vertex 5.6159 5.6159 0.0000
      vertex 2.3000 17.7000 0.0000
    endloop
  endfacet
  facet normal -0.000000 0.000000 -1.000000
    outer loop
      vertex 5.6159 5.6159 0.0000
      vertex 2.3000 2.3000 0.0000
      vertex 2.3000 17.7000 0.0000
    endloop
  endfacet
  facet normal 0.000000 -0.000000 -1.000000
    outer loop
      vertex 5.6159 5.6159 0.0000
      vertex 6.2257 5.0812 0.0000
      vertex 2.3000 2.3000 0.0000
    endloop
  endfacet
  facet normal 0.000000 -0.000000 -1.000000
    outer loop
      vertex 10.0000 27.9000 0.0000
      vertex 17.7000 17.7000 0.0000
      vertex 2.3000 17.7000 0.0000
    endloop
  endfacet
  facet normal 0.000000 0.000000 -1.000000
    outer loop
      vertex 10.0000 27.9000 0.0000
      vertex 17.7000 38.1000 0.0000
      vertex 17.7000 17.7000 0.0000
    endloop
  endfacet
  facet normal 0.000000 0.000000 -1.000000
    outer loop
      vertex 10.0000 27.9000 0.0000
      vertex 2.3000 38.1000 0.0000
      vertex 17.7000 38.1000 0.0000
    endloop
  endfacet
  facet normal -0.000000 0.000000 -1.000000
    outer loop
      vertex 10.0000 27.9000 0.0000
      vertex 2.3000 17.7000 0.0000
      vertex 2.3000 38.1000 0.0000
    endloop
  endfacet
  facet normal 0.000000 -0.000000 -1.000000
    outer loop
      vertex 10.0000 48.3000 0.0000
      vertex 17.7000 38.1000 0.0000
      vertex 2.3000 38.1000 0.0000
    endloop
  endfacet
  facet normal 0.000000 0.000000 -1.000000
    outer loop
      vertex 10.0000 48.3000 0.0000
      vertex 17.7000 58.5000 0.0000
      vertex 17.7000 38.1000 0.0000
    endloop
  endfacet
  facet normal 0.000000 0.000000 -1.000000
    outer loop
      vertex 10.0000 48.3000 0.0000
      vertex 2.3000 58.5000 0.0000
      vertex 17.7000 58.5000 0.0000
    endloop
  endfacet
  facet normal -0.000000 0.000000 -1.000000
    outer loop
      vertex 10.0000 48.3000 0.0000
      vertex 2.3000 38.1000 0.0000
      vertex 2.3000 58.5000 0.0000
    endloop
  endfacet
  facet normal 0.000000 -0.000000 -1.000000
    outer loop
      vertex 6.2257 61.2812 0.0000
      vertex 6.9000 60.8306 0.0000
      vertex 2.3000 58.5000 0.0000
    endloop
  endfacet
  facet normal 0.000000 -0.000000 -1.000000
    outer loop
      vertex 6.9000 60.8306 0.0000
      vertex 7.6274 60.4719 0.0000
      vertex 2.3000 58.5000 0.0000
    endloop
  endfacet
  facet normal 0.000000 -0.000000 -1.000000
    outer loop
      vertex 7.6274 60.4719 0.0000
      vertex 8.3953 60.2113 0.0000
      vertex 2.3000 58.5000 0.0000
    endloop
  endfacet
  facet normal 0.000000 -0.000000 -1.000000
    outer loop
      vertex 8.3953 60.2113 0.0000
      vertex 9.1907 60.0530 0.0000
      vertex 2.3000 58.5000 0.0000
    endloop
  endfacet
  facet normal 0.000000 -0.000000 -1.000000
    outer loop
      vertex 9.1907 60.0530 0.0000
      vertex 10.0000 60.0000 0.0000
      vertex 2.3000 58.5000 0.0000
    endloop
  endfacet
  facet normal 0.000000 -0.000000 -1.000000
    outer loop
      vertex 10.0000 60.0000 0.0000
      vertex 10.8093 60.0530 0.0000
      vertex 2.3000 58.5000 0.0000
    endloop
  endfacet
  facet normal 0.000000 -0.000000 1.000000
    outer loop
      vertex 10.8093 60.0530 0.0000
      vertex 11.6047 60.2113 0.0000
      vertex 2.3000 58.5000 0.0000
    endloop
  endfacet
  facet normal 0.000000 -0.000000 1.000000
    outer loop
      vertex 11.6047 60.2113 0.0000
      vertex 12.3726 60.4719 0.0000
      vertex 2.3000 58.5000 0.0000
    endloop
  endfacet
  facet normal 0.000000 -0.000000 1.000000
    outer loop
      vertex 12.3726 60.4719 0.0000
      vertex 13.1000 60.8306 0.0000
      vertex 2.3000 58.5000 0.0000
    endloop
  endfacet
  facet normal 0.000000 -0.000000 1.000000
    outer loop
      vertex 13.1000 60.8306 0.0000
      vertex 13.7743 61.2812 0.0000
      vertex 2.3000 58.5000 0.0000
    endloop
  endfacet
  facet normal 0.000000 -0.000000 -1.000000
    outer loop
      vertex 13.7743 61.2812 0.0000
      vertex 17.7000 58.5000 0.0000
      vertex 2.3000 58.5000 0.0000
    endloop
  endfacet
  facet normal 0.000000 0.000000 -1.000000
    outer loop
      vertex 13.7743 61.2812 0.0000
      vertex 14.3841 61.8159 0.0000
      vertex 17.7000 58.5000 0.0000
    endloop
  endfacet
  facet normal 0.000000 0.000000 -1.000000
    outer loop
      vertex 14.3841 61.8159 0.0000
      vertex 14.9188 62.4257 0.0000
      vertex 17.7000 58.5000 0.0000
    endloop
  endfacet
  facet normal 0.000000 0.000000 -1.000000
    outer loop
      vertex 14.9188 62.4257 0.0000
      vertex 15.3694 63.1000 0.0000
      vertex 17.7000 58.5000 0.0000
    endloop
  endfacet
  facet normal 0.000000 0.000000 -1.000000
    outer loop
      vertex 15.3694 63.1000 0.0000
      vertex 15.7281 63.8274 0.0000
      vertex 17.7000 58.5000 0.0000
    endloop
  endfacet
  facet normal 0.000000 0.000000 -1.000000
    outer loop
      vertex 15.7281 63.8274 0.0000
      vertex 15.9887 64.5953 0.0000
      vertex 17.7000 58.5000 0.0000
    endloop
  endfacet
  facet normal 0.000000 0.000000 -1.000000
    outer loop
      vertex 15.9887 64.5953 0.0000
      vertex 16.1470 65.3907 0.0000
      vertex 17.7000 58.5000 0.0000
    endloop
  endfacet
  facet normal 0.000000 0.000000 -1.000000
    outer loop
      vertex 16.1470 65.3907 0.0000
      vertex 16.2000 66.2000 0.0000
      vertex 17.7000 58.5000 0.0000
    endloop
  endfacet
  facet normal 0.000000 0.000000 -1.000000
    outer loop
      vertex 16.2000 66.2000 0.0000
      vertex 16.1470 67.0093 0.0000
      vertex 17.7000 58.5000 0.0000
    endloop
  endfacet
  facet normal 0.000000 0.000000 1.000000
    outer loop
      vertex 16.1470 67.0093 0.0000
      vertex 15.9887 67.8047 0.0000
      vertex 17.7000 58.5000 0.0000
    endloop
  endfacet
  facet normal 0.000000 0.000000 1.000000
    outer loop
      vertex 15.9887 67.8047 0.0000
      vertex 15.7281 68.5726 0.0000
      vertex 17.7000 58.5000 0.0000
    endloop
  endfacet
  facet normal 0.000000 0.000000 1.000000
    outer loop
      vertex 15.7281 68.5726 0.0000
      vertex 15.3694 69.3000 0.0000
      vertex 17.7000 58.5000 0.0000
    endloop
  endfacet
  facet normal 0.000000 0.000000 1.000000
    outer loop
      vertex 15.3694 69.3000 0.0000
      vertex 14.9188 69.9743 0.0000
      vertex 17.7000 58.5000 0.0000
    endloop
  endfacet
  facet normal 0.000000 0.000000 -1.000000
    outer loop
      vertex 14.9188 69.9743 0.0000
      vertex 17.7000 73.9000 0.0000
      vertex 17.7000 58.5000 0.0000
    endloop
  endfacet
  facet normal 0.000000 0.000000 -1.000000
    outer loop
      vertex 14.9188 69.9743 0.0000
      vertex 14.3841 70.5841 0.0000
      vertex 17.7000 73.9000 0.0000
    endloop
  endfacet
  facet normal 0.000000 0.000000 -1.000000
    outer loop
      vertex 14.3841 70.5841 0.0000
      vertex 13.7743 71.1188 0.0000
      vertex 17.7000 73.9000 0.0000
    endloop
  endfacet
  facet normal 0.000000 0.000000 -1.000000
    outer loop
      vertex 13.7743 71.1188 0.0000
      vertex 13.1000 71.5694 0.0000
      vertex 17.7000 73.9000 0.0000
    endloop
  endfacet
  facet normal 0.000000 0.000000 -1.000000
    outer loop
      vertex 13.1000 71.5694 0.0000
      vertex 12.3726 71.9281 0.0000
      vertex 17.7000 73.9000 0.0000
    endloop
  endfacet
  facet normal 0.000000 0.000000 -1.000000
    outer loop
      vertex 12.3726 71.9281 0.0000
      vertex 11.6047 72.1887 0.0000
      vertex 17.7000 73.9000 0.0000
    endloop
  endfacet
  facet normal 0.000000 0.000000 -1.000000
    outer loop
      vertex 11.6047 72.1887 0.0000
      vertex 10.8093 72.3470 0.0000
      vertex 17.7000 73.9000 0.0000
    endloop
  endfacet
  facet normal 0.000000 0.000000 -1.000000
    outer loop
      vertex 10.8093 72.3470 0.0000
      vertex 10.0000 72.4000 0.0000
      vertex 17.7000 73.9000 0.0000
    endloop
  endfacet
  facet normal -0.000000 0.000000 -1.000000
    outer loop
      vertex 10.0000 72.4000 0.0000
      vertex 9.1907 72.3470 0.0000
      vertex 17.7000 73.9000 0.0000
    endloop
  endfacet
  facet normal -0.000000 0.000000 1.000000
    outer loop
      vertex 9.1907 72.3470 0.0000
      vertex 8.3953 72.1887 0.0000
      vertex 17.7000 73.9000 0.0000
    endloop
  endfacet
  facet normal -0.000000 0.000000 1.000000
    outer loop
      vertex 8.3953 72.1887 0.0000
      vertex 7.6274 71.9281 0.0000
      vertex 17.7000 73.9000 0.0000
    endloop
  endfacet
  facet normal -0.000000 0.000000 1.000000
    outer loop
      vertex 7.6274 71.9281 0.0000
      vertex 6.9000 71.5694 0.0000
      vertex 17.7000 73.9000 0.0000
    endloop
  endfacet
  facet normal -0.000000 0.000000 1.000000
    outer loop
      vertex 6.9000 71.5694 0.0000
      vertex 6.2257 71.1188 0.0000
      vertex 17.7000 73.9000 0.0000
    endloop
  endfacet
  facet normal 0.000000 0.000000 -1.000000
    outer loop
      vertex 6.2257 71.1188 0.0000
      vertex 2.3000 73.9000 0.0000
      vertex 17.7000 73.9000 0.0000
    endloop
  endfacet
  facet normal -0.000000 0.000000 -1.000000
    outer loop
      vertex 6.2257 71.1188 0.0000
      vertex 5.6159 70.5841 0.0000
      vertex 2.3000 73.9000 0.0000
    endloop
  endfacet
  facet normal -0.000000 0.000000 -1.000000
    outer loop
      vertex 5.6159 70.5841 0.0000
      vertex 5.0812 69.9743 0.0000
      vertex 2.3000 73.9000 0.0000
    endloop
  endfacet
  facet normal -0.000000 0.000000 -1.000000
    outer loop
      vertex 5.0812 69.9743 0.0000
      vertex 4.6306 69.3000 0.0000
      vertex 2.3000 73.9000 0.0000
    endloop
  endfacet
  facet normal -0.000000 0.000000 -1.000000
    outer loop
      vertex 4.6306 69.3000 0.0000
      vertex 4.2719 68.5726 0.0000
      vertex 2.3000 73.9000 0.0000
    endloop
  endfacet
  facet normal -0.000000 0.000000 -1.000000
    outer loop
      vertex 4.2719 68.5726 0.0000
      vertex 4.0113 67.8047 0.0000
      vertex 2.3000 73.9000 0.0000
    endloop
  endfacet
  facet normal -0.000000 0.000000 -1.000000
    outer loop
      vertex 4.0113 67.8047 0.0000
      vertex 3.8530 67.0093 0.0000
      vertex 2.3000 73.9000 0.0000
    endloop
  endfacet
  facet normal -0.000000 0.000000 -1.000000
    outer loop
      vertex 3.8530 67.0093 0.0000
      vertex 3.8000 66.2000 0.0000
      vertex 2.3000 73.9000 0.0000
    endloop
  endfacet
  facet normal -0.000000 -0.000000 -1.000000
    outer loop
      vertex 3.8000 66.2000 0.0000
      vertex 3.8530 65.3907 0.0000
      vertex 2.3000 73.9000 0.0000
    endloop
  endfacet
  facet normal -0.000000 -0.000000 1.000000
    outer loop
      vertex 3.8530 65.3907 0.0000
      vertex 4.0113 64.5953 0.0000
      vertex 2.3000 73.9000 0.0000
    endloop
  endfacet
  facet normal -0.000000 -0.000000 1.000000
    outer loop
      vertex 4.0113 64.5953 0.0000
      vertex 4.2719 63.8274 0.0000
      vertex 2.3000 73.9000 0.0000
    endloop
  endfacet
  facet normal -0.000000 -0.000000 1.000000
    outer loop
      vertex 4.2719 63.8274 0.0000
      vertex 4.6306 63.1000 0.0000
      vertex 2.3000 73.9000 0.0000
    endloop
  endfacet
  facet normal -0.000000 -0.000000 1.000000
    outer loop
      vertex 4.6306 63.1000 0.0000
      vertex 5.0812 62.4257 0.0000
      vertex 2.3000 73.9000 0.0000
    endloop
  endfacet
  facet normal -0.000000 0.000000 -1.000000
    outer loop
      vertex 5.0812 62.4257 0.0000
      vertex 2.3000 58.5000 0.0000
      vertex 2.3000 73.9000 0.0000
    endloop
  endfacet
  facet normal 0.000000 -0.000000 -1.000000
    outer loop
      vertex 5.0812 62.4257 0.0000
      vertex 5.6159 61.8159 0.0000
      vertex 2.3000 58.5000 0.0000
    endloop
  endfacet
  facet normal 0.000000 -0.000000 -1.000000
    outer loop
      vertex 5.6159 61.8159 0.0000
      vertex 6.2257 61.2812 0.0000
      vertex 2.3000 58.5000 0.0000
    endloop
  endfacet
  facet normal 0.000000 -0.000000 -1.000000
    outer loop
      vertex 10.0000 75.0500 0.0000
      vertex 17.7000 73.9000 0.0000
      vertex 2.3000 73.9000 0.0000
    endloop
  endfacet
  facet normal 0.000000 0.000000 -1.000000
    outer loop
      vertex 10.0000 75.0500 0.0000
      vertex 17.7000 76.2000 0.0000
      vertex 17.7000 73.9000 0.0000
    endloop
  endfacet
  facet normal 0.000000 0.000000 -1.000000
    outer loop
      vertex 10.0000 75.0500 0.0000
      vertex 2.3000 76.2000 0.0000
      vertex 17.7000 76.2000 0.0000
    endloop
  endfacet
  facet normal -0.000000 0.000000 -1.000000
    outer loop
      vertex 10.0000 75.0500 0.0000
      vertex 2.3000 73.9000 0.0000
      vertex 2.3000 76.2000 0.0000
    endloop
  endfacet
  facet normal 0.000000 -0.000000 -1.000000
    outer loop
      vertex 18.2111 38.1000 0.0000
      vertex 20.0000 0.0000 0.0000
      vertex 17.7000 0.0000 0.0000
    endloop
  endfacet
  facet normal 0.000000 0.000000 -1.000000
    outer loop
      vertex 18.2111 38.1000 0.0000
      vertex 20.0000 76.2000 0.0000
      vertex 20.0000 0.0000 0.0000
    endloop
  endfacet
  facet normal 0.000000 0.000000 -1.000000
    outer loop
      vertex 18.2111 38.1000 0.0000
      vertex 17.7000 76.2000 0.0000
      vertex 20.0000 76.2000 0.0000
    endloop
  endfacet
  facet normal 0.000000 0.000000 -1.000000
    outer loop
      vertex 18.2111 38.1000 0.0000
      vertex 17.7000 73.9000 0.0000
      vertex 17.7000 76.2000 0.0000
    endloop
  endfacet
  facet normal 0.000000 0.000000 -1.000000
    outer loop
      vertex 18.2111 38.1000 0.0000
      vertex 17.7000 58.5000 0.0000
      vertex 17.7000 73.9000 0.0000
    endloop
  endfacet
  facet normal 0.000000 0.000000 -1.000000
    outer loop
      vertex 18.2111 38.1000 0.0000
      vertex 17.7000 38.1000 0.0000
      vertex 17.7000 58.5000 0.0000
    endloop
  endfacet
  facet normal -0.000000 0.000000 -1.000000
    outer loop
      vertex 18.2111 38.1000 0.0000
      vertex 17.7000 17.7000 0.0000
      vertex 17.7000 38.1000 0.0000
    endloop
  endfacet
  facet normal 0.000000 0.000000 -1.000000
    outer loop
      vertex 18.2111 38.1000 0.0000
      vertex 17.7000 2.3000 0.0000
      vertex 17.7000 17.7000 0.0000
    endloop
  endfacet
  facet normal 0.000000 0.000000 -1.000000
    outer loop
      vertex 18.2111 38.1000 0.0000
      vertex 17.7000 0.0000 0.0000
      vertex 17.7000 2.3000 0.0000
    endloop
  endfacet
  facet normal -0.751840 -0.659346 -0.000000
    outer loop
      vertex 14.3841 70.5841 0.8000
      vertex 14.3841 70.5841 0.0000
      vertex 14.9188 69.9743 0.0000
    endloop
  endfacet
  facet normal -0.751840 -0.659346 0.000000
    outer loop
      vertex 14.3841 70.5841 0.8000
      vertex 14.9188 69.9743 0.0000
      vertex 14.9188 69.9743 0.8000
    endloop
  endfacet
  facet normal -0.831470 0.555570 0.000000
    outer loop
      vertex 15.3694 63.1000 0.8000
      vertex 15.3694 63.1000 0.0000
      vertex 14.9188 62.4257 0.0000
    endloop
  endfacet
  facet normal -0.831470 0.555570 0.000000
    outer loop
      vertex 15.3694 63.1000 0.8000
      vertex 14.9188 62.4257 0.0000
      vertex 14.9188 62.4257 0.8000
    endloop
  endfacet
  facet normal -0.659346 0.751840 0.000000
    outer loop
      vertex 14.3841 61.8159 0.8000
      vertex 14.3841 61.8159 0.0000
      vertex 13.7743 61.2812 0.0000
    endloop
  endfacet
  facet normal -0.659346 0.751840 0.000000
    outer loop
      vertex 14.3841 61.8159 0.8000
      vertex 13.7743 61.2812 0.0000
      vertex 13.7743 61.2812 0.8000
    endloop
  endfacet
  facet normal 0.000000 1.000000 0.000000
    outer loop
      vertex 2.3000 76.2000 0.8000
      vertex 2.3000 76.2000 0.0000
      vertex 0.0000 76.2000 0.0000
    endloop
  endfacet
  facet normal 0.000000 1.000000 0.000000
    outer loop
      vertex 2.3000 76.2000 0.8000
      vertex 0.0000 76.2000 0.0000
      vertex 0.0000 76.2000 0.8000
    endloop
  endfacet
  facet normal -0.195090 -0.980785 -0.000000
    outer loop
      vertex 10.8093 72.3470 0.8000
      vertex 10.8093 72.3470 0.0000
      vertex 11.6047 72.1887 0.0000
    endloop
  endfacet
  facet normal -0.195090 -0.980785 0.000000
    outer loop
      vertex 10.8093 72.3470 0.8000
      vertex 11.6047 72.1887 0.0000
      vertex 11.6047 72.1887 0.8000
    endloop
  endfacet
  facet normal -0.442289 0.896873 0.000000
    outer loop
      vertex 13.1000 60.8306 0.8000
      vertex 13.1000 60.8306 0.0000
      vertex 12.3726 60.4719 0.0000
    endloop
  endfacet
  facet normal -0.442289 0.896873 0.000000
    outer loop
      vertex 13.1000 60.8306 0.8000
      vertex 12.3726 60.4719 0.0000
      vertex 12.3726 60.4719 0.8000
    endloop
  endfacet
  facet normal 0.659346 -0.751840 0.000000
    outer loop
      vertex 5.6159 14.3841 0.8000
      vertex 5.6159 14.3841 0.0000
      vertex 6.2257 14.9188 0.0000
    endloop
  endfacet
  facet normal 0.659346 -0.751840 0.000000
    outer loop
      vertex 5.6159 14.3841 0.8000
      vertex 6.2257 14.9188 0.0000
      vertex 6.2257 14.9188 0.8000
    endloop
  endfacet
  facet normal 0.195090 -0.980785 0.000000
    outer loop
      vertex 8.3953 15.9887 0.8000
      vertex 8.3953 15.9887 0.0000
      vertex 9.1907 16.1470 0.0000
    endloop
  endfacet
  facet normal 0.195090 -0.980785 0.000000
    outer loop
      vertex 8.3953 15.9887 0.8000
      vertex 9.1907 16.1470 0.0000
      vertex 9.1907 16.1470 0.8000
    endloop
  endfacet
  facet normal 0.195090 0.980785 0.000000
    outer loop
      vertex 9.1907 3.8530 0.8000
      vertex 9.1907 3.8530 0.0000
      vertex 8.3953 4.0113 0.0000
    endloop
  endfacet
  facet normal 0.195090 0.980785 0.000000
    outer loop
      vertex 9.1907 3.8530 0.8000
      vertex 8.3953 4.0113 0.0000
      vertex 8.3953 4.0113 0.8000
    endloop
  endfacet
  facet normal 0.980785 -0.195090 0.000000
    outer loop
      vertex 3.8530 10.8093 0.8000
      vertex 3.8530 10.8093 0.0000
      vertex 4.0113 11.6047 0.0000
    endloop
  endfacet
  facet normal 0.980785 -0.195090 0.000000
    outer loop
      vertex 3.8530 10.8093 0.8000
      vertex 4.0113 11.6047 0.0000
      vertex 4.0113 11.6047 0.8000
    endloop
  endfacet
  facet normal 0.065403 0.997859 0.000000
    outer loop
      vertex 10.0000 3.8000 0.8000
      vertex 10.0000 3.8000 0.0000
      vertex 9.1907 3.8530 0.0000
    endloop
  endfacet
  facet normal 0.065403 0.997859 0.000000
    outer loop
      vertex 10.0000 3.8000 0.8000
      vertex 9.1907 3.8530 0.0000
      vertex 9.1907 3.8530 0.8000
    endloop
  endfacet
  facet normal 0.980785 0.195090 0.000000
    outer loop
      vertex 4.0113 64.5953 0.8000
      vertex 4.0113 64.5953 0.0000
      vertex 3.8530 65.3907 0.0000
    endloop
  endfacet
  facet normal 0.980785 0.195090 0.000000
    outer loop
      vertex 4.0113 64.5953 0.8000
      vertex 3.8530 65.3907 0.0000
      vertex 3.8530 65.3907 0.8000
    endloop
  endfacet
  facet normal 0.997859 0.065403 0.000000
    outer loop
      vertex 3.8530 9.1907 0.8000
      vertex 3.8530 9.1907 0.0000
      vertex 3.8000 10.0000 0.0000
    endloop
  endfacet
  facet normal 0.997859 0.065403 0.000000
    outer loop
      vertex 3.8530 9.1907 0.8000
      vertex 3.8000 10.0000 0.0000
      vertex 3.8000 10.0000 0.8000
    endloop
  endfacet
  facet normal -0.065403 0.997859 0.000000
    outer loop
      vertex 10.8093 60.0530 0.8000
      vertex 10.8093 60.0530 0.0000
      vertex 10.0000 60.0000 0.0000
    endloop
  endfacet
  facet normal -0.065403 0.997859 0.000000
    outer loop
      vertex 10.8093 60.0530 0.8000
      vertex 10.0000 60.0000 0.0000
      vertex 10.0000 60.0000 0.8000
    endloop
  endfacet
  facet normal -0.555570 0.831470 0.000000
    outer loop
      vertex 13.7743 61.2812 0.8000
      vertex 13.7743 61.2812 0.0000
      vertex 13.1000 60.8306 0.0000
    endloop
  endfacet
  facet normal -0.555570 0.831470 0.000000
    outer loop
      vertex 13.7743 61.2812 0.8000
      vertex 13.1000 60.8306 0.0000
      vertex 13.1000 60.8306 0.8000
    endloop
  endfacet
  facet normal 0.659346 0.751840 0.000000
    outer loop
      vertex 6.2257 61.2812 0.8000
      vertex 6.2257 61.2812 0.0000
      vertex 5.6159 61.8159 0.0000
    endloop
  endfacet
  facet normal 0.659346 0.751840 0.000000
    outer loop
      vertex 6.2257 61.2812 0.8000
      vertex 5.6159 61.8159 0.0000
      vertex 5.6159 61.8159 0.8000
    endloop
  endfacet
  facet normal 0.896873 0.442289 0.000000
    outer loop
      vertex 4.6306 63.1000 0.8000
      vertex 4.6306 63.1000 0.0000
      vertex 4.2719 63.8274 0.0000
    endloop
  endfacet
  facet normal 0.896873 0.442289 0.000000
    outer loop
      vertex 4.6306 63.1000 0.8000
      vertex 4.2719 63.8274 0.0000
      vertex 4.2719 63.8274 0.8000
    endloop
  endfacet
  facet normal -0.442289 -0.896873 -0.000000
    outer loop
      vertex 12.3726 71.9281 0.8000
      vertex 12.3726 71.9281 0.0000
      vertex 13.1000 71.5694 0.0000
    endloop
  endfacet
  facet normal -0.442289 -0.896873 0.000000
    outer loop
      vertex 12.3726 71.9281 0.8000
      vertex 13.1000 71.5694 0.0000
      vertex 13.1000 71.5694 0.8000
    endloop
  endfacet
  facet normal 0.321439 0.946930 0.000000
    outer loop
      vertex 8.3953 60.2113 0.8000
      vertex 8.3953 60.2113 0.0000
      vertex 7.6274 60.4719 0.0000
    endloop
  endfacet
  facet normal 0.321439 0.946930 0.000000
    outer loop
      vertex 8.3953 60.2113 0.8000
      vertex 7.6274 60.4719 0.0000
      vertex 7.6274 60.4719 0.8000
    endloop
  endfacet
  facet normal 0.946930 0.321439 0.000000
    outer loop
      vertex 4.2719 63.8274 0.8000
      vertex 4.2719 63.8274 0.0000
      vertex 4.0113 64.5953 0.0000
    endloop
  endfacet
  facet normal 0.946930 0.321439 0.000000
    outer loop
      vertex 4.2719 63.8274 0.8000
      vertex 4.0113 64.5953 0.0000
      vertex 4.0113 64.5953 0.8000
    endloop
  endfacet
  facet normal 0.751840 0.659346 0.000000
    outer loop
      vertex 5.6159 61.8159 0.8000
      vertex 5.6159 61.8159 0.0000
      vertex 5.0812 62.4257 0.0000
    endloop
  endfacet
  facet normal 0.751840 0.659346 0.000000
    outer loop
      vertex 5.6159 61.8159 0.8000
      vertex 5.0812 62.4257 0.0000
      vertex 5.0812 62.4257 0.8000
    endloop
  endfacet
  facet normal 0.831470 0.555570 0.000000
    outer loop
      vertex 5.0812 62.4257 0.8000
      vertex 5.0812 62.4257 0.0000
      vertex 4.6306 63.1000 0.0000
    endloop
  endfacet
  facet normal 0.831470 0.555570 0.000000
    outer loop
      vertex 5.0812 62.4257 0.8000
      vertex 4.6306 63.1000 0.0000
      vertex 4.6306 63.1000 0.8000
    endloop
  endfacet
  facet normal 0.831470 0.555570 0.000000
    outer loop
      vertex 5.0812 6.2257 0.8000
      vertex 5.0812 6.2257 0.0000
      vertex 4.6306 6.9000 0.0000
    endloop
  endfacet
  facet normal 0.831470 0.555570 0.000000
    outer loop
      vertex 5.0812 6.2257 0.8000
      vertex 4.6306 6.9000 0.0000
      vertex 4.6306 6.9000 0.8000
    endloop
  endfacet
  facet normal 0.980785 -0.195090 0.000000
    outer loop
      vertex 3.8530 67.0093 0.8000
      vertex 3.8530 67.0093 0.0000
      vertex 4.0113 67.8047 0.0000
    endloop
  endfacet
  facet normal 0.980785 -0.195090 0.000000
    outer loop
      vertex 3.8530 67.0093 0.8000
      vertex 4.0113 67.8047 0.0000
      vertex 4.0113 67.8047 0.8000
    endloop
  endfacet
  facet normal 0.555570 -0.831470 0.000000
    outer loop
      vertex 6.2257 14.9188 0.8000
      vertex 6.2257 14.9188 0.0000
      vertex 6.9000 15.3694 0.0000
    endloop
  endfacet
  facet normal 0.555570 -0.831470 0.000000
    outer loop
      vertex 6.2257 14.9188 0.8000
      vertex 6.9000 15.3694 0.0000
      vertex 6.9000 15.3694 0.8000
    endloop
  endfacet
  facet normal 0.946930 -0.321439 0.000000
    outer loop
      vertex 4.0113 67.8047 0.8000
      vertex 4.0113 67.8047 0.0000
      vertex 4.2719 68.5726 0.0000
    endloop
  endfacet
  facet normal 0.946930 -0.321439 0.000000
    outer loop
      vertex 4.0113 67.8047 0.8000
      vertex 4.2719 68.5726 0.0000
      vertex 4.2719 68.5726 0.8000
    endloop
  endfacet
  facet normal -0.946930 0.321439 0.000000
    outer loop
      vertex 15.9887 64.5953 0.8000
      vertex 15.9887 64.5953 0.0000
      vertex 15.7281 63.8274 0.0000
    endloop
  endfacet
  facet normal -0.946930 0.321439 0.000000
    outer loop
      vertex 15.9887 64.5953 0.8000
      vertex 15.7281 63.8274 0.0000
      vertex 15.7281 63.8274 0.8000
    endloop
  endfacet
  facet normal 0.065403 -0.997859 0.000000
    outer loop
      vertex 9.1907 72.3470 0.8000
      vertex 9.1907 72.3470 0.0000
      vertex 10.0000 72.4000 0.0000
    endloop
  endfacet
  facet normal 0.065403 -0.997859 0.000000
    outer loop
      vertex 9.1907 72.3470 0.8000
      vertex 10.0000 72.4000 0.0000
      vertex 10.0000 72.4000 0.8000
    endloop
  endfacet
  facet normal 0.442289 -0.896873 0.000000
    outer loop
      vertex 6.9000 71.5694 0.8000
      vertex 6.9000 71.5694 0.0000
      vertex 7.6274 71.9281 0.0000
    endloop
  endfacet
  facet normal 0.442289 -0.896873 0.000000
    outer loop
      vertex 6.9000 71.5694 0.8000
      vertex 7.6274 71.9281 0.0000
      vertex 7.6274 71.9281 0.8000
    endloop
  endfacet
  facet normal 0.896873 -0.442289 0.000000
    outer loop
      vertex 4.2719 68.5726 0.8000
      vertex 4.2719 68.5726 0.0000
      vertex 4.6306 69.3000 0.0000
    endloop
  endfacet
  facet normal 0.896873 -0.442289 0.000000
    outer loop
      vertex 4.2719 68.5726 0.8000
      vertex 4.6306 69.3000 0.0000
      vertex 4.6306 69.3000 0.8000
    endloop
  endfacet
  facet normal 0.000000 -1.000000 0.000000
    outer loop
      vertex 0.0000 0.0000 0.8000
      vertex 0.0000 0.0000 0.0000
      vertex 2.3000 0.0000 0.0000
    endloop
  endfacet
  facet normal 0.000000 -1.000000 0.000000
    outer loop
      vertex 0.0000 0.0000 0.8000
      vertex 2.3000 0.0000 0.0000
      vertex 2.3000 0.0000 0.8000
    endloop
  endfacet
  facet normal -0.751840 0.659346 0.000000
    outer loop
      vertex 14.9188 6.2257 0.8000
      vertex 14.9188 6.2257 0.0000
      vertex 14.3841 5.6159 0.0000
    endloop
  endfacet
  facet normal -0.751840 0.659346 0.000000
    outer loop
      vertex 14.9188 6.2257 0.8000
      vertex 14.3841 5.6159 0.0000
      vertex 14.3841 5.6159 0.8000
    endloop
  endfacet
  facet normal 0.065403 0.997859 0.000000
    outer loop
      vertex 10.0000 60.0000 0.8000
      vertex 10.0000 60.0000 0.0000
      vertex 9.1907 60.0530 0.0000
    endloop
  endfacet
  facet normal 0.065403 0.997859 0.000000
    outer loop
      vertex 10.0000 60.0000 0.8000
      vertex 9.1907 60.0530 0.0000
      vertex 9.1907 60.0530 0.8000
    endloop
  endfacet
  facet normal -0.195090 0.980785 0.000000
    outer loop
      vertex 11.6047 4.0113 0.8000
      vertex 11.6047 4.0113 0.0000
      vertex 10.8093 3.8530 0.0000
    endloop
  endfacet
  facet normal -0.195090 0.980785 0.000000
    outer loop
      vertex 11.6047 4.0113 0.8000
      vertex 10.8093 3.8530 0.0000
      vertex 10.8093 3.8530 0.8000
    endloop
  endfacet
  facet normal -0.980785 0.195090 0.000000
    outer loop
      vertex 16.1470 65.3907 0.8000
      vertex 16.1470 65.3907 0.0000
      vertex 15.9887 64.5953 0.0000
    endloop
  endfacet
  facet normal -0.980785 0.195090 0.000000
    outer loop
      vertex 16.1470 65.3907 0.8000
      vertex 15.9887 64.5953 0.0000
      vertex 15.9887 64.5953 0.8000
    endloop
  endfacet
  facet normal 0.980785 0.195090 0.000000
    outer loop
      vertex 4.0113 8.3953 0.8000
      vertex 4.0113 8.3953 0.0000
      vertex 3.8530 9.1907 0.0000
    endloop
  endfacet
  facet normal 0.980785 0.195090 0.000000
    outer loop
      vertex 4.0113 8.3953 0.8000
      vertex 3.8530 9.1907 0.0000
      vertex 3.8530 9.1907 0.8000
    endloop
  endfacet
  facet normal 0.896873 -0.442289 0.000000
    outer loop
      vertex 4.2719 12.3726 0.8000
      vertex 4.2719 12.3726 0.0000
      vertex 4.6306 13.1000 0.0000
    endloop
  endfacet
  facet normal 0.896873 -0.442289 0.000000
    outer loop
      vertex 4.2719 12.3726 0.8000
      vertex 4.6306 13.1000 0.0000
      vertex 4.6306 13.1000 0.8000
    endloop
  endfacet
  facet normal -0.555570 -0.831470 -0.000000
    outer loop
      vertex 13.1000 15.3694 0.8000
      vertex 13.1000 15.3694 0.0000
      vertex 13.7743 14.9188 0.0000
    endloop
  endfacet
  facet normal -0.555570 -0.831470 0.000000
    outer loop
      vertex 13.1000 15.3694 0.8000
      vertex 13.7743 14.9188 0.0000
      vertex 13.7743 14.9188 0.8000
    endloop
  endfacet
  facet normal -0.751840 0.659346 0.000000
    outer loop
      vertex 14.9188 62.4257 0.8000
      vertex 14.9188 62.4257 0.0000
      vertex 14.3841 61.8159 0.0000
    endloop
  endfacet
  facet normal -0.751840 0.659346 0.000000
    outer loop
      vertex 14.9188 62.4257 0.8000
      vertex 14.3841 61.8159 0.0000
      vertex 14.3841 61.8159 0.8000
    endloop
  endfacet
  facet normal 0.896873 0.442289 0.000000
    outer loop
      vertex 4.6306 6.9000 0.8000
      vertex 4.6306 6.9000 0.0000
      vertex 4.2719 7.6274 0.0000
    endloop
  endfacet
  facet normal 0.896873 0.442289 0.000000
    outer loop
      vertex 4.6306 6.9000 0.8000
      vertex 4.2719 7.6274 0.0000
      vertex 4.2719 7.6274 0.8000
    endloop
  endfacet
  facet normal 0.659346 -0.751840 0.000000
    outer loop
      vertex 5.6159 70.5841 0.8000
      vertex 5.6159 70.5841 0.0000
      vertex 6.2257 71.1188 0.0000
    endloop
  endfacet
  facet normal 0.659346 -0.751840 0.000000
    outer loop
      vertex 5.6159 70.5841 0.8000
      vertex 6.2257 71.1188 0.0000
      vertex 6.2257 71.1188 0.8000
    endloop
  endfacet
  facet normal 0.442289 0.896873 0.000000
    outer loop
      vertex 7.6274 4.2719 0.8000
      vertex 7.6274 4.2719 0.0000
      vertex 6.9000 4.6306 0.0000
    endloop
  endfacet
  facet normal 0.442289 0.896873 0.000000
    outer loop
      vertex 7.6274 4.2719 0.8000
      vertex 6.9000 4.6306 0.0000
      vertex 6.9000 4.6306 0.8000
    endloop
  endfacet
  facet normal -0.896873 0.442289 0.000000
    outer loop
      vertex 15.7281 7.6274 0.8000
      vertex 15.7281 7.6274 0.0000
      vertex 15.3694 6.9000 0.0000
    endloop
  endfacet
  facet normal -0.896873 0.442289 0.000000
    outer loop
      vertex 15.7281 7.6274 0.8000
      vertex 15.3694 6.9000 0.0000
      vertex 15.3694 6.9000 0.8000
    endloop
  endfacet
  facet normal -0.831470 0.555570 0.000000
    outer loop
      vertex 15.3694 6.9000 0.8000
      vertex 15.3694 6.9000 0.0000
      vertex 14.9188 6.2257 0.0000
    endloop
  endfacet
  facet normal -0.831470 0.555570 0.000000
    outer loop
      vertex 15.3694 6.9000 0.8000
      vertex 14.9188 6.2257 0.0000
      vertex 14.9188 6.2257 0.8000
    endloop
  endfacet
  facet normal 0.000000 -1.000000 0.000000
    outer loop
      vertex 2.3000 0.0000 0.8000
      vertex 2.3000 0.0000 0.0000
      vertex 17.7000 0.0000 0.0000
    endloop
  endfacet
  facet normal 0.000000 -1.000000 0.000000
    outer loop
      vertex 2.3000 0.0000 0.8000
      vertex 17.7000 0.0000 0.0000
      vertex 17.7000 0.0000 0.8000
    endloop
  endfacet
  facet normal 0.751840 0.659346 0.000000
    outer loop
      vertex 5.6159 5.6159 0.8000
      vertex 5.6159 5.6159 0.0000
      vertex 5.0812 6.2257 0.0000
    endloop
  endfacet
  facet normal 0.751840 0.659346 0.000000
    outer loop
      vertex 5.6159 5.6159 0.8000
      vertex 5.0812 6.2257 0.0000
      vertex 5.0812 6.2257 0.8000
    endloop
  endfacet
  facet normal 0.000000 1.000000 0.000000
    outer loop
      vertex 20.0000 76.2000 0.8000
      vertex 20.0000 76.2000 0.0000
      vertex 17.7000 76.2000 0.0000
    endloop
  endfacet
  facet normal 0.000000 1.000000 0.000000
    outer loop
      vertex 20.0000 76.2000 0.8000
      vertex 17.7000 76.2000 0.0000
      vertex 17.7000 76.2000 0.8000
    endloop
  endfacet
  facet normal -0.831470 -0.555570 -0.000000
    outer loop
      vertex 14.9188 69.9743 0.8000
      vertex 14.9188 69.9743 0.0000
      vertex 15.3694 69.3000 0.0000
    endloop
  endfacet
  facet normal -0.831470 -0.555570 0.000000
    outer loop
      vertex 14.9188 69.9743 0.8000
      vertex 15.3694 69.3000 0.0000
      vertex 15.3694 69.3000 0.8000
    endloop
  endfacet
  facet normal -0.896873 -0.442289 -0.000000
    outer loop
      vertex 15.3694 69.3000 0.8000
      vertex 15.3694 69.3000 0.0000
      vertex 15.7281 68.5726 0.0000
    endloop
  endfacet
  facet normal -0.896873 -0.442289 0.000000
    outer loop
      vertex 15.3694 69.3000 0.8000
      vertex 15.7281 68.5726 0.0000
      vertex 15.7281 68.5726 0.8000
    endloop
  endfacet
  facet normal 0.946930 0.321439 0.000000
    outer loop
      vertex 4.2719 7.6274 0.8000
      vertex 4.2719 7.6274 0.0000
      vertex 4.0113 8.3953 0.0000
    endloop
  endfacet
  facet normal 0.946930 0.321439 0.000000
    outer loop
      vertex 4.2719 7.6274 0.8000
      vertex 4.0113 8.3953 0.0000
      vertex 4.0113 8.3953 0.8000
    endloop
  endfacet
  facet normal 0.831470 -0.555570 0.000000
    outer loop
      vertex 4.6306 69.3000 0.8000
      vertex 4.6306 69.3000 0.0000
      vertex 5.0812 69.9743 0.0000
    endloop
  endfacet
  facet normal 0.831470 -0.555570 0.000000
    outer loop
      vertex 4.6306 69.3000 0.8000
      vertex 5.0812 69.9743 0.0000
      vertex 5.0812 69.9743 0.8000
    endloop
  endfacet
  facet normal 0.831470 -0.555570 0.000000
    outer loop
      vertex 4.6306 13.1000 0.8000
      vertex 4.6306 13.1000 0.0000
      vertex 5.0812 13.7743 0.0000
    endloop
  endfacet
  facet normal 0.831470 -0.555570 0.000000
    outer loop
      vertex 4.6306 13.1000 0.8000
      vertex 5.0812 13.7743 0.0000
      vertex 5.0812 13.7743 0.8000
    endloop
  endfacet
  facet normal -0.751840 -0.659346 -0.000000
    outer loop
      vertex 14.3841 14.3841 0.8000
      vertex 14.3841 14.3841 0.0000
      vertex 14.9188 13.7743 0.0000
    endloop
  endfacet
  facet normal -0.751840 -0.659346 0.000000
    outer loop
      vertex 14.3841 14.3841 0.8000
      vertex 14.9188 13.7743 0.0000
      vertex 14.9188 13.7743 0.8000
    endloop
  endfacet
  facet normal -0.195090 0.980785 0.000000
    outer loop
      vertex 11.6047 60.2113 0.8000
      vertex 11.6047 60.2113 0.0000
      vertex 10.8093 60.0530 0.0000
    endloop
  endfacet
  facet normal -0.195090 0.980785 0.000000
    outer loop
      vertex 11.6047 60.2113 0.8000
      vertex 10.8093 60.0530 0.0000
      vertex 10.8093 60.0530 0.8000
    endloop
  endfacet
  facet normal -0.555570 0.831470 0.000000
    outer loop
      vertex 13.7743 5.0812 0.8000
      vertex 13.7743 5.0812 0.0000
      vertex 13.1000 4.6306 0.0000
    endloop
  endfacet
  facet normal -0.555570 0.831470 0.000000
    outer loop
      vertex 13.7743 5.0812 0.8000
      vertex 13.1000 4.6306 0.0000
      vertex 13.1000 4.6306 0.8000
    endloop
  endfacet
  facet normal -1.000000 0.000000 -0.000000
    outer loop
      vertex 0.0000 76.2000 0.8000
      vertex 0.0000 76.2000 0.0000
      vertex 0.0000 0.0000 0.0000
    endloop
  endfacet
  facet normal -1.000000 -0.000000 0.000000
    outer loop
      vertex 0.0000 76.2000 0.8000
      vertex 0.0000 0.0000 0.0000
      vertex 0.0000 0.0000 0.8000
    endloop
  endfacet
  facet normal -0.997859 0.065403 0.000000
    outer loop
      vertex 16.2000 66.2000 0.8000
      vertex 16.2000 66.2000 0.0000
      vertex 16.1470 65.3907 0.0000
    endloop
  endfacet
  facet normal -0.997859 0.065403 0.000000
    outer loop
      vertex 16.2000 66.2000 0.8000
      vertex 16.1470 65.3907 0.0000
      vertex 16.1470 65.3907 0.8000
    endloop
  endfacet
  facet normal -0.065403 -0.997859 -0.000000
    outer loop
      vertex 10.0000 72.4000 0.8000
      vertex 10.0000 72.4000 0.0000
      vertex 10.8093 72.3470 0.0000
    endloop
  endfacet
  facet normal -0.065403 -0.997859 0.000000
    outer loop
      vertex 10.0000 72.4000 0.8000
      vertex 10.8093 72.3470 0.0000
      vertex 10.8093 72.3470 0.8000
    endloop
  endfacet
  facet normal 0.751840 -0.659346 0.000000
    outer loop
      vertex 5.0812 69.9743 0.8000
      vertex 5.0812 69.9743 0.0000
      vertex 5.6159 70.5841 0.0000
    endloop
  endfacet
  facet normal 0.751840 -0.659346 0.000000
    outer loop
      vertex 5.0812 69.9743 0.8000
      vertex 5.6159 70.5841 0.0000
      vertex 5.6159 70.5841 0.8000
    endloop
  endfacet
  facet normal 0.321439 0.946930 0.000000
    outer loop
      vertex 8.3953 4.0113 0.8000
      vertex 8.3953 4.0113 0.0000
      vertex 7.6274 4.2719 0.0000
    endloop
  endfacet
  facet normal 0.321439 0.946930 0.000000
    outer loop
      vertex 8.3953 4.0113 0.8000
      vertex 7.6274 4.2719 0.0000
      vertex 7.6274 4.2719 0.8000
    endloop
  endfacet
  facet normal -0.065403 0.997859 0.000000
    outer loop
      vertex 10.8093 3.8530 0.8000
      vertex 10.8093 3.8530 0.0000
      vertex 10.0000 3.8000 0.0000
    endloop
  endfacet
  facet normal -0.065403 0.997859 0.000000
    outer loop
      vertex 10.8093 3.8530 0.8000
      vertex 10.0000 3.8000 0.0000
      vertex 10.0000 3.8000 0.8000
    endloop
  endfacet
  facet normal -0.980785 -0.195090 -0.000000
    outer loop
      vertex 15.9887 67.8047 0.8000
      vertex 15.9887 67.8047 0.0000
      vertex 16.1470 67.0093 0.0000
    endloop
  endfacet
  facet normal -0.980785 -0.195090 0.000000
    outer loop
      vertex 15.9887 67.8047 0.8000
      vertex 16.1470 67.0093 0.0000
      vertex 16.1470 67.0093 0.8000
    endloop
  endfacet
  facet normal 0.997859 0.065403 0.000000
    outer loop
      vertex 3.8530 65.3907 0.8000
      vertex 3.8530 65.3907 0.0000
      vertex 3.8000 66.2000 0.0000
    endloop
  endfacet
  facet normal 0.997859 0.065403 0.000000
    outer loop
      vertex 3.8530 65.3907 0.8000
      vertex 3.8000 66.2000 0.0000
      vertex 3.8000 66.2000 0.8000
    endloop
  endfacet
  facet normal -0.659346 -0.751840 -0.000000
    outer loop
      vertex 13.7743 71.1188 0.8000
      vertex 13.7743 71.1188 0.0000
      vertex 14.3841 70.5841 0.0000
    endloop
  endfacet
  facet normal -0.659346 -0.751840 0.000000
    outer loop
      vertex 13.7743 71.1188 0.8000
      vertex 14.3841 70.5841 0.0000
      vertex 14.3841 70.5841 0.8000
    endloop
  endfacet
  facet normal 0.555570 0.831470 0.000000
    outer loop
      vertex 6.9000 4.6306 0.8000
      vertex 6.9000 4.6306 0.0000
      vertex 6.2257 5.0812 0.0000
    endloop
  endfacet
  facet normal 0.555570 0.831470 0.000000
    outer loop
      vertex 6.9000 4.6306 0.8000
      vertex 6.2257 5.0812 0.0000
      vertex 6.2257 5.0812 0.8000
    endloop
  endfacet
  facet normal -0.065403 -0.997859 -0.000000
    outer loop
      vertex 10.0000 16.2000 0.8000
      vertex 10.0000 16.2000 0.0000
      vertex 10.8093 16.1470 0.0000
    endloop
  endfacet
  facet normal -0.065403 -0.997859 0.000000
    outer loop
      vertex 10.0000 16.2000 0.8000
      vertex 10.8093 16.1470 0.0000
      vertex 10.8093 16.1470 0.8000
    endloop
  endfacet
  facet normal -0.321439 0.946930 0.000000
    outer loop
      vertex 12.3726 60.4719 0.8000
      vertex 12.3726 60.4719 0.0000
      vertex 11.6047 60.2113 0.0000
    endloop
  endfacet
  facet normal -0.321439 0.946930 0.000000
    outer loop
      vertex 12.3726 60.4719 0.8000
      vertex 11.6047 60.2113 0.0000
      vertex 11.6047 60.2113 0.8000
    endloop
  endfacet
  facet normal -0.946930 -0.321439 -0.000000
    outer loop
      vertex 15.7281 12.3726 0.8000
      vertex 15.7281 12.3726 0.0000
      vertex 15.9887 11.6047 0.0000
    endloop
  endfacet
  facet normal -0.946930 -0.321439 0.000000
    outer loop
      vertex 15.7281 12.3726 0.8000
      vertex 15.9887 11.6047 0.0000
      vertex 15.9887 11.6047 0.8000
    endloop
  endfacet
  facet normal -0.946930 0.321439 0.000000
    outer loop
      vertex 15.9887 8.3953 0.8000
      vertex 15.9887 8.3953 0.0000
      vertex 15.7281 7.6274 0.0000
    endloop
  endfacet
  facet normal -0.946930 0.321439 0.000000
    outer loop
      vertex 15.9887 8.3953 0.8000
      vertex 15.7281 7.6274 0.0000
      vertex 15.7281 7.6274 0.8000
    endloop
  endfacet
  facet normal -0.321439 -0.946930 -0.000000
    outer loop
      vertex 11.6047 72.1887 0.8000
      vertex 11.6047 72.1887 0.0000
      vertex 12.3726 71.9281 0.0000
    endloop
  endfacet
  facet normal -0.321439 -0.946930 0.000000
    outer loop
      vertex 11.6047 72.1887 0.8000
      vertex 12.3726 71.9281 0.0000
      vertex 12.3726 71.9281 0.8000
    endloop
  endfacet
  facet normal 0.751840 -0.659346 0.000000
    outer loop
      vertex 5.0812 13.7743 0.8000
      vertex 5.0812 13.7743 0.0000
      vertex 5.6159 14.3841 0.0000
    endloop
  endfacet
  facet normal 0.751840 -0.659346 0.000000
    outer loop
      vertex 5.0812 13.7743 0.8000
      vertex 5.6159 14.3841 0.0000
      vertex 5.6159 14.3841 0.8000
    endloop
  endfacet
  facet normal 0.659346 0.751840 0.000000
    outer loop
      vertex 6.2257 5.0812 0.8000
      vertex 6.2257 5.0812 0.0000
      vertex 5.6159 5.6159 0.0000
    endloop
  endfacet
  facet normal 0.659346 0.751840 0.000000
    outer loop
      vertex 6.2257 5.0812 0.8000
      vertex 5.6159 5.6159 0.0000
      vertex 5.6159 5.6159 0.8000
    endloop
  endfacet
  facet normal 0.555570 -0.831470 0.000000
    outer loop
      vertex 6.2257 71.1188 0.8000
      vertex 6.2257 71.1188 0.0000
      vertex 6.9000 71.5694 0.0000
    endloop
  endfacet
  facet normal 0.555570 -0.831470 0.000000
    outer loop
      vertex 6.2257 71.1188 0.8000
      vertex 6.9000 71.5694 0.0000
      vertex 6.9000 71.5694 0.8000
    endloop
  endfacet
  facet normal 0.442289 -0.896873 0.000000
    outer loop
      vertex 6.9000 15.3694 0.8000
      vertex 6.9000 15.3694 0.0000
      vertex 7.6274 15.7281 0.0000
    endloop
  endfacet
  facet normal 0.442289 -0.896873 0.000000
    outer loop
      vertex 6.9000 15.3694 0.8000
      vertex 7.6274 15.7281 0.0000
      vertex 7.6274 15.7281 0.8000
    endloop
  endfacet
  facet normal 0.946930 -0.321439 0.000000
    outer loop
      vertex 4.0113 11.6047 0.8000
      vertex 4.0113 11.6047 0.0000
      vertex 4.2719 12.3726 0.0000
    endloop
  endfacet
  facet normal 0.946930 -0.321439 0.000000
    outer loop
      vertex 4.0113 11.6047 0.8000
      vertex 4.2719 12.3726 0.0000
      vertex 4.2719 12.3726 0.8000
    endloop
  endfacet
  facet normal -0.321439 -0.946930 -0.000000
    outer loop
      vertex 11.6047 15.9887 0.8000
      vertex 11.6047 15.9887 0.0000
      vertex 12.3726 15.7281 0.0000
    endloop
  endfacet
  facet normal -0.321439 -0.946930 0.000000
    outer loop
      vertex 11.6047 15.9887 0.8000
      vertex 12.3726 15.7281 0.0000
      vertex 12.3726 15.7281 0.8000
    endloop
  endfacet
  facet normal -0.946930 -0.321439 -0.000000
    outer loop
      vertex 15.7281 68.5726 0.8000
      vertex 15.7281 68.5726 0.0000
      vertex 15.9887 67.8047 0.0000
    endloop
  endfacet
  facet normal -0.946930 -0.321439 0.000000
    outer loop
      vertex 15.7281 68.5726 0.8000
      vertex 15.9887 67.8047 0.0000
      vertex 15.9887 67.8047 0.8000
    endloop
  endfacet
  facet normal -0.442289 -0.896873 -0.000000
    outer loop
      vertex 12.3726 15.7281 0.8000
      vertex 12.3726 15.7281 0.0000
      vertex 13.1000 15.3694 0.0000
    endloop
  endfacet
  facet normal -0.442289 -0.896873 0.000000
    outer loop
      vertex 12.3726 15.7281 0.8000
      vertex 13.1000 15.3694 0.0000
      vertex 13.1000 15.3694 0.8000
    endloop
  endfacet
  facet normal -0.997859 -0.065403 -0.000000
    outer loop
      vertex 16.1470 67.0093 0.8000
      vertex 16.1470 67.0093 0.0000
      vertex 16.2000 66.2000 0.0000
    endloop
  endfacet
  facet normal -0.997859 -0.065403 0.000000
    outer loop
      vertex 16.1470 67.0093 0.8000
      vertex 16.2000 66.2000 0.0000
      vertex 16.2000 66.2000 0.8000
    endloop
  endfacet
  facet normal -0.442289 0.896873 0.000000
    outer loop
      vertex 13.1000 4.6306 0.8000
      vertex 13.1000 4.6306 0.0000
      vertex 12.3726 4.2719 0.0000
    endloop
  endfacet
  facet normal -0.442289 0.896873 0.000000
    outer loop
      vertex 13.1000 4.6306 0.8000
      vertex 12.3726 4.2719 0.0000
      vertex 12.3726 4.2719 0.8000
    endloop
  endfacet
  facet normal -0.980785 -0.195090 -0.000000
    outer loop
      vertex 15.9887 11.6047 0.8000
      vertex 15.9887 11.6047 0.0000
      vertex 16.1470 10.8093 0.0000
    endloop
  endfacet
  facet normal -0.980785 -0.195090 0.000000
    outer loop
      vertex 15.9887 11.6047 0.8000
      vertex 16.1470 10.8093 0.0000
      vertex 16.1470 10.8093 0.8000
    endloop
  endfacet
  facet normal -0.321439 0.946930 0.000000
    outer loop
      vertex 12.3726 4.2719 0.8000
      vertex 12.3726 4.2719 0.0000
      vertex 11.6047 4.0113 0.0000
    endloop
  endfacet
  facet normal -0.321439 0.946930 0.000000
    outer loop
      vertex 12.3726 4.2719 0.8000
      vertex 11.6047 4.0113 0.0000
      vertex 11.6047 4.0113 0.8000
    endloop
  endfacet
  facet normal -0.555570 -0.831470 -0.000000
    outer loop
      vertex 13.1000 71.5694 0.8000
      vertex 13.1000 71.5694 0.0000
      vertex 13.7743 71.1188 0.0000
    endloop
  endfacet
  facet normal -0.555570 -0.831470 0.000000
    outer loop
      vertex 13.1000 71.5694 0.8000
      vertex 13.7743 71.1188 0.0000
      vertex 13.7743 71.1188 0.8000
    endloop
  endfacet
  facet normal -0.980785 0.195090 0.000000
    outer loop
      vertex 16.1470 9.1907 0.8000
      vertex 16.1470 9.1907 0.0000
      vertex 15.9887 8.3953 0.0000
    endloop
  endfacet
  facet normal -0.980785 0.195090 0.000000
    outer loop
      vertex 16.1470 9.1907 0.8000
      vertex 15.9887 8.3953 0.0000
      vertex 15.9887 8.3953 0.8000
    endloop
  endfacet
  facet normal 0.997859 -0.065403 0.000000
    outer loop
      vertex 3.8000 10.0000 0.8000
      vertex 3.8000 10.0000 0.0000
      vertex 3.8530 10.8093 0.0000
    endloop
  endfacet
  facet normal 0.997859 -0.065403 0.000000
    outer loop
      vertex 3.8000 10.0000 0.8000
      vertex 3.8530 10.8093 0.0000
      vertex 3.8530 10.8093 0.8000
    endloop
  endfacet
  facet normal -0.659346 -0.751840 -0.000000
    outer loop
      vertex 13.7743 14.9188 0.8000
      vertex 13.7743 14.9188 0.0000
      vertex 14.3841 14.3841 0.0000
    endloop
  endfacet
  facet normal -0.659346 -0.751840 0.000000
    outer loop
      vertex 13.7743 14.9188 0.8000
      vertex 14.3841 14.3841 0.0000
      vertex 14.3841 14.3841 0.8000
    endloop
  endfacet
  facet normal -0.195090 -0.980785 -0.000000
    outer loop
      vertex 10.8093 16.1470 0.8000
      vertex 10.8093 16.1470 0.0000
      vertex 11.6047 15.9887 0.0000
    endloop
  endfacet
  facet normal -0.195090 -0.980785 0.000000
    outer loop
      vertex 10.8093 16.1470 0.8000
      vertex 11.6047 15.9887 0.0000
      vertex 11.6047 15.9887 0.8000
    endloop
  endfacet
  facet normal -0.831470 -0.555570 -0.000000
    outer loop
      vertex 14.9188 13.7743 0.8000
      vertex 14.9188 13.7743 0.0000
      vertex 15.3694 13.1000 0.0000
    endloop
  endfacet
  facet normal -0.831470 -0.555570 0.000000
    outer loop
      vertex 14.9188 13.7743 0.8000
      vertex 15.3694 13.1000 0.0000
      vertex 15.3694 13.1000 0.8000
    endloop
  endfacet
  facet normal 0.195090 0.980785 0.000000
    outer loop
      vertex 9.1907 60.0530 0.8000
      vertex 9.1907 60.0530 0.0000
      vertex 8.3953 60.2113 0.0000
    endloop
  endfacet
  facet normal 0.195090 0.980785 0.000000
    outer loop
      vertex 9.1907 60.0530 0.8000
      vertex 8.3953 60.2113 0.0000
      vertex 8.3953 60.2113 0.8000
    endloop
  endfacet
  facet normal 0.997859 -0.065403 0.000000
    outer loop
      vertex 3.8000 66.2000 0.8000
      vertex 3.8000 66.2000 0.0000
      vertex 3.8530 67.0093 0.0000
    endloop
  endfacet
  facet normal 0.997859 -0.065403 0.000000
    outer loop
      vertex 3.8000 66.2000 0.8000
      vertex 3.8530 67.0093 0.0000
      vertex 3.8530 67.0093 0.8000
    endloop
  endfacet
  facet normal -0.997859 -0.065403 -0.000000
    outer loop
      vertex 16.1470 10.8093 0.8000
      vertex 16.1470 10.8093 0.0000
      vertex 16.2000 10.0000 0.0000
    endloop
  endfacet
  facet normal -0.997859 -0.065403 0.000000
    outer loop
      vertex 16.1470 10.8093 0.8000
      vertex 16.2000 10.0000 0.0000
      vertex 16.2000 10.0000 0.8000
    endloop
  endfacet
  facet normal 0.000000 -1.000000 0.000000
    outer loop
      vertex 17.7000 0.0000 0.8000
      vertex 17.7000 0.0000 0.0000
      vertex 20.0000 0.0000 0.0000
    endloop
  endfacet
  facet normal 0.000000 -1.000000 0.000000
    outer loop
      vertex 17.7000 0.0000 0.8000
      vertex 20.0000 0.0000 0.0000
      vertex 20.0000 0.0000 0.8000
    endloop
  endfacet
  facet normal 0.321439 -0.946930 0.000000
    outer loop
      vertex 7.6274 15.7281 0.8000
      vertex 7.6274 15.7281 0.0000
      vertex 8.3953 15.9887 0.0000
    endloop
  endfacet
  facet normal 0.321439 -0.946930 0.000000
    outer loop
      vertex 7.6274 15.7281 0.8000
      vertex 8.3953 15.9887 0.0000
      vertex 8.3953 15.9887 0.8000
    endloop
  endfacet
  facet normal 0.321439 -0.946930 0.000000
    outer loop
      vertex 7.6274 71.9281 0.8000
      vertex 7.6274 71.9281 0.0000
      vertex 8.3953 72.1887 0.0000
    endloop
  endfacet
  facet normal 0.321439 -0.946930 0.000000
    outer loop
      vertex 7.6274 71.9281 0.8000
      vertex 8.3953 72.1887 0.0000
      vertex 8.3953 72.1887 0.8000
    endloop
  endfacet
  facet normal 0.442289 0.896873 0.000000
    outer loop
      vertex 7.6274 60.4719 0.8000
      vertex 7.6274 60.4719 0.0000
      vertex 6.9000 60.8306 0.0000
    endloop
  endfacet
  facet normal 0.442289 0.896873 0.000000
    outer loop
      vertex 7.6274 60.4719 0.8000
      vertex 6.9000 60.8306 0.0000
      vertex 6.9000 60.8306 0.8000
    endloop
  endfacet
  facet normal 0.555570 0.831470 0.000000
    outer loop
      vertex 6.9000 60.8306 0.8000
      vertex 6.9000 60.8306 0.0000
      vertex 6.2257 61.2812 0.0000
    endloop
  endfacet
  facet normal 0.555570 0.831470 0.000000
    outer loop
      vertex 6.9000 60.8306 0.8000
      vertex 6.2257 61.2812 0.0000
      vertex 6.2257 61.2812 0.8000
    endloop
  endfacet
  facet normal 0.000000 1.000000 0.000000
    outer loop
      vertex 17.7000 76.2000 0.8000
      vertex 17.7000 76.2000 0.0000
      vertex 2.3000 76.2000 0.0000
    endloop
  endfacet
  facet normal 0.000000 1.000000 0.000000
    outer loop
      vertex 17.7000 76.2000 0.8000
      vertex 2.3000 76.2000 0.0000
      vertex 2.3000 76.2000 0.8000
    endloop
  endfacet
  facet normal -0.896873 0.442289 0.000000
    outer loop
      vertex 15.7281 63.8274 0.8000
      vertex 15.7281 63.8274 0.0000
      vertex 15.3694 63.1000 0.0000
    endloop
  endfacet
  facet normal -0.896873 0.442289 0.000000
    outer loop
      vertex 15.7281 63.8274 0.8000
      vertex 15.3694 63.1000 0.0000
      vertex 15.3694 63.1000 0.8000
    endloop
  endfacet
  facet normal -0.659346 0.751840 0.000000
    outer loop
      vertex 14.3841 5.6159 0.8000
      vertex 14.3841 5.6159 0.0000
      vertex 13.7743 5.0812 0.0000
    endloop
  endfacet
  facet normal -0.659346 0.751840 0.000000
    outer loop
      vertex 14.3841 5.6159 0.8000
      vertex 13.7743 5.0812 0.0000
      vertex 13.7743 5.0812 0.8000
    endloop
  endfacet
  facet normal -0.896873 -0.442289 -0.000000
    outer loop
      vertex 15.3694 13.1000 0.8000
      vertex 15.3694 13.1000 0.0000
      vertex 15.7281 12.3726 0.0000
    endloop
  endfacet
  facet normal -0.896873 -0.442289 0.000000
    outer loop
      vertex 15.3694 13.1000 0.8000
      vertex 15.7281 12.3726 0.0000
      vertex 15.7281 12.3726 0.8000
    endloop
  endfacet
  facet normal 0.065403 -0.997859 0.000000
    outer loop
      vertex 9.1907 16.1470 0.8000
      vertex 9.1907 16.1470 0.0000
      vertex 10.0000 16.2000 0.0000
    endloop
  endfacet
  facet normal 0.065403 -0.997859 0.000000
    outer loop
      vertex 9.1907 16.1470 0.8000
      vertex 10.0000 16.2000 0.0000
      vertex 10.0000 16.2000 0.8000
    endloop
  endfacet
  facet normal 1.000000 0.000000 0.000000
    outer loop
      vertex 20.0000 0.0000 0.8000
      vertex 20.0000 0.0000 0.0000
      vertex 20.0000 76.2000 0.0000
    endloop
  endfacet
  facet normal 1.000000 -0.000000 0.000000
    outer loop
      vertex 20.0000 0.0000 0.8000
      vertex 20.0000 76.2000 0.0000
      vertex 20.0000 76.2000 0.8000
    endloop
  endfacet
  facet normal 0.195090 -0.980785 0.000000
    outer loop
      vertex 8.3953 72.1887 0.8000
      vertex 8.3953 72.1887 0.0000
      vertex 9.1907 72.3470 0.0000
    endloop
  endfacet
  facet normal 0.195090 -0.980785 0.000000
    outer loop
      vertex 8.3953 72.1887 0.8000
      vertex 9.1907 72.3470 0.0000
      vertex 9.1907 72.3470 0.8000
    endloop
  endfacet
  facet normal -0.997859 0.065403 0.000000
    outer loop
      vertex 16.2000 10.0000 0.8000
      vertex 16.2000 10.0000 0.0000
      vertex 16.1470 9.1907 0.0000
    endloop
  endfacet
  facet normal -0.997859 0.065403 0.000000
    outer loop
      vertex 16.2000 10.0000 0.8000
      vertex 16.1470 9.1907 0.0000
      vertex 16.1470 9.1907 0.8000
    endloop
  endfacet
  facet normal 0.000000 0.000000 1.000000
    outer loop
      vertex 0.0000 0.0000 2.8000
      vertex 2.3000 0.0000 2.8000
      vertex 1.9933 36.8600 2.8000
    endloop
  endfacet
  facet normal 0.000000 -0.000000 1.000000
    outer loop
      vertex 2.3000 0.0000 2.8000
      vertex 2.3000 2.3000 2.8000
      vertex 1.9933 36.8600 2.8000
    endloop
  endfacet
  facet normal 0.000000 -0.000000 1.000000
    outer loop
      vertex 2.3000 2.3000 2.8000
      vertex 2.3000 17.7000 2.8000
      vertex 1.9933 36.8600 2.8000
    endloop
  endfacet
  facet normal 0.000000 -0.000000 1.000000
    outer loop
      vertex 2.3000 17.7000 2.8000
      vertex 2.3000 20.1750 2.8000
      vertex 1.9933 36.8600 2.8000
    endloop
  endfacet
  facet normal 0.000000 -0.000000 1.000000
    outer loop
      vertex 2.3000 20.1750 2.8000
      vertex 2.3000 22.6500 2.8000
      vertex 1.9933 36.8600 2.8000
    endloop
  endfacet
  facet normal 0.000000 -0.000000 1.000000
    outer loop
      vertex 2.3000 22.6500 2.8000
      vertex 2.3000 27.3500 2.8000
      vertex 1.9933 36.8600 2.8000
    endloop
  endfacet
  facet normal 0.000000 -0.000000 1.000000
    outer loop
      vertex 2.3000 27.3500 2.8000
      vertex 2.3000 35.0000 2.8000
      vertex 1.9933 36.8600 2.8000
    endloop
  endfacet
  facet normal 0.000000 -0.000000 1.000000
    outer loop
      vertex 2.3000 35.0000 2.8000
      vertex 2.3000 42.6500 2.8000
      vertex 1.9933 36.8600 2.8000
    endloop
  endfacet
  facet normal 0.000000 -0.000000 1.000000
    outer loop
      vertex 2.3000 42.6500 2.8000
      vertex 2.3000 47.3500 2.8000
      vertex 1.9933 36.8600 2.8000
    endloop
  endfacet
  facet normal 0.000000 -0.000000 1.000000
    outer loop
      vertex 2.3000 47.3500 2.8000
      vertex 2.3000 52.9250 2.8000
      vertex 1.9933 36.8600 2.8000
    endloop
  endfacet
  facet normal 0.000000 -0.000000 1.000000
    outer loop
      vertex 2.3000 52.9250 2.8000
      vertex 2.3000 58.5000 2.8000
      vertex 1.9933 36.8600 2.8000
    endloop
  endfacet
  facet normal 0.000000 -0.000000 1.000000
    outer loop
      vertex 2.3000 58.5000 2.8000
      vertex 2.3000 73.9000 2.8000
      vertex 1.9933 36.8600 2.8000
    endloop
  endfacet
  facet normal 0.000000 -0.000000 1.000000
    outer loop
      vertex 2.3000 73.9000 2.8000
      vertex 2.3000 76.2000 2.8000
      vertex 1.9933 36.8600 2.8000
    endloop
  endfacet
  facet normal 0.000000 0.000000 1.000000
    outer loop
      vertex 2.3000 76.2000 2.8000
      vertex 0.0000 76.2000 2.8000
      vertex 1.9933 36.8600 2.8000
    endloop
  endfacet
  facet normal 0.000000 0.000000 1.000000
    outer loop
      vertex 0.0000 76.2000 2.8000
      vertex 0.0000 0.0000 2.8000
      vertex 1.9933 36.8600 2.8000
    endloop
  endfacet
  facet normal 0.000000 0.000000 1.000000
    outer loop
      vertex 2.3000 0.0000 2.8000
      vertex 17.7000 0.0000 2.8000
      vertex 10.0000 1.1500 2.8000
    endloop
  endfacet
  facet normal 0.000000 -0.000000 1.000000
    outer loop
      vertex 17.7000 0.0000 2.8000
      vertex 17.7000 2.3000 2.8000
      vertex 10.0000 1.1500 2.8000
    endloop
  endfacet
  facet normal 0.000000 0.000000 1.000000
    outer loop
      vertex 17.7000 2.3000 2.8000
      vertex 2.3000 2.3000 2.8000
      vertex 10.0000 1.1500 2.8000
    endloop
  endfacet
  facet normal 0.000000 0.000000 1.000000
    outer loop
      vertex 2.3000 2.3000 2.8000
      vertex 2.3000 0.0000 2.8000
      vertex 10.0000 1.1500 2.8000
    endloop
  endfacet
  facet normal 0.000000 0.000000 1.000000
    outer loop
      vertex 2.3000 2.3000 2.8000
      vertex 6.9000 4.6306 2.8000
      vertex 6.2257 5.0812 2.8000
    endloop
  endfacet
  facet normal 0.000000 0.000000 1.000000
    outer loop
      vertex 2.3000 2.3000 2.8000
      vertex 7.6274 4.2719 2.8000
      vertex 6.9000 4.6306 2.8000
    endloop
  endfacet
  facet normal 0.000000 0.000000 1.000000
    outer loop
      vertex 2.3000 2.3000 2.8000
      vertex 8.3953 4.0113 2.8000
      vertex 7.6274 4.2719 2.8000
    endloop
  endfacet
  facet normal 0.000000 0.000000 1.000000
    outer loop
      vertex 2.3000 2.3000 2.8000
      vertex 9.1907 3.8530 2.8000
      vertex 8.3953 4.0113 2.8000
    endloop
  endfacet
  facet normal 0.000000 0.000000 1.000000
    outer loop
      vertex 2.3000 2.3000 2.8000
      vertex 10.0000 3.8000 2.8000
      vertex 9.1907 3.8530 2.8000
    endloop
  endfacet
  facet normal 0.000000 0.000000 1.000000
    outer loop
      vertex 2.3000 2.3000 2.8000
      vertex 10.8093 3.8530 2.8000
      vertex 10.0000 3.8000 2.8000
    endloop
  endfacet
  facet normal 0.000000 0.000000 -1.000000
    outer loop
      vertex 2.3000 2.3000 2.8000
      vertex 11.6047 4.0113 2.8000
      vertex 10.8093 3.8530 2.8000
    endloop
  endfacet
  facet normal 0.000000 0.000000 -1.000000
    outer loop
      vertex 2.3000 2.3000 2.8000
      vertex 12.3726 4.2719 2.8000
      vertex 11.6047 4.0113 2.8000
    endloop
  endfacet
  facet normal 0.000000 0.000000 -1.000000
    outer loop
      vertex 2.3000 2.3000 2.8000
      vertex 13.1000 4.6306 2.8000
      vertex 12.3726 4.2719 2.8000
    endloop
  endfacet
  facet normal 0.000000 0.000000 -1.000000
    outer loop
      vertex 2.3000 2.3000 2.8000
      vertex 13.7743 5.0812 2.8000
      vertex 13.1000 4.6306 2.8000
    endloop
  endfacet
  facet normal 0.000000 0.000000 -1.000000
    outer loop
      vertex 2.3000 2.3000 2.8000
      vertex 14.3841 5.6159 2.8000
      vertex 13.7743 5.0812 2.8000
    endloop
  endfacet
  facet normal 0.000000 0.000000 1.000000
    outer loop
      vertex 2.3000 2.3000 2.8000
      vertex 17.7000 2.3000 2.8000
      vertex 14.3841 5.6159 2.8000
    endloop
  endfacet
  facet normal 0.000000 0.000000 1.000000
    outer loop
      vertex 17.7000 2.3000 2.8000
      vertex 14.9188 6.2257 2.8000
      vertex 14.3841 5.6159 2.8000
    endloop
  endfacet
  facet normal 0.000000 0.000000 1.000000
    outer loop
      vertex 17.7000 2.3000 2.8000
      vertex 15.3694 6.9000 2.8000
      vertex 14.9188 6.2257 2.8000
    endloop
  endfacet
  facet normal 0.000000 0.000000 1.000000
    outer loop
      vertex 17.7000 2.3000 2.8000
      vertex 15.7281 7.6274 2.8000
      vertex 15.3694 6.9000 2.8000
    endloop
  endfacet
  facet normal 0.000000 0.000000 1.000000
    outer loop
      vertex 17.7000 2.3000 2.8000
      vertex 15.9887 8.3953 2.8000
      vertex 15.7281 7.6274 2.8000
    endloop
  endfacet
  facet normal 0.000000 0.000000 1.000000
    outer loop
      vertex 17.7000 2.3000 2.8000
      vertex 16.1470 9.1907 2.8000
      vertex 15.9887 8.3953 2.8000
    endloop
  endfacet
  facet normal 0.000000 0.000000 1.000000
    outer loop
      vertex 17.7000 2.3000 2.8000
      vertex 16.2000 10.0000 2.8000
      vertex 16.1470 9.1907 2.8000
    endloop
  endfacet
  facet normal 0.000000 0.000000 1.000000
    outer loop
      vertex 17.7000 2.3000 2.8000
      vertex 16.1470 10.8093 2.8000
      vertex 16.2000 10.0000 2.8000
    endloop
  endfacet
  facet normal 0.000000 0.000000 -1.000000
    outer loop
      vertex 17.7000 2.3000 2.8000
      vertex 15.9887 11.6047 2.8000
      vertex 16.1470 10.8093 2.8000
    endloop
  endfacet
  facet normal 0.000000 0.000000 -1.000000
    outer loop
      vertex 17.7000 2.3000 2.8000
      vertex 15.7281 12.3726 2.8000
      vertex 15.9887 11.6047 2.8000
    endloop
  endfacet
  facet normal 0.000000 0.000000 -1.000000
    outer loop
      vertex 17.7000 2.3000 2.8000
      vertex 15.3694 13.1000 2.8000
      vertex 15.7281 12.3726 2.8000
    endloop
  endfacet
  facet normal 0.000000 0.000000 -1.000000
    outer loop
      vertex 17.7000 2.3000 2.8000
      vertex 14.9188 13.7743 2.8000
      vertex 15.3694 13.1000 2.8000
    endloop
  endfacet
  facet normal 0.000000 -0.000000 1.000000
    outer loop
      vertex 17.7000 2.3000 2.8000
      vertex 17.7000 17.7000 2.8000
      vertex 14.9188 13.7743 2.8000
    endloop
  endfacet
  facet normal 0.000000 0.000000 1.000000
    outer loop
      vertex 17.7000 17.7000 2.8000
      vertex 14.3841 14.3841 2.8000
      vertex 14.9188 13.7743 2.8000
    endloop
  endfacet
  facet normal 0.000000 0.000000 1.000000
    outer loop
      vertex 17.7000 17.7000 2.8000
      vertex 13.7743 14.9188 2.8000
      vertex 14.3841 14.3841 2.8000
    endloop
  endfacet
  facet normal 0.000000 0.000000 1.000000
    outer loop
      vertex 17.7000 17.7000 2.8000
      vertex 13.1000 15.3694 2.8000
      vertex 13.7743 14.9188 2.8000
    endloop
  endfacet
  facet normal 0.000000 0.000000 1.000000
    outer loop
      vertex 17.7000 17.7000 2.8000
      vertex 12.3726 15.7281 2.8000
      vertex 13.1000 15.3694 2.8000
    endloop
  endfacet
  facet normal 0.000000 0.000000 1.000000
    outer loop
      vertex 17.7000 17.7000 2.8000
      vertex 11.6047 15.9887 2.8000
      vertex 12.3726 15.7281 2.8000
    endloop
  endfacet
  facet normal 0.000000 0.000000 1.000000
    outer loop
      vertex 17.7000 17.7000 2.8000
      vertex 10.8093 16.1470 2.8000
      vertex 11.6047 15.9887 2.8000
    endloop
  endfacet
  facet normal 0.000000 0.000000 1.000000
    outer loop
      vertex 17.7000 17.7000 2.8000
      vertex 10.0000 16.2000 2.8000
      vertex 10.8093 16.1470 2.8000
    endloop
  endfacet
  facet normal 0.000000 0.000000 1.000000
    outer loop
      vertex 17.7000 17.7000 2.8000
      vertex 9.1907 16.1470 2.8000
      vertex 10.0000 16.2000 2.8000
    endloop
  endfacet
  facet normal 0.000000 0.000000 -1.000000
    outer loop
      vertex 17.7000 17.7000 2.8000
      vertex 8.3953 15.9887 2.8000
      vertex 9.1907 16.1470 2.8000
    endloop
  endfacet
  facet normal 0.000000 0.000000 -1.000000
    outer loop
      vertex 17.7000 17.7000 2.8000
      vertex 7.6274 15.7281 2.8000
      vertex 8.3953 15.9887 2.8000
    endloop
  endfacet
  facet normal 0.000000 0.000000 -1.000000
    outer loop
      vertex 17.7000 17.7000 2.8000
      vertex 6.9000 15.3694 2.8000
      vertex 7.6274 15.7281 2.8000
    endloop
  endfacet
  facet normal 0.000000 0.000000 -1.000000
    outer loop
      vertex 17.7000 17.7000 2.8000
      vertex 6.2257 14.9188 2.8000
      vertex 6.9000 15.3694 2.8000
    endloop
  endfacet
  facet normal 0.000000 0.000000 1.000000
    outer loop
      vertex 17.7000 17.7000 2.8000
      vertex 2.3000 17.7000 2.8000
      vertex 6.2257 14.9188 2.8000
    endloop
  endfacet
  facet normal 0.000000 0.000000 1.000000
    outer loop
      vertex 2.3000 17.7000 2.8000
      vertex 5.6159 14.3841 2.8000
      vertex 6.2257 14.9188 2.8000
    endloop
  endfacet
  facet normal 0.000000 0.000000 1.000000
    outer loop
      vertex 2.3000 17.7000 2.8000
      vertex 5.0812 13.7743 2.8000
      vertex 5.6159 14.3841 2.8000
    endloop
  endfacet
  facet normal 0.000000 0.000000 1.000000
    outer loop
      vertex 2.3000 17.7000 2.8000
      vertex 4.6306 13.1000 2.8000
      vertex 5.0812 13.7743 2.8000
    endloop
  endfacet
  facet normal 0.000000 0.000000 1.000000
    outer loop
      vertex 2.3000 17.7000 2.8000
      vertex 4.2719 12.3726 2.8000
      vertex 4.6306 13.1000 2.8000
    endloop
  endfacet
  facet normal 0.000000 0.000000 1.000000
    outer loop
      vertex 2.3000 17.7000 2.8000
      vertex 4.0113 11.6047 2.8000
      vertex 4.2719 12.3726 2.8000
    endloop
  endfacet
  facet normal 0.000000 0.000000 1.000000
    outer loop
      vertex 2.3000 17.7000 2.8000
      vertex 3.8530 10.8093 2.8000
      vertex 4.0113 11.6047 2.8000
    endloop
  endfacet
  facet normal 0.000000 0.000000 1.000000
    outer loop
      vertex 2.3000 17.7000 2.8000
      vertex 3.8000 10.0000 2.8000
      vertex 3.8530 10.8093 2.8000
    endloop
  endfacet
  facet normal 0.000000 0.000000 1.000000
    outer loop
      vertex 2.3000 17.7000 2.8000
      vertex 3.8530 9.1907 2.8000
      vertex 3.8000 10.0000 2.8000
    endloop
  endfacet
  facet normal 0.000000 0.000000 -1.000000
    outer loop
      vertex 2.3000 17.7000 2.8000
      vertex 4.0113 8.3953 2.8000
      vertex 3.8530 9.1907 2.8000
    endloop
  endfacet
  facet normal 0.000000 0.000000 -1.000000
    outer loop
      vertex 2.3000 17.7000 2.8000
      vertex 4.2719 7.6274 2.8000
      vertex 4.0113 8.3953 2.8000
    endloop
  endfacet
  facet normal 0.000000 0.000000 -1.000000
    outer loop
      vertex 2.3000 17.7000 2.8000
      vertex 4.6306 6.9000 2.8000
      vertex 4.2719 7.6274 2.8000
    endloop
  endfacet
  facet normal 0.000000 0.000000 -1.000000
    outer loop
      vertex 2.3000 17.7000 2.8000
      vertex 5.0812 6.2257 2.8000
      vertex 4.6306 6.9000 2.8000
    endloop
  endfacet
  facet normal 0.000000 0.000000 -1.000000
    outer loop
      vertex 2.3000 17.7000 2.8000
      vertex 5.6159 5.6159 2.8000
      vertex 5.0812 6.2257 2.8000
    endloop
  endfacet
  facet normal 0.000000 0.000000 1.000000
    outer loop
      vertex 2.3000 17.7000 2.8000
      vertex 2.3000 2.3000 2.8000
      vertex 5.6159 5.6159 2.8000
    endloop
  endfacet
  facet normal 0.000000 0.000000 1.000000
    outer loop
      vertex 2.3000 2.3000 2.8000
      vertex 6.2257 5.0812 2.8000
      vertex 5.6159 5.6159 2.8000
    endloop
  endfacet
  facet normal 0.000000 0.000000 1.000000
    outer loop
      vertex 2.3000 17.7000 2.8000
      vertex 17.7000 17.7000 2.8000
      vertex 10.0000 18.9375 2.8000
    endloop
  endfacet
  facet normal 0.000000 -0.000000 1.000000
    outer loop
      vertex 17.7000 17.7000 2.8000
      vertex 17.7000 20.1750 2.8000
      vertex 10.0000 18.9375 2.8000
    endloop
  endfacet
  facet normal 0.000000 0.000000 1.000000
    outer loop
      vertex 17.7000 20.1750 2.8000
      vertex 2.3000 20.1750 2.8000
      vertex 10.0000 18.9375 2.8000
    endloop
  endfacet
  facet normal 0.000000 0.000000 1.000000
    outer loop
      vertex 2.3000 20.1750 2.8000
      vertex 2.3000 17.7000 2.8000
      vertex 10.0000 18.9375 2.8000
    endloop
  endfacet
  facet normal 0.000000 0.000000 1.000000
    outer loop
      vertex 2.3000 20.1750 2.8000
      vertex 17.7000 20.1750 2.8000
      vertex 10.0000 21.4125 2.8000
    endloop
  endfacet
  facet normal 0.000000 -0.000000 1.000000
    outer loop
      vertex 17.7000 20.1750 2.8000
      vertex 17.7000 22.6500 2.8000
      vertex 10.0000 21.4125 2.8000
    endloop
  endfacet
  facet normal 0.000000 0.000000 1.000000
    outer loop
      vertex 17.7000 22.6500 2.8000
      vertex 2.3000 22.6500 2.8000
      vertex 10.0000 21.4125 2.8000
    endloop
  endfacet
  facet normal 0.000000 0.000000 1.000000
    outer loop
      vertex 2.3000 22.6500 2.8000
      vertex 2.3000 20.1750 2.8000
      vertex 10.0000 21.4125 2.8000
    endloop
  endfacet
  facet normal 0.000000 0.000000 1.000000
    outer loop
      vertex 2.3000 22.6500 2.8000
      vertex 9.2639 24.5750 2.8000
      vertex 9.2147 24.6747 2.8000
    endloop
  endfacet
  facet normal 0.000000 0.000000 1.000000
    outer loop
      vertex 2.3000 22.6500 2.8000
      vertex 9.3256 24.4826 2.8000
      vertex 9.2639 24.5750 2.8000
    endloop
  endfacet
  facet normal 0.000000 0.000000 1.000000
    outer loop
      vertex 2.3000 22.6500 2.8000
      vertex 9.3990 24.3990 2.8000
      vertex 9.3256 24.4826 2.8000
    endloop
  endfacet
  facet normal 0.000000 0.000000 1.000000
    outer loop
      vertex 2.3000 22.6500 2.8000
      vertex 9.4826 24.3256 2.8000
      vertex 9.3990 24.3990 2.8000
    endloop
  endfacet
  facet normal 0.000000 0.000000 1.000000
    outer loop
      vertex 2.3000 22.6500 2.8000
      vertex 9.5750 24.2639 2.8000
      vertex 9.4826 24.3256 2.8000
    endloop
  endfacet
  facet normal 0.000000 0.000000 1.000000
    outer loop
      vertex 2.3000 22.6500 2.8000
      vertex 9.6747 24.2147 2.8000
      vertex 9.5750 24.2639 2.8000
    endloop
  endfacet
  facet normal 0.000000 0.000000 1.000000
    outer loop
      vertex 2.3000 22.6500 2.8000
      vertex 9.7800 24.1790 2.8000
      vertex 9.6747 24.2147 2.8000
    endloop
  endfacet
  facet normal 0.000000 0.000000 1.000000
    outer loop
      vertex 2.3000 22.6500 2.8000
      vertex 9.8891 24.1573 2.8000
      vertex 9.7800 24.1790 2.8000
    endloop
  endfacet
  facet normal 0.000000 0.000000 1.000000
    outer loop
      vertex 2.3000 22.6500 2.8000
      vertex 10.0000 24.1500 2.8000
      vertex 9.8891 24.1573 2.8000
    endloop
  endfacet
  facet normal 0.000000 0.000000 1.000000
    outer loop
      vertex 2.3000 22.6500 2.8000
      vertex 10.1109 24.1573 2.8000
      vertex 10.0000 24.1500 2.8000
    endloop
  endfacet
  facet normal 0.000000 0.000000 -1.000000
    outer loop
      vertex 2.3000 22.6500 2.8000
      vertex 10.2200 24.1790 2.8000
      vertex 10.1109 24.1573 2.8000
    endloop
  endfacet
  facet normal 0.000000 0.000000 -1.000000
    outer loop
      vertex 2.3000 22.6500 2.8000
      vertex 10.3253 24.2147 2.8000
      vertex 10.2200 24.1790 2.8000
    endloop
  endfacet
  facet normal 0.000000 0.000000 -1.000000
    outer loop
      vertex 2.3000 22.6500 2.8000
      vertex 10.4250 24.2639 2.8000
      vertex 10.3253 24.2147 2.8000
    endloop
  endfacet
  facet normal 0.000000 0.000000 -1.000000
    outer loop
      vertex 2.3000 22.6500 2.8000
      vertex 10.5174 24.3256 2.8000
      vertex 10.4250 24.2639 2.8000
    endloop
  endfacet
  facet normal 0.000000 0.000000 -1.000000
    outer loop
      vertex 2.3000 22.6500 2.8000
      vertex 10.6010 24.3990 2.8000
      vertex 10.5174 24.3256 2.8000
    endloop
  endfacet
  facet normal 0.000000 0.000000 -1.000000
    outer loop
      vertex 2.3000 22.6500 2.8000
      vertex 10.6744 24.4826 2.8000
      vertex 10.6010 24.3990 2.8000
    endloop
  endfacet
  facet normal 0.000000 0.000000 -1.000000
    outer loop
      vertex 2.3000 22.6500 2.8000
      vertex 10.7361 24.5750 2.8000
      vertex 10.6744 24.4826 2.8000
    endloop
  endfacet
  facet normal 0.000000 0.000000 -1.000000
    outer loop
      vertex 2.3000 22.6500 2.8000
      vertex 10.7853 24.6747 2.8000
      vertex 10.7361 24.5750 2.8000
    endloop
  endfacet
  facet normal 0.000000 0.000000 1.000000
    outer loop
      vertex 2.3000 22.6500 2.8000
      vertex 17.7000 22.6500 2.8000
      vertex 10.7853 24.6747 2.8000
    endloop
  endfacet
  facet normal 0.000000 0.000000 1.000000
    outer loop
      vertex 17.7000 22.6500 2.8000
      vertex 10.8210 24.7800 2.8000
      vertex 10.7853 24.6747 2.8000
    endloop
  endfacet
  facet normal 0.000000 0.000000 1.000000
    outer loop
      vertex 17.7000 22.6500 2.8000
      vertex 10.8427 24.8891 2.8000
      vertex 10.8210 24.7800 2.8000
    endloop
  endfacet
  facet normal 0.000000 0.000000 1.000000
    outer loop
      vertex 17.7000 22.6500 2.8000
      vertex 10.8500 25.0000 2.8000
      vertex 10.8427 24.8891 2.8000
    endloop
  endfacet
  facet normal 0.000000 0.000000 1.000000
    outer loop
      vertex 17.7000 22.6500 2.8000
      vertex 10.8427 25.1109 2.8000
      vertex 10.8500 25.0000 2.8000
    endloop
  endfacet
  facet normal 0.000000 0.000000 1.000000
    outer loop
      vertex 17.7000 22.6500 2.8000
      vertex 10.8210 25.2200 2.8000
      vertex 10.8427 25.1109 2.8000
    endloop
  endfacet
  facet normal 0.000000 -0.000000 1.000000
    outer loop
      vertex 17.7000 22.6500 2.8000
      vertex 17.7000 27.3500 2.8000
      vertex 10.8210 25.2200 2.8000
    endloop
  endfacet
  facet normal 0.000000 0.000000 1.000000
    outer loop
      vertex 17.7000 27.3500 2.8000
      vertex 10.7853 25.3253 2.8000
      vertex 10.8210 25.2200 2.8000
    endloop
  endfacet
  facet normal 0.000000 0.000000 1.000000
    outer loop
      vertex 17.7000 27.3500 2.8000
      vertex 10.7361 25.4250 2.8000
      vertex 10.7853 25.3253 2.8000
    endloop
  endfacet
  facet normal 0.000000 0.000000 1.000000
    outer loop
      vertex 17.7000 27.3500 2.8000
      vertex 10.6744 25.5174 2.8000
      vertex 10.7361 25.4250 2.8000
    endloop
  endfacet
  facet normal 0.000000 0.000000 1.000000
    outer loop
      vertex 17.7000 27.3500 2.8000
      vertex 10.6010 25.6010 2.8000
      vertex 10.6744 25.5174 2.8000
    endloop
  endfacet
  facet normal 0.000000 0.000000 1.000000
    outer loop
      vertex 17.7000 27.3500 2.8000
      vertex 10.5174 25.6744 2.8000
      vertex 10.6010 25.6010 2.8000
    endloop
  endfacet
  facet normal 0.000000 0.000000 1.000000
    outer loop
      vertex 17.7000 27.3500 2.8000
      vertex 10.4250 25.7361 2.8000
      vertex 10.5174 25.6744 2.8000
    endloop
  endfacet
  facet normal 0.000000 0.000000 1.000000
    outer loop
      vertex 17.7000 27.3500 2.8000
      vertex 10.3253 25.7853 2.8000
      vertex 10.4250 25.7361 2.8000
    endloop
  endfacet
  facet normal 0.000000 0.000000 1.000000
    outer loop
      vertex 17.7000 27.3500 2.8000
      vertex 10.2200 25.8210 2.8000
      vertex 10.3253 25.7853 2.8000
    endloop
  endfacet
  facet normal 0.000000 0.000000 1.000000
    outer loop
      vertex 17.7000 27.3500 2.8000
      vertex 10.1109 25.8427 2.8000
      vertex 10.2200 25.8210 2.8000
    endloop
  endfacet
  facet normal 0.000000 0.000000 1.000000
    outer loop
      vertex 17.7000 27.3500 2.8000
      vertex 10.0000 25.8500 2.8000
      vertex 10.1109 25.8427 2.8000
    endloop
  endfacet
  facet normal 0.000000 0.000000 1.000000
    outer loop
      vertex 17.7000 27.3500 2.8000
      vertex 9.8891 25.8427 2.8000
      vertex 10.0000 25.8500 2.8000
    endloop
  endfacet
  facet normal 0.000000 0.000000 -1.000000
    outer loop
      vertex 17.7000 27.3500 2.8000
      vertex 9.7800 25.8210 2.8000
      vertex 9.8891 25.8427 2.8000
    endloop
  endfacet
  facet normal 0.000000 0.000000 -1.000000
    outer loop
      vertex 17.7000 27.3500 2.8000
      vertex 9.6747 25.7853 2.8000
      vertex 9.7800 25.8210 2.8000
    endloop
  endfacet
  facet normal 0.000000 0.000000 -1.000000
    outer loop
      vertex 17.7000 27.3500 2.8000
      vertex 9.5750 25.7361 2.8000
      vertex 9.6747 25.7853 2.8000
    endloop
  endfacet
  facet normal 0.000000 0.000000 -1.000000
    outer loop
      vertex 17.7000 27.3500 2.8000
      vertex 9.4826 25.6744 2.8000
      vertex 9.5750 25.7361 2.8000
    endloop
  endfacet
  facet normal 0.000000 0.000000 -1.000000
    outer loop
      vertex 17.7000 27.3500 2.8000
      vertex 9.3990 25.6010 2.8000
      vertex 9.4826 25.6744 2.8000
    endloop
  endfacet
  facet normal 0.000000 0.000000 -1.000000
    outer loop
      vertex 17.7000 27.3500 2.8000
      vertex 9.3256 25.5174 2.8000
      vertex 9.3990 25.6010 2.8000
    endloop
  endfacet
  facet normal 0.000000 0.000000 -1.000000
    outer loop
      vertex 17.7000 27.3500 2.8000
      vertex 9.2639 25.4250 2.8000
      vertex 9.3256 25.5174 2.8000
    endloop
  endfacet
  facet normal 0.000000 0.000000 -1.000000
    outer loop
      vertex 17.7000 27.3500 2.8000
      vertex 9.2147 25.3253 2.8000
      vertex 9.2639 25.4250 2.8000
    endloop
  endfacet
  facet normal 0.000000 0.000000 1.000000
    outer loop
      vertex 17.7000 27.3500 2.8000
      vertex 2.3000 27.3500 2.8000
      vertex 9.2147 25.3253 2.8000
    endloop
  endfacet
  facet normal 0.000000 0.000000 1.000000
    outer loop
      vertex 2.3000 27.3500 2.8000
      vertex 9.1790 25.2200 2.8000
      vertex 9.2147 25.3253 2.8000
    endloop
  endfacet
  facet normal 0.000000 0.000000 1.000000
    outer loop
      vertex 2.3000 27.3500 2.8000
      vertex 9.1573 25.1109 2.8000
      vertex 9.1790 25.2200 2.8000
    endloop
  endfacet
  facet normal 0.000000 0.000000 1.000000
    outer loop
      vertex 2.3000 27.3500 2.8000
      vertex 9.1500 25.0000 2.8000
      vertex 9.1573 25.1109 2.8000
    endloop
  endfacet
  facet normal 0.000000 0.000000 1.000000
    outer loop
      vertex 2.3000 27.3500 2.8000
      vertex 9.1573 24.8891 2.8000
      vertex 9.1500 25.0000 2.8000
    endloop
  endfacet
  facet normal 0.000000 0.000000 1.000000
    outer loop
      vertex 2.3000 27.3500 2.8000
      vertex 9.1790 24.7800 2.8000
      vertex 9.1573 24.8891 2.8000
    endloop
  endfacet
  facet normal 0.000000 0.000000 1.000000
    outer loop
      vertex 2.3000 27.3500 2.8000
      vertex 2.3000 22.6500 2.8000
      vertex 9.1790 24.7800 2.8000
    endloop
  endfacet
  facet normal 0.000000 0.000000 1.000000
    outer loop
      vertex 2.3000 22.6500 2.8000
      vertex 9.2147 24.6747 2.8000
      vertex 9.1790 24.7800 2.8000
    endloop
  endfacet
  facet normal 0.000000 0.000000 1.000000
    outer loop
      vertex 2.3000 27.3500 2.8000
      vertex 17.7000 27.3500 2.8000
      vertex 10.0000 31.1750 2.8000
    endloop
  endfacet
  facet normal 0.000000 -0.000000 1.000000
    outer loop
      vertex 17.7000 27.3500 2.8000
      vertex 17.7000 35.0000 2.8000
      vertex 10.0000 31.1750 2.8000
    endloop
  endfacet
  facet normal 0.000000 0.000000 1.000000
    outer loop
      vertex 17.7000 35.0000 2.8000
      vertex 2.3000 35.0000 2.8000
      vertex 10.0000 31.1750 2.8000
    endloop
  endfacet
  facet normal 0.000000 0.000000 1.000000
    outer loop
      vertex 2.3000 35.0000 2.8000
      vertex 2.3000 27.3500 2.8000
      vertex 10.0000 31.1750 2.8000
    endloop
  endfacet
  facet normal 0.000000 0.000000 1.000000
    outer loop
      vertex 2.3000 35.0000 2.8000
      vertex 17.7000 35.0000 2.8000
      vertex 10.0000 38.8250 2.8000
    endloop
  endfacet
  facet normal 0.000000 -0.000000 1.000000
    outer loop
      vertex 17.7000 35.0000 2.8000
      vertex 17.7000 42.6500 2.8000
      vertex 10.0000 38.8250 2.8000
    endloop
  endfacet
  facet normal 0.000000 0.000000 1.000000
    outer loop
      vertex 17.7000 42.6500 2.8000
      vertex 2.3000 42.6500 2.8000
      vertex 10.0000 38.8250 2.8000
    endloop
  endfacet
  facet normal 0.000000 0.000000 1.000000
    outer loop
      vertex 2.3000 42.6500 2.8000
      vertex 2.3000 35.0000 2.8000
      vertex 10.0000 38.8250 2.8000
    endloop
  endfacet
  facet normal 0.000000 0.000000 1.000000
    outer loop
      vertex 2.3000 42.6500 2.8000
      vertex 9.2639 44.5750 2.8000
      vertex 9.2147 44.6747 2.8000
    endloop
  endfacet
  facet normal 0.000000 0.000000 1.000000
    outer loop
      vertex 2.3000 42.6500 2.8000
      vertex 9.3256 44.4826 2.8000
      vertex 9.2639 44.5750 2.8000
    endloop
  endfacet
  facet normal 0.000000 0.000000 1.000000
    outer loop
      vertex 2.3000 42.6500 2.8000
      vertex 9.3990 44.3990 2.8000
      vertex 9.3256 44.4826 2.8000
    endloop
  endfacet
  facet normal 0.000000 0.000000 1.000000
    outer loop
      vertex 2.3000 42.6500 2.8000
      vertex 9.4826 44.3256 2.8000
      vertex 9.3990 44.3990 2.8000
    endloop
  endfacet
  facet normal 0.000000 0.000000 1.000000
    outer loop
      vertex 2.3000 42.6500 2.8000
      vertex 9.5750 44.2639 2.8000
      vertex 9.4826 44.3256 2.8000
    endloop
  endfacet
  facet normal 0.000000 0.000000 1.000000
    outer loop
      vertex 2.3000 42.6500 2.8000
      vertex 9.6747 44.2147 2.8000
      vertex 9.5750 44.2639 2.8000
    endloop
  endfacet
  facet normal 0.000000 0.000000 1.000000
    outer loop
      vertex 2.3000 42.6500 2.8000
      vertex 9.7800 44.1790 2.8000
      vertex 9.6747 44.2147 2.8000
    endloop
  endfacet
  facet normal 0.000000 0.000000 1.000000
    outer loop
      vertex 2.3000 42.6500 2.8000
      vertex 9.8891 44.1573 2.8000
      vertex 9.7800 44.1790 2.8000
    endloop
  endfacet
  facet normal 0.000000 0.000000 1.000000
    outer loop
      vertex 2.3000 42.6500 2.8000
      vertex 10.0000 44.1500 2.8000
      vertex 9.8891 44.1573 2.8000
    endloop
  endfacet
  facet normal 0.000000 0.000000 1.000000
    outer loop
      vertex 2.3000 42.6500 2.8000
      vertex 10.1109 44.1573 2.8000
      vertex 10.0000 44.1500 2.8000
    endloop
  endfacet
  facet normal 0.000000 0.000000 -1.000000
    outer loop
      vertex 2.3000 42.6500 2.8000
      vertex 10.2200 44.1790 2.8000
      vertex 10.1109 44.1573 2.8000
    endloop
  endfacet
  facet normal 0.000000 0.000000 -1.000000
    outer loop
      vertex 2.3000 42.6500 2.8000
      vertex 10.3253 44.2147 2.8000
      vertex 10.2200 44.1790 2.8000
    endloop
  endfacet
  facet normal 0.000000 0.000000 -1.000000
    outer loop
      vertex 2.3000 42.6500 2.8000
      vertex 10.4250 44.2639 2.8000
      vertex 10.3253 44.2147 2.8000
    endloop
  endfacet
  facet normal 0.000000 0.000000 -1.000000
    outer loop
      vertex 2.3000 42.6500 2.8000
      vertex 10.5174 44.3256 2.8000
      vertex 10.4250 44.2639 2.8000
    endloop
  endfacet
  facet normal 0.000000 0.000000 -1.000000
    outer loop
      vertex 2.3000 42.6500 2.8000
      vertex 10.6010 44.3990 2.8000
      vertex 10.5174 44.3256 2.8000
    endloop
  endfacet
  facet normal 0.000000 0.000000 -1.000000
    outer loop
      vertex 2.3000 42.6500 2.8000
      vertex 10.6744 44.4826 2.8000
      vertex 10.6010 44.3990 2.8000
    endloop
  endfacet
  facet normal 0.000000 0.000000 -1.000000
    outer loop
      vertex 2.3000 42.6500 2.8000
      vertex 10.7361 44.5750 2.8000
      vertex 10.6744 44.4826 2.8000
    endloop
  endfacet
  facet normal 0.000000 0.000000 -1.000000
    outer loop
      vertex 2.3000 42.6500 2.8000
      vertex 10.7853 44.6747 2.8000
      vertex 10.7361 44.5750 2.8000
    endloop
  endfacet
  facet normal 0.000000 0.000000 1.000000
    outer loop
      vertex 2.3000 42.6500 2.8000
      vertex 17.7000 42.6500 2.8000
      vertex 10.7853 44.6747 2.8000
    endloop
  endfacet
  facet normal 0.000000 0.000000 1.000000
    outer loop
      vertex 17.7000 42.6500 2.8000
      vertex 10.8210 44.7800 2.8000
      vertex 10.7853 44.6747 2.8000
    endloop
  endfacet
  facet normal 0.000000 0.000000 1.000000
    outer loop
      vertex 17.7000 42.6500 2.8000
      vertex 10.8427 44.8891 2.8000
      vertex 10.8210 44.7800 2.8000
    endloop
  endfacet
  facet normal 0.000000 0.000000 1.000000
    outer loop
      vertex 17.7000 42.6500 2.8000
      vertex 10.8500 45.0000 2.8000
      vertex 10.8427 44.8891 2.8000
    endloop
  endfacet
  facet normal 0.000000 0.000000 1.000000
    outer loop
      vertex 17.7000 42.6500 2.8000
      vertex 10.8427 45.1109 2.8000
      vertex 10.8500 45.0000 2.8000
    endloop
  endfacet
  facet normal 0.000000 0.000000 1.000000
    outer loop
      vertex 17.7000 42.6500 2.8000
      vertex 10.8210 45.2200 2.8000
      vertex 10.8427 45.1109 2.8000
    endloop
  endfacet
  facet normal 0.000000 -0.000000 1.000000
    outer loop
      vertex 17.7000 42.6500 2.8000
      vertex 17.7000 47.3500 2.8000
      vertex 10.8210 45.2200 2.8000
    endloop
  endfacet
  facet normal 0.000000 0.000000 1.000000
    outer loop
      vertex 17.7000 47.3500 2.8000
      vertex 10.7853 45.3253 2.8000
      vertex 10.8210 45.2200 2.8000
    endloop
  endfacet
  facet normal 0.000000 0.000000 1.000000
    outer loop
      vertex 17.7000 47.3500 2.8000
      vertex 10.7361 45.4250 2.8000
      vertex 10.7853 45.3253 2.8000
    endloop
  endfacet
  facet normal 0.000000 0.000000 1.000000
    outer loop
      vertex 17.7000 47.3500 2.8000
      vertex 10.6744 45.5174 2.8000
      vertex 10.7361 45.4250 2.8000
    endloop
  endfacet
  facet normal 0.000000 0.000000 1.000000
    outer loop
      vertex 17.7000 47.3500 2.8000
      vertex 10.6010 45.6010 2.8000
      vertex 10.6744 45.5174 2.8000
    endloop
  endfacet
  facet normal 0.000000 0.000000 1.000000
    outer loop
      vertex 17.7000 47.3500 2.8000
      vertex 10.5174 45.6744 2.8000
      vertex 10.6010 45.6010 2.8000
    endloop
  endfacet
  facet normal 0.000000 0.000000 1.000000
    outer loop
      vertex 17.7000 47.3500 2.8000
      vertex 10.4250 45.7361 2.8000
      vertex 10.5174 45.6744 2.8000
    endloop
  endfacet
  facet normal 0.000000 0.000000 1.000000
    outer loop
      vertex 17.7000 47.3500 2.8000
      vertex 10.3253 45.7853 2.8000
      vertex 10.4250 45.7361 2.8000
    endloop
  endfacet
  facet normal 0.000000 0.000000 1.000000
    outer loop
      vertex 17.7000 47.3500 2.8000
      vertex 10.2200 45.8210 2.8000
      vertex 10.3253 45.7853 2.8000
    endloop
  endfacet
  facet normal 0.000000 0.000000 1.000000
    outer loop
      vertex 17.7000 47.3500 2.8000
      vertex 10.1109 45.8427 2.8000
      vertex 10.2200 45.8210 2.8000
    endloop
  endfacet
  facet normal 0.000000 0.000000 1.000000
    outer loop
      vertex 17.7000 47.3500 2.8000
      vertex 10.0000 45.8500 2.8000
      vertex 10.1109 45.8427 2.8000
    endloop
  endfacet
  facet normal 0.000000 0.000000 1.000000
    outer loop
      vertex 17.7000 47.3500 2.8000
      vertex 9.8891 45.8427 2.8000
      vertex 10.0000 45.8500 2.8000
    endloop
  endfacet
  facet normal 0.000000 0.000000 -1.000000
    outer loop
      vertex 17.7000 47.3500 2.8000
      vertex 9.7800 45.8210 2.8000
      vertex 9.8891 45.8427 2.8000
    endloop
  endfacet
  facet normal 0.000000 0.000000 -1.000000
    outer loop
      vertex 17.7000 47.3500 2.8000
      vertex 9.6747 45.7853 2.8000
      vertex 9.7800 45.8210 2.8000
    endloop
  endfacet
  facet normal 0.000000 0.000000 -1.000000
    outer loop
      vertex 17.7000 47.3500 2.8000
      vertex 9.5750 45.7361 2.8000
      vertex 9.6747 45.7853 2.8000
    endloop
  endfacet
  facet normal 0.000000 0.000000 -1.000000
    outer loop
      vertex 17.7000 47.3500 2.8000
      vertex 9.4826 45.6744 2.8000
      vertex 9.5750 45.7361 2.8000
    endloop
  endfacet
  facet normal 0.000000 0.000000 -1.000000
    outer loop
      vertex 17.7000 47.3500 2.8000
      vertex 9.3990 45.6010 2.8000
      vertex 9.4826 45.6744 2.8000
    endloop
  endfacet
  facet normal 0.000000 0.000000 -1.000000
    outer loop
      vertex 17.7000 47.3500 2.8000
      vertex 9.3256 45.5174 2.8000
      vertex 9.3990 45.6010 2.8000
    endloop
  endfacet
  facet normal 0.000000 0.000000 -1.000000
    outer loop
      vertex 17.7000 47.3500 2.8000
      vertex 9.2639 45.4250 2.8000
      vertex 9.3256 45.5174 2.8000
    endloop
  endfacet
  facet normal 0.000000 0.000000 -1.000000
    outer loop
      vertex 17.7000 47.3500 2.8000
      vertex 9.2147 45.3253 2.8000
      vertex 9.2639 45.4250 2.8000
    endloop
  endfacet
  facet normal 0.000000 0.000000 1.000000
    outer loop
      vertex 17.7000 47.3500 2.8000
      vertex 2.3000 47.3500 2.8000
      vertex 9.2147 45.3253 2.8000
    endloop
  endfacet
  facet normal 0.000000 0.000000 1.000000
    outer loop
      vertex 2.3000 47.3500 2.8000
      vertex 9.1790 45.2200 2.8000
      vertex 9.2147 45.3253 2.8000
    endloop
  endfacet
  facet normal 0.000000 0.000000 1.000000
    outer loop
      vertex 2.3000 47.3500 2.8000
      vertex 9.1573 45.1109 2.8000
      vertex 9.1790 45.2200 2.8000
    endloop
  endfacet
  facet normal 0.000000 0.000000 1.000000
    outer loop
      vertex 2.3000 47.3500 2.8000
      vertex 9.1500 45.0000 2.8000
      vertex 9.1573 45.1109 2.8000
    endloop
  endfacet
  facet normal 0.000000 0.000000 1.000000
    outer loop
      vertex 2.3000 47.3500 2.8000
      vertex 9.1573 44.8891 2.8000
      vertex 9.1500 45.0000 2.8000
    endloop
  endfacet
  facet normal 0.000000 0.000000 1.000000
    outer loop
      vertex 2.3000 47.3500 2.8000
      vertex 9.1790 44.7800 2.8000
      vertex 9.1573 44.8891 2.8000
    endloop
  endfacet
  facet normal 0.000000 0.000000 1.000000
    outer loop
      vertex 2.3000 47.3500 2.8000
      vertex 2.3000 42.6500 2.8000
      vertex 9.1790 44.7800 2.8000
    endloop
  endfacet
  facet normal 0.000000 0.000000 1.000000
    outer loop
      vertex 2.3000 42.6500 2.8000
      vertex 9.2147 44.6747 2.8000
      vertex 9.1790 44.7800 2.8000
    endloop
  endfacet
  facet normal 0.000000 0.000000 1.000000
    outer loop
      vertex 2.3000 47.3500 2.8000
      vertex 17.7000 47.3500 2.8000
      vertex 10.0000 50.1375 2.8000
    endloop
  endfacet
  facet normal 0.000000 -0.000000 1.000000
    outer loop
      vertex 17.7000 47.3500 2.8000
      vertex 17.7000 52.9250 2.8000
      vertex 10.0000 50.1375 2.8000
    endloop
  endfacet
  facet normal 0.000000 0.000000 1.000000
    outer loop
      vertex 17.7000 52.9250 2.8000
      vertex 2.3000 52.9250 2.8000
      vertex 10.0000 50.1375 2.8000
    endloop
  endfacet
  facet normal 0.000000 0.000000 1.000000
    outer loop
      vertex 2.3000 52.9250 2.8000
      vertex 2.3000 47.3500 2.8000
      vertex 10.0000 50.1375 2.8000
    endloop
  endfacet
  facet normal 0.000000 0.000000 1.000000
    outer loop
      vertex 2.3000 52.9250 2.8000
      vertex 17.7000 52.9250 2.8000
      vertex 10.0000 55.7125 2.8000
    endloop
  endfacet
  facet normal 0.000000 -0.000000 1.000000
    outer loop
      vertex 17.7000 52.9250 2.8000
      vertex 17.7000 58.5000 2.8000
      vertex 10.0000 55.7125 2.8000
    endloop
  endfacet
  facet normal 0.000000 0.000000 1.000000
    outer loop
      vertex 17.7000 58.5000 2.8000
      vertex 2.3000 58.5000 2.8000
      vertex 10.0000 55.7125 2.8000
    endloop
  endfacet
  facet normal 0.000000 0.000000 1.000000
    outer loop
      vertex 2.3000 58.5000 2.8000
      vertex 2.3000 52.9250 2.8000
      vertex 10.0000 55.7125 2.8000
    endloop
  endfacet
  facet normal 0.000000 0.000000 1.000000
    outer loop
      vertex 2.3000 58.5000 2.8000
      vertex 6.9000 60.8306 2.8000
      vertex 6.2257 61.2812 2.8000
    endloop
  endfacet
  facet normal 0.000000 0.000000 1.000000
    outer loop
      vertex 2.3000 58.5000 2.8000
      vertex 7.6274 60.4719 2.8000
      vertex 6.9000 60.8306 2.8000
    endloop
  endfacet
  facet normal 0.000000 0.000000 1.000000
    outer loop
      vertex 2.3000 58.5000 2.8000
      vertex 8.3953 60.2113 2.8000
      vertex 7.6274 60.4719 2.8000
    endloop
  endfacet
  facet normal 0.000000 0.000000 1.000000
    outer loop
      vertex 2.3000 58.5000 2.8000
      vertex 9.1907 60.0530 2.8000
      vertex 8.3953 60.2113 2.8000
    endloop
  endfacet
  facet normal 0.000000 0.000000 1.000000
    outer loop
      vertex 2.3000 58.5000 2.8000
      vertex 10.0000 60.0000 2.8000
      vertex 9.1907 60.0530 2.8000
    endloop
  endfacet
  facet normal 0.000000 0.000000 1.000000
    outer loop
      vertex 2.3000 58.5000 2.8000
      vertex 10.8093 60.0530 2.8000
      vertex 10.0000 60.0000 2.8000
    endloop
  endfacet
  facet normal 0.000000 0.000000 -1.000000
    outer loop
      vertex 2.3000 58.5000 2.8000
      vertex 11.6047 60.2113 2.8000
      vertex 10.8093 60.0530 2.8000
    endloop
  endfacet
  facet normal 0.000000 0.000000 -1.000000
    outer loop
      vertex 2.3000 58.5000 2.8000
      vertex 12.3726 60.4719 2.8000
      vertex 11.6047 60.2113 2.8000
    endloop
  endfacet
  facet normal 0.000000 0.000000 -1.000000
    outer loop
      vertex 2.3000 58.5000 2.8000
      vertex 13.1000 60.8306 2.8000
      vertex 12.3726 60.4719 2.8000
    endloop
  endfacet
  facet normal 0.000000 0.000000 -1.000000
    outer loop
      vertex 2.3000 58.5000 2.8000
      vertex 13.7743 61.2812 2.8000
      vertex 13.1000 60.8306 2.8000
    endloop
  endfacet
  facet normal 0.000000 0.000000 1.000000
    outer loop
      vertex 2.3000 58.5000 2.8000
      vertex 17.7000 58.5000 2.8000
      vertex 13.7743 61.2812 2.8000
    endloop
  endfacet
  facet normal 0.000000 0.000000 1.000000
    outer loop
      vertex 17.7000 58.5000 2.8000
      vertex 14.3841 61.8159 2.8000
      vertex 13.7743 61.2812 2.8000
    endloop
  endfacet
  facet normal 0.000000 0.000000 1.000000
    outer loop
      vertex 17.7000 58.5000 2.8000
      vertex 14.9188 62.4257 2.8000
      vertex 14.3841 61.8159 2.8000
    endloop
  endfacet
  facet normal 0.000000 0.000000 1.000000
    outer loop
      vertex 17.7000 58.5000 2.8000
      vertex 15.3694 63.1000 2.8000
      vertex 14.9188 62.4257 2.8000
    endloop
  endfacet
  facet normal 0.000000 0.000000 1.000000
    outer loop
      vertex 17.7000 58.5000 2.8000
      vertex 15.7281 63.8274 2.8000
      vertex 15.3694 63.1000 2.8000
    endloop
  endfacet
  facet normal 0.000000 0.000000 1.000000
    outer loop
      vertex 17.7000 58.5000 2.8000
      vertex 15.9887 64.5953 2.8000
      vertex 15.7281 63.8274 2.8000
    endloop
  endfacet
  facet normal 0.000000 0.000000 1.000000
    outer loop
      vertex 17.7000 58.5000 2.8000
      vertex 16.1470 65.3907 2.8000
      vertex 15.9887 64.5953 2.8000
    endloop
  endfacet
  facet normal 0.000000 0.000000 1.000000
    outer loop
      vertex 17.7000 58.5000 2.8000
      vertex 16.2000 66.2000 2.8000
      vertex 16.1470 65.3907 2.8000
    endloop
  endfacet
  facet normal 0.000000 0.000000 1.000000
    outer loop
      vertex 17.7000 58.5000 2.8000
      vertex 16.1470 67.0093 2.8000
      vertex 16.2000 66.2000 2.8000
    endloop
  endfacet
  facet normal 0.000000 0.000000 -1.000000
    outer loop
      vertex 17.7000 58.5000 2.8000
      vertex 15.9887 67.8047 2.8000
      vertex 16.1470 67.0093 2.8000
    endloop
  endfacet
  facet normal 0.000000 0.000000 -1.000000
    outer loop
      vertex 17.7000 58.5000 2.8000
      vertex 15.7281 68.5726 2.8000
      vertex 15.9887 67.8047 2.8000
    endloop
  endfacet
  facet normal 0.000000 0.000000 -1.000000
    outer loop
      vertex 17.7000 58.5000 2.8000
      vertex 15.3694 69.3000 2.8000
      vertex 15.7281 68.5726 2.8000
    endloop
  endfacet
  facet normal 0.000000 0.000000 -1.000000
    outer loop
      vertex 17.7000 58.5000 2.8000
      vertex 14.9188 69.9743 2.8000
      vertex 15.3694 69.3000 2.8000
    endloop
  endfacet
  facet normal 0.000000 -0.000000 1.000000
    outer loop
      vertex 17.7000 58.5000 2.8000
      vertex 17.7000 73.9000 2.8000
      vertex 14.9188 69.9743 2.8000
    endloop
  endfacet
  facet normal 0.000000 0.000000 1.000000
    outer loop
      vertex 17.7000 73.9000 2.8000
      vertex 14.3841 70.5841 2.8000
      vertex 14.9188 69.9743 2.8000
    endloop
  endfacet
  facet normal 0.000000 0.000000 1.000000
    outer loop
      vertex 17.7000 73.9000 2.8000
      vertex 13.7743 71.1188 2.8000
      vertex 14.3841 70.5841 2.8000
    endloop
  endfacet
  facet normal 0.000000 0.000000 1.000000
    outer loop
      vertex 17.7000 73.9000 2.8000
      vertex 13.1000 71.5694 2.8000
      vertex 13.7743 71.1188 2.8000
    endloop
  endfacet
  facet normal 0.000000 0.000000 1.000000
    outer loop
      vertex 17.7000 73.9000 2.8000
      vertex 12.3726 71.9281 2.8000
      vertex 13.1000 71.5694 2.8000
    endloop
  endfacet
  facet normal 0.000000 0.000000 1.000000
    outer loop
      vertex 17.7000 73.9000 2.8000
      vertex 11.6047 72.1887 2.8000
      vertex 12.3726 71.9281 2.8000
    endloop
  endfacet
  facet normal 0.000000 0.000000 1.000000
    outer loop
      vertex 17.7000 73.9000 2.8000
      vertex 10.8093 72.3470 2.8000
      vertex 11.6047 72.1887 2.8000
    endloop
  endfacet
  facet normal 0.000000 0.000000 1.000000
    outer loop
      vertex 17.7000 73.9000 2.8000
      vertex 10.0000 72.4000 2.8000
      vertex 10.8093 72.3470 2.8000
    endloop
  endfacet
  facet normal 0.000000 0.000000 1.000000
    outer loop
      vertex 17.7000 73.9000 2.8000
      vertex 9.1907 72.3470 2.8000
      vertex 10.0000 72.4000 2.8000
    endloop
  endfacet
  facet normal 0.000000 0.000000 -1.000000
    outer loop
      vertex 17.7000 73.9000 2.8000
      vertex 8.3953 72.1887 2.8000
      vertex 9.1907 72.3470 2.8000
    endloop
  endfacet
  facet normal 0.000000 0.000000 -1.000000
    outer loop
      vertex 17.7000 73.9000 2.8000
      vertex 7.6274 71.9281 2.8000
      vertex 8.3953 72.1887 2.8000
    endloop
  endfacet
  facet normal 0.000000 0.000000 -1.000000
    outer loop
      vertex 17.7000 73.9000 2.8000
      vertex 6.9000 71.5694 2.8000
      vertex 7.6274 71.9281 2.8000
    endloop
  endfacet
  facet normal 0.000000 0.000000 -1.000000
    outer loop
      vertex 17.7000 73.9000 2.8000
      vertex 6.2257 71.1188 2.8000
      vertex 6.9000 71.5694 2.8000
    endloop
  endfacet
  facet normal 0.000000 0.000000 1.000000
    outer loop
      vertex 17.7000 73.9000 2.8000
      vertex 2.3000 73.9000 2.8000
      vertex 6.2257 71.1188 2.8000
    endloop
  endfacet
  facet normal 0.000000 0.000000 1.000000
    outer loop
      vertex 2.3000 73.9000 2.8000
      vertex 5.6159 70.5841 2.8000
      vertex 6.2257 71.1188 2.8000
    endloop
  endfacet
  facet normal 0.000000 0.000000 1.000000
    outer loop
      vertex 2.3000 73.9000 2.8000
      vertex 5.0812 69.9743 2.8000
      vertex 5.6159 70.5841 2.8000
    endloop
  endfacet
  facet normal 0.000000 0.000000 1.000000
    outer loop
      vertex 2.3000 73.9000 2.8000
      vertex 4.6306 69.3000 2.8000
      vertex 5.0812 69.9743 2.8000
    endloop
  endfacet
  facet normal 0.000000 0.000000 1.000000
    outer loop
      vertex 2.3000 73.9000 2.8000
      vertex 4.2719 68.5726 2.8000
      vertex 4.6306 69.3000 2.8000
    endloop
  endfacet
  facet normal 0.000000 0.000000 1.000000
    outer loop
      vertex 2.3000 73.9000 2.8000
      vertex 4.0113 67.8047 2.8000
      vertex 4.2719 68.5726 2.8000
    endloop
  endfacet
  facet normal 0.000000 0.000000 1.000000
    outer loop
      vertex 2.3000 73.9000 2.8000
      vertex 3.8530 67.0093 2.8000
      vertex 4.0113 67.8047 2.8000
    endloop
  endfacet
  facet normal 0.000000 0.000000 1.000000
    outer loop
      vertex 2.3000 73.9000 2.8000
      vertex 3.8000 66.2000 2.8000
      vertex 3.8530 67.0093 2.8000
    endloop
  endfacet
  facet normal 0.000000 0.000000 1.000000
    outer loop
      vertex 2.3000 73.9000 2.8000
      vertex 3.8530 65.3907 2.8000
      vertex 3.8000 66.2000 2.8000
    endloop
  endfacet
  facet normal 0.000000 0.000000 -1.000000
    outer loop
      vertex 2.3000 73.9000 2.8000
      vertex 4.0113 64.5953 2.8000
      vertex 3.8530 65.3907 2.8000
    endloop
  endfacet
  facet normal 0.000000 0.000000 -1.000000
    outer loop
      vertex 2.3000 73.9000 2.8000
      vertex 4.2719 63.8274 2.8000
      vertex 4.0113 64.5953 2.8000
    endloop
  endfacet
  facet normal 0.000000 0.000000 -1.000000
    outer loop
      vertex 2.3000 73.9000 2.8000
      vertex 4.6306 63.1000 2.8000
      vertex 4.2719 63.8274 2.8000
    endloop
  endfacet
  facet normal 0.000000 0.000000 -1.000000
    outer loop
      vertex 2.3000 73.9000 2.8000
      vertex 5.0812 62.4257 2.8000
      vertex 4.6306 63.1000 2.8000
    endloop
  endfacet
  facet normal 0.000000 0.000000 1.000000
    outer loop
      vertex 2.3000 73.9000 2.8000
      vertex 2.3000 58.5000 2.8000
      vertex 5.0812 62.4257 2.8000
    endloop
  endfacet
  facet normal 0.000000 0.000000 1.000000
    outer loop
      vertex 2.3000 58.5000 2.8000
      vertex 5.6159 61.8159 2.8000
      vertex 5.0812 62.4257 2.8000
    endloop
  endfacet
  facet normal 0.000000 0.000000 1.000000
    outer loop
      vertex 2.3000 58.5000 2.8000
      vertex 6.2257 61.2812 2.8000
      vertex 5.6159 61.8159 2.8000
    endloop
  endfacet
  facet normal 0.000000 0.000000 1.000000
    outer loop
      vertex 2.3000 73.9000 2.8000
      vertex 17.7000 73.9000 2.8000
      vertex 10.0000 75.0500 2.8000
    endloop
  endfacet
  facet normal 0.000000 -0.000000 1.000000
    outer loop
      vertex 17.7000 73.9000 2.8000
      vertex 17.7000 76.2000 2.8000
      vertex 10.0000 75.0500 2.8000
    endloop
  endfacet
  facet normal 0.000000 0.000000 1.000000
    outer loop
      vertex 17.7000 76.2000 2.8000
      vertex 2.3000 76.2000 2.8000
      vertex 10.0000 75.0500 2.8000
    endloop
  endfacet
  facet normal 0.000000 0.000000 1.000000
    outer loop
      vertex 2.3000 76.2000 2.8000
      vertex 2.3000 73.9000 2.8000
      vertex 10.0000 75.0500 2.8000
    endloop
  endfacet
  facet normal 0.000000 0.000000 1.000000
    outer loop
      vertex 17.7000 0.0000 2.8000
      vertex 20.0000 0.0000 2.8000
      vertex 18.0067 36.8600 2.8000
    endloop
  endfacet
  facet normal 0.000000 -0.000000 1.000000
    outer loop
      vertex 20.0000 0.0000 2.8000
      vertex 20.0000 76.2000 2.8000
      vertex 18.0067 36.8600 2.8000
    endloop
  endfacet
  facet normal 0.000000 0.000000 1.000000
    outer loop
      vertex 20.0000 76.2000 2.8000
      vertex 17.7000 76.2000 2.8000
      vertex 18.0067 36.8600 2.8000
    endloop
  endfacet
  facet normal 0.000000 0.000000 1.000000
    outer loop
      vertex 17.7000 76.2000 2.8000
      vertex 17.7000 73.9000 2.8000
      vertex 18.0067 36.8600 2.8000
    endloop
  endfacet
  facet normal 0.000000 0.000000 1.000000
    outer loop
      vertex 17.7000 73.9000 2.8000
      vertex 17.7000 58.5000 2.8000
      vertex 18.0067 36.8600 2.8000
    endloop
  endfacet
  facet normal 0.000000 0.000000 1.000000
    outer loop
      vertex 17.7000 58.5000 2.8000
      vertex 17.7000 52.9250 2.8000
      vertex 18.0067 36.8600 2.8000
    endloop
  endfacet
  facet normal 0.000000 0.000000 1.000000
    outer loop
      vertex 17.7000 52.9250 2.8000
      vertex 17.7000 47.3500 2.8000
      vertex 18.0067 36.8600 2.8000
    endloop
  endfacet
  facet normal 0.000000 0.000000 1.000000
    outer loop
      vertex 17.7000 47.3500 2.8000
      vertex 17.7000 42.6500 2.8000
      vertex 18.0067 36.8600 2.8000
    endloop
  endfacet
  facet normal 0.000000 0.000000 1.000000
    outer loop
      vertex 17.7000 42.6500 2.8000
      vertex 17.7000 35.0000 2.8000
      vertex 18.0067 36.8600 2.8000
    endloop
  endfacet
  facet normal -0.000000 0.000000 1.000000
    outer loop
      vertex 17.7000 35.0000 2.8000
      vertex 17.7000 27.3500 2.8000
      vertex 18.0067 36.8600 2.8000
    endloop
  endfacet
  facet normal -0.000000 0.000000 1.000000
    outer loop
      vertex 17.7000 27.3500 2.8000
      vertex 17.7000 22.6500 2.8000
      vertex 18.0067 36.8600 2.8000
    endloop
  endfacet
  facet normal -0.000000 0.000000 1.000000
    outer loop
      vertex 17.7000 22.6500 2.8000
      vertex 17.7000 20.1750 2.8000
      vertex 18.0067 36.8600 2.8000
    endloop
  endfacet
  facet normal -0.000000 0.000000 1.000000
    outer loop
      vertex 17.7000 20.1750 2.8000
      vertex 17.7000 17.7000 2.8000
      vertex 18.0067 36.8600 2.8000
    endloop
  endfacet
  facet normal -0.000000 0.000000 1.000000
    outer loop
      vertex 17.7000 17.7000 2.8000
      vertex 17.7000 2.3000 2.8000
      vertex 18.0067 36.8600 2.8000
    endloop
  endfacet
  facet normal -0.000000 0.000000 1.000000
    outer loop
      vertex 17.7000 2.3000 2.8000
      vertex 17.7000 0.0000 2.8000
      vertex 18.0067 36.8600 2.8000
    endloop
  endfacet
  facet normal 0.000000 -0.000000 -1.000000
    outer loop
      vertex 1.9933 36.8600 0.8000
      vertex 2.3000 0.0000 0.8000
      vertex 0.0000 0.0000 0.8000
    endloop
  endfacet
  facet normal 0.000000 0.000000 -1.000000
    outer loop
      vertex 1.9933 36.8600 0.8000
      vertex 2.3000 2.3000 0.8000
      vertex 2.3000 0.0000 0.8000
    endloop
  endfacet
  facet normal 0.000000 0.000000 -1.000000
    outer loop
      vertex 1.9933 36.8600 0.8000
      vertex 2.3000 17.7000 0.8000
      vertex 2.3000 2.3000 0.8000
    endloop
  endfacet
  facet normal 0.000000 0.000000 -1.000000
    outer loop
      vertex 1.9933 36.8600 0.8000
      vertex 2.3000 20.1750 0.8000
      vertex 2.3000 17.7000 0.8000
    endloop
  endfacet
  facet normal 0.000000 0.000000 -1.000000
    outer loop
      vertex 1.9933 36.8600 0.8000
      vertex 2.3000 22.6500 0.8000
      vertex 2.3000 20.1750 0.8000
    endloop
  endfacet
  facet normal 0.000000 0.000000 -1.000000
    outer loop
      vertex 1.9933 36.8600 0.8000
      vertex 2.3000 27.3500 0.8000
      vertex 2.3000 22.6500 0.8000
    endloop
  endfacet
  facet normal 0.000000 0.000000 -1.000000
    outer loop
      vertex 1.9933 36.8600 0.8000
      vertex 2.3000 35.0000 0.8000
      vertex 2.3000 27.3500 0.8000
    endloop
  endfacet
  facet normal 0.000000 0.000000 -1.000000
    outer loop
      vertex 1.9933 36.8600 0.8000
      vertex 2.3000 42.6500 0.8000
      vertex 2.3000 35.0000 0.8000
    endloop
  endfacet
  facet normal 0.000000 0.000000 -1.000000
    outer loop
      vertex 1.9933 36.8600 0.8000
      vertex 2.3000 47.3500 0.8000
      vertex 2.3000 42.6500 0.8000
    endloop
  endfacet
  facet normal 0.000000 0.000000 -1.000000
    outer loop
      vertex 1.9933 36.8600 0.8000
      vertex 2.3000 52.9250 0.8000
      vertex 2.3000 47.3500 0.8000
    endloop
  endfacet
  facet normal 0.000000 0.000000 -1.000000
    outer loop
      vertex 1.9933 36.8600 0.8000
      vertex 2.3000 58.5000 0.8000
      vertex 2.3000 52.9250 0.8000
    endloop
  endfacet
  facet normal 0.000000 0.000000 -1.000000
    outer loop
      vertex 1.9933 36.8600 0.8000
      vertex 2.3000 73.9000 0.8000
      vertex 2.3000 58.5000 0.8000
    endloop
  endfacet
  facet normal 0.000000 0.000000 -1.000000
    outer loop
      vertex 1.9933 36.8600 0.8000
      vertex 2.3000 76.2000 0.8000
      vertex 2.3000 73.9000 0.8000
    endloop
  endfacet
  facet normal 0.000000 0.000000 -1.000000
    outer loop
      vertex 1.9933 36.8600 0.8000
      vertex 0.0000 76.2000 0.8000
      vertex 2.3000 76.2000 0.8000
    endloop
  endfacet
  facet normal -0.000000 0.000000 -1.000000
    outer loop
      vertex 1.9933 36.8600 0.8000
      vertex 0.0000 0.0000 0.8000
      vertex 0.0000 76.2000 0.8000
    endloop
  endfacet
  facet normal 0.000000 -0.000000 -1.000000
    outer loop
      vertex 10.0000 1.1500 0.8000
      vertex 17.7000 0.0000 0.8000
      vertex 2.3000 0.0000 0.8000
    endloop
  endfacet
  facet normal 0.000000 0.000000 -1.000000
    outer loop
      vertex 10.0000 1.1500 0.8000
      vertex 17.7000 2.3000 0.8000
      vertex 17.7000 0.0000 0.8000
    endloop
  endfacet
  facet normal 0.000000 0.000000 -1.000000
    outer loop
      vertex 10.0000 1.1500 0.8000
      vertex 2.3000 2.3000 0.8000
      vertex 17.7000 2.3000 0.8000
    endloop
  endfacet
  facet normal -0.000000 0.000000 -1.000000
    outer loop
      vertex 10.0000 1.1500 0.8000
      vertex 2.3000 0.0000 0.8000
      vertex 2.3000 2.3000 0.8000
    endloop
  endfacet
  facet normal 0.000000 -0.000000 -1.000000
    outer loop
      vertex 6.2257 5.0812 0.8000
      vertex 6.9000 4.6306 0.8000
      vertex 2.3000 2.3000 0.8000
    endloop
  endfacet
  facet normal 0.000000 -0.000000 -1.000000
    outer loop
      vertex 6.9000 4.6306 0.8000
      vertex 7.6274 4.2719 0.8000
      vertex 2.3000 2.3000 0.8000
    endloop
  endfacet
  facet normal 0.000000 -0.000000 -1.000000
    outer loop
      vertex 7.6274 4.2719 0.8000
      vertex 8.3953 4.0113 0.8000
      vertex 2.3000 2.3000 0.8000
    endloop
  endfacet
  facet normal 0.000000 -0.000000 -1.000000
    outer loop
      vertex 8.3953 4.0113 0.8000
      vertex 9.1907 3.8530 0.8000
      vertex 2.3000 2.3000 0.8000
    endloop
  endfacet
  facet normal 0.000000 -0.000000 -1.000000
    outer loop
      vertex 9.1907 3.8530 0.8000
      vertex 10.0000 3.8000 0.8000
      vertex 2.3000 2.3000 0.8000
    endloop
  endfacet
  facet normal 0.000000 -0.000000 -1.000000
    outer loop
      vertex 10.0000 3.8000 0.8000
      vertex 10.8093 3.8530 0.8000
      vertex 2.3000 2.3000 0.8000
    endloop
  endfacet
  facet normal 0.000000 -0.000000 1.000000
    outer loop
      vertex 10.8093 3.8530 0.8000
      vertex 11.6047 4.0113 0.8000
      vertex 2.3000 2.3000 0.8000
    endloop
  endfacet
  facet normal 0.000000 -0.000000 1.000000
    outer loop
      vertex 11.6047 4.0113 0.8000
      vertex 12.3726 4.2719 0.8000
      vertex 2.3000 2.3000 0.8000
    endloop
  endfacet
  facet normal 0.000000 -0.000000 1.000000
    outer loop
      vertex 12.3726 4.2719 0.8000
      vertex 13.1000 4.6306 0.8000
      vertex 2.3000 2.3000 0.8000
    endloop
  endfacet
  facet normal 0.000000 -0.000000 1.000000
    outer loop
      vertex 13.1000 4.6306 0.8000
      vertex 13.7743 5.0812 0.8000
      vertex 2.3000 2.3000 0.8000
    endloop
  endfacet
  facet normal 0.000000 -0.000000 1.000000
    outer loop
      vertex 13.7743 5.0812 0.8000
      vertex 14.3841 5.6159 0.8000
      vertex 2.3000 2.3000 0.8000
    endloop
  endfacet
  facet normal 0.000000 -0.000000 -1.000000
    outer loop
      vertex 14.3841 5.6159 0.8000
      vertex 17.7000 2.3000 0.8000
      vertex 2.3000 2.3000 0.8000
    endloop
  endfacet
  facet normal 0.000000 0.000000 -1.000000
    outer loop
      vertex 14.3841 5.6159 0.8000
      vertex 14.9188 6.2257 0.8000
      vertex 17.7000 2.3000 0.8000
    endloop
  endfacet
  facet normal 0.000000 0.000000 -1.000000
    outer loop
      vertex 14.9188 6.2257 0.8000
      vertex 15.3694 6.9000 0.8000
      vertex 17.7000 2.3000 0.8000
    endloop
  endfacet
  facet normal 0.000000 0.000000 -1.000000
    outer loop
      vertex 15.3694 6.9000 0.8000
      vertex 15.7281 7.6274 0.8000
      vertex 17.7000 2.3000 0.8000
    endloop
  endfacet
  facet normal 0.000000 0.000000 -1.000000
    outer loop
      vertex 15.7281 7.6274 0.8000
      vertex 15.9887 8.3953 0.8000
      vertex 17.7000 2.3000 0.8000
    endloop
  endfacet
  facet normal 0.000000 0.000000 -1.000000
    outer loop
      vertex 15.9887 8.3953 0.8000
      vertex 16.1470 9.1907 0.8000
      vertex 17.7000 2.3000 0.8000
    endloop
  endfacet
  facet normal 0.000000 0.000000 -1.000000
    outer loop
      vertex 16.1470 9.1907 0.8000
      vertex 16.2000 10.0000 0.8000
      vertex 17.7000 2.3000 0.8000
    endloop
  endfacet
  facet normal 0.000000 0.000000 -1.000000
    outer loop
      vertex 16.2000 10.0000 0.8000
      vertex 16.1470 10.8093 0.8000
      vertex 17.7000 2.3000 0.8000
    endloop
  endfacet
  facet normal 0.000000 0.000000 1.000000
    outer loop
      vertex 16.1470 10.8093 0.8000
      vertex 15.9887 11.6047 0.8000
      vertex 17.7000 2.3000 0.8000
    endloop
  endfacet
  facet normal 0.000000 0.000000 1.000000
    outer loop
      vertex 15.9887 11.6047 0.8000
      vertex 15.7281 12.3726 0.8000
      vertex 17.7000 2.3000 0.8000
    endloop
  endfacet
  facet normal 0.000000 0.000000 1.000000
    outer loop
      vertex 15.7281 12.3726 0.8000
      vertex 15.3694 13.1000 0.8000
      vertex 17.7000 2.3000 0.8000
    endloop
  endfacet
  facet normal 0.000000 0.000000 1.000000
    outer loop
      vertex 15.3694 13.1000 0.8000
      vertex 14.9188 13.7743 0.8000
      vertex 17.7000 2.3000 0.8000
    endloop
  endfacet
  facet normal 0.000000 0.000000 -1.000000
    outer loop
      vertex 14.9188 13.7743 0.8000
      vertex 17.7000 17.7000 0.8000
      vertex 17.7000 2.3000 0.8000
    endloop
  endfacet
  facet normal 0.000000 0.000000 -1.000000
    outer loop
      vertex 14.9188 13.7743 0.8000
      vertex 14.3841 14.3841 0.8000
      vertex 17.7000 17.7000 0.8000
    endloop
  endfacet
  facet normal 0.000000 0.000000 -1.000000
    outer loop
      vertex 14.3841 14.3841 0.8000
      vertex 13.7743 14.9188 0.8000
      vertex 17.7000 17.7000 0.8000
    endloop
  endfacet
  facet normal 0.000000 0.000000 -1.000000
    outer loop
      vertex 13.7743 14.9188 0.8000
      vertex 13.1000 15.3694 0.8000
      vertex 17.7000 17.7000 0.8000
    endloop
  endfacet
  facet normal 0.000000 0.000000 -1.000000
    outer loop
      vertex 13.1000 15.3694 0.8000
      vertex 12.3726 15.7281 0.8000
      vertex 17.7000 17.7000 0.8000
    endloop
  endfacet
  facet normal 0.000000 0.000000 -1.000000
    outer loop
      vertex 12.3726 15.7281 0.8000
      vertex 11.6047 15.9887 0.8000
      vertex 17.7000 17.7000 0.8000
    endloop
  endfacet
  facet normal 0.000000 0.000000 -1.000000
    outer loop
      vertex 11.6047 15.9887 0.8000
      vertex 10.8093 16.1470 0.8000
      vertex 17.7000 17.7000 0.8000
    endloop
  endfacet
  facet normal 0.000000 0.000000 -1.000000
    outer loop
      vertex 10.8093 16.1470 0.8000
      vertex 10.0000 16.2000 0.8000
      vertex 17.7000 17.7000 0.8000
    endloop
  endfacet
  facet normal -0.000000 0.000000 -1.000000
    outer loop
      vertex 10.0000 16.2000 0.8000
      vertex 9.1907 16.1470 0.8000
      vertex 17.7000 17.7000 0.8000
    endloop
  endfacet
  facet normal -0.000000 0.000000 1.000000
    outer loop
      vertex 9.1907 16.1470 0.8000
      vertex 8.3953 15.9887 0.8000
      vertex 17.7000 17.7000 0.8000
    endloop
  endfacet
  facet normal -0.000000 0.000000 1.000000
    outer loop
      vertex 8.3953 15.9887 0.8000
      vertex 7.6274 15.7281 0.8000
      vertex 17.7000 17.7000 0.8000
    endloop
  endfacet
  facet normal -0.000000 0.000000 1.000000
    outer loop
      vertex 7.6274 15.7281 0.8000
      vertex 6.9000 15.3694 0.8000
      vertex 17.7000 17.7000 0.8000
    endloop
  endfacet
  facet normal -0.000000 0.000000 1.000000
    outer loop
      vertex 6.9000 15.3694 0.8000
      vertex 6.2257 14.9188 0.8000
      vertex 17.7000 17.7000 0.8000
    endloop
  endfacet
  facet normal 0.000000 0.000000 -1.000000
    outer loop
      vertex 6.2257 14.9188 0.8000
      vertex 2.3000 17.7000 0.8000
      vertex 17.7000 17.7000 0.8000
    endloop
  endfacet
  facet normal -0.000000 0.000000 -1.000000
    outer loop
      vertex 6.2257 14.9188 0.8000
      vertex 5.6159 14.3841 0.8000
      vertex 2.3000 17.7000 0.8000
    endloop
  endfacet
  facet normal -0.000000 0.000000 -1.000000
    outer loop
      vertex 5.6159 14.3841 0.8000
      vertex 5.0812 13.7743 0.8000
      vertex 2.3000 17.7000 0.8000
    endloop
  endfacet
  facet normal -0.000000 0.000000 -1.000000
    outer loop
      vertex 5.0812 13.7743 0.8000
      vertex 4.6306 13.1000 0.8000
      vertex 2.3000 17.7000 0.8000
    endloop
  endfacet
  facet normal -0.000000 0.000000 -1.000000
    outer loop
      vertex 4.6306 13.1000 0.8000
      vertex 4.2719 12.3726 0.8000
      vertex 2.3000 17.7000 0.8000
    endloop
  endfacet
  facet normal -0.000000 0.000000 -1.000000
    outer loop
      vertex 4.2719 12.3726 0.8000
      vertex 4.0113 11.6047 0.8000
      vertex 2.3000 17.7000 0.8000
    endloop
  endfacet
  facet normal -0.000000 0.000000 -1.000000
    outer loop
      vertex 4.0113 11.6047 0.8000
      vertex 3.8530 10.8093 0.8000
      vertex 2.3000 17.7000 0.8000
    endloop
  endfacet
  facet normal -0.000000 0.000000 -1.000000
    outer loop
      vertex 3.8530 10.8093 0.8000
      vertex 3.8000 10.0000 0.8000
      vertex 2.3000 17.7000 0.8000
    endloop
  endfacet
  facet normal -0.000000 -0.000000 -1.000000
    outer loop
      vertex 3.8000 10.0000 0.8000
      vertex 3.8530 9.1907 0.8000
      vertex 2.3000 17.7000 0.8000
    endloop
  endfacet
  facet normal -0.000000 -0.000000 1.000000
    outer loop
      vertex 3.8530 9.1907 0.8000
      vertex 4.0113 8.3953 0.8000
      vertex 2.3000 17.7000 0.8000
    endloop
  endfacet
  facet normal -0.000000 -0.000000 1.000000
    outer loop
      vertex 4.0113 8.3953 0.8000
      vertex 4.2719 7.6274 0.8000
      vertex 2.3000 17.7000 0.8000
    endloop
  endfacet
  facet normal -0.000000 -0.000000 1.000000
    outer loop
      vertex 4.2719 7.6274 0.8000
      vertex 4.6306 6.9000 0.8000
      vertex 2.3000 17.7000 0.8000
    endloop
  endfacet
  facet normal -0.000000 -0.000000 1.000000
    outer loop
      vertex 4.6306 6.9000 0.8000
      vertex 5.0812 6.2257 0.8000
      vertex 2.3000 17.7000 0.8000
    endloop
  endfacet
  facet normal -0.000000 -0.000000 1.000000
    outer loop
      vertex 5.0812 6.2257 0.8000
      vertex 5.6159 5.6159 0.8000
      vertex 2.3000 17.7000 0.8000
    endloop
  endfacet
  facet normal -0.000000 0.000000 -1.000000
    outer loop
      vertex 5.6159 5.6159 0.8000
      vertex 2.3000 2.3000 0.8000
      vertex 2.3000 17.7000 0.8000
    endloop
  endfacet
  facet normal 0.000000 -0.000000 -1.000000
    outer loop
      vertex 5.6159 5.6159 0.8000
      vertex 6.2257 5.0812 0.8000
      vertex 2.3000 2.3000 0.8000
    endloop
  endfacet
  facet normal 0.000000 -0.000000 -1.000000
    outer loop
      vertex 10.0000 18.9375 0.8000
      vertex 17.7000 17.7000 0.8000
      vertex 2.3000 17.7000 0.8000
    endloop
  endfacet
  facet normal 0.000000 0.000000 -1.000000
    outer loop
      vertex 10.0000 18.9375 0.8000
      vertex 17.7000 20.1750 0.8000
      vertex 17.7000 17.7000 0.8000
    endloop
  endfacet
  facet normal 0.000000 0.000000 -1.000000
    outer loop
      vertex 10.0000 18.9375 0.8000
      vertex 2.3000 20.1750 0.8000
      vertex 17.7000 20.1750 0.8000
    endloop
  endfacet
  facet normal -0.000000 0.000000 -1.000000
    outer loop
      vertex 10.0000 18.9375 0.8000
      vertex 2.3000 17.7000 0.8000
      vertex 2.3000 20.1750 0.8000
    endloop
  endfacet
  facet normal 0.000000 -0.000000 -1.000000
    outer loop
      vertex 10.0000 21.4125 0.8000
      vertex 17.7000 20.1750 0.8000
      vertex 2.3000 20.1750 0.8000
    endloop
  endfacet
  facet normal 0.000000 0.000000 -1.000000
    outer loop
      vertex 10.0000 21.4125 0.8000
      vertex 17.7000 22.6500 0.8000
      vertex 17.7000 20.1750 0.8000
    endloop
  endfacet
  facet normal 0.000000 0.000000 -1.000000
    outer loop
      vertex 10.0000 21.4125 0.8000
      vertex 2.3000 22.6500 0.8000
      vertex 17.7000 22.6500 0.8000
    endloop
  endfacet
  facet normal -0.000000 0.000000 -1.000000
    outer loop
      vertex 10.0000 21.4125 0.8000
      vertex 2.3000 20.1750 0.8000
      vertex 2.3000 22.6500 0.8000
    endloop
  endfacet
  facet normal 0.000000 -0.000000 -1.000000
    outer loop
      vertex 9.2147 24.6747 0.8000
      vertex 9.2639 24.5750 0.8000
      vertex 2.3000 22.6500 0.8000
    endloop
  endfacet
  facet normal 0.000000 -0.000000 -1.000000
    outer loop
      vertex 9.2639 24.5750 0.8000
      vertex 9.3256 24.4826 0.8000
      vertex 2.3000 22.6500 0.8000
    endloop
  endfacet
  facet normal 0.000000 -0.000000 -1.000000
    outer loop
      vertex 9.3256 24.4826 0.8000
      vertex 9.3990 24.3990 0.8000
      vertex 2.3000 22.6500 0.8000
    endloop
  endfacet
  facet normal 0.000000 -0.000000 -1.000000
    outer loop
      vertex 9.3990 24.3990 0.8000
      vertex 9.4826 24.3256 0.8000
      vertex 2.3000 22.6500 0.8000
    endloop
  endfacet
  facet normal 0.000000 -0.000000 -1.000000
    outer loop
      vertex 9.4826 24.3256 0.8000
      vertex 9.5750 24.2639 0.8000
      vertex 2.3000 22.6500 0.8000
    endloop
  endfacet
  facet normal 0.000000 -0.000000 -1.000000
    outer loop
      vertex 9.5750 24.2639 0.8000
      vertex 9.6747 24.2147 0.8000
      vertex 2.3000 22.6500 0.8000
    endloop
  endfacet
  facet normal 0.000000 -0.000000 -1.000000
    outer loop
      vertex 9.6747 24.2147 0.8000
      vertex 9.7800 24.1790 0.8000
      vertex 2.3000 22.6500 0.8000
    endloop
  endfacet
  facet normal 0.000000 -0.000000 -1.000000
    outer loop
      vertex 9.7800 24.1790 0.8000
      vertex 9.8891 24.1573 0.8000
      vertex 2.3000 22.6500 0.8000
    endloop
  endfacet
  facet normal 0.000000 -0.000000 -1.000000
    outer loop
      vertex 9.8891 24.1573 0.8000
      vertex 10.0000 24.1500 0.8000
      vertex 2.3000 22.6500 0.8000
    endloop
  endfacet
  facet normal 0.000000 -0.000000 -1.000000
    outer loop
      vertex 10.0000 24.1500 0.8000
      vertex 10.1109 24.1573 0.8000
      vertex 2.3000 22.6500 0.8000
    endloop
  endfacet
  facet normal 0.000000 -0.000000 1.000000
    outer loop
      vertex 10.1109 24.1573 0.8000
      vertex 10.2200 24.1790 0.8000
      vertex 2.3000 22.6500 0.8000
    endloop
  endfacet
  facet normal 0.000000 -0.000000 1.000000
    outer loop
      vertex 10.2200 24.1790 0.8000
      vertex 10.3253 24.2147 0.8000
      vertex 2.3000 22.6500 0.8000
    endloop
  endfacet
  facet normal 0.000000 -0.000000 1.000000
    outer loop
      vertex 10.3253 24.2147 0.8000
      vertex 10.4250 24.2639 0.8000
      vertex 2.3000 22.6500 0.8000
    endloop
  endfacet
  facet normal 0.000000 -0.000000 1.000000
    outer loop
      vertex 10.4250 24.2639 0.8000
      vertex 10.5174 24.3256 0.8000
      vertex 2.3000 22.6500 0.8000
    endloop
  endfacet
  facet normal 0.000000 -0.000000 1.000000
    outer loop
      vertex 10.5174 24.3256 0.8000
      vertex 10.6010 24.3990 0.8000
      vertex 2.3000 22.6500 0.8000
    endloop
  endfacet
  facet normal 0.000000 -0.000000 1.000000
    outer loop
      vertex 10.6010 24.3990 0.8000
      vertex 10.6744 24.4826 0.8000
      vertex 2.3000 22.6500 0.8000
    endloop
  endfacet
  facet normal 0.000000 -0.000000 1.000000
    outer loop
      vertex 10.6744 24.4826 0.8000
      vertex 10.7361 24.5750 0.8000
      vertex 2.3000 22.6500 0.8000
    endloop
  endfacet
  facet normal 0.000000 -0.000000 1.000000
    outer loop
      vertex 10.7361 24.5750 0.8000
      vertex 10.7853 24.6747 0.8000
      vertex 2.3000 22.6500 0.8000
    endloop
  endfacet
  facet normal 0.000000 -0.000000 -1.000000
    outer loop
      vertex 10.7853 24.6747 0.8000
      vertex 17.7000 22.6500 0.8000
      vertex 2.3000 22.6500 0.8000
    endloop
  endfacet
  facet normal 0.000000 0.000000 -1.000000
    outer loop
      vertex 10.7853 24.6747 0.8000
      vertex 10.8210 24.7800 0.8000
      vertex 17.7000 22.6500 0.8000
    endloop
  endfacet
  facet normal 0.000000 0.000000 -1.000000
    outer loop
      vertex 10.8210 24.7800 0.8000
      vertex 10.8427 24.8891 0.8000
      vertex 17.7000 22.6500 0.8000
    endloop
  endfacet
  facet normal 0.000000 0.000000 -1.000000
    outer loop
      vertex 10.8427 24.8891 0.8000
      vertex 10.8500 25.0000 0.8000
      vertex 17.7000 22.6500 0.8000
    endloop
  endfacet
  facet normal 0.000000 0.000000 -1.000000
    outer loop
      vertex 10.8500 25.0000 0.8000
      vertex 10.8427 25.1109 0.8000
      vertex 17.7000 22.6500 0.8000
    endloop
  endfacet
  facet normal 0.000000 0.000000 -1.000000
    outer loop
      vertex 10.8427 25.1109 0.8000
      vertex 10.8210 25.2200 0.8000
      vertex 17.7000 22.6500 0.8000
    endloop
  endfacet
  facet normal 0.000000 0.000000 -1.000000
    outer loop
      vertex 10.8210 25.2200 0.8000
      vertex 17.7000 27.3500 0.8000
      vertex 17.7000 22.6500 0.8000
    endloop
  endfacet
  facet normal 0.000000 0.000000 -1.000000
    outer loop
      vertex 10.8210 25.2200 0.8000
      vertex 10.7853 25.3253 0.8000
      vertex 17.7000 27.3500 0.8000
    endloop
  endfacet
  facet normal 0.000000 0.000000 -1.000000
    outer loop
      vertex 10.7853 25.3253 0.8000
      vertex 10.7361 25.4250 0.8000
      vertex 17.7000 27.3500 0.8000
    endloop
  endfacet
  facet normal 0.000000 0.000000 -1.000000
    outer loop
      vertex 10.7361 25.4250 0.8000
      vertex 10.6744 25.5174 0.8000
      vertex 17.7000 27.3500 0.8000
    endloop
  endfacet
  facet normal 0.000000 0.000000 -1.000000
    outer loop
      vertex 10.6744 25.5174 0.8000
      vertex 10.6010 25.6010 0.8000
      vertex 17.7000 27.3500 0.8000
    endloop
  endfacet
  facet normal 0.000000 0.000000 -1.000000
    outer loop
      vertex 10.6010 25.6010 0.8000
      vertex 10.5174 25.6744 0.8000
      vertex 17.7000 27.3500 0.8000
    endloop
  endfacet
  facet normal 0.000000 0.000000 -1.000000
    outer loop
      vertex 10.5174 25.6744 0.8000
      vertex 10.4250 25.7361 0.8000
      vertex 17.7000 27.3500 0.8000
    endloop
  endfacet
  facet normal 0.000000 0.000000 -1.000000
    outer loop
      vertex 10.4250 25.7361 0.8000
      vertex 10.3253 25.7853 0.8000
      vertex 17.7000 27.3500 0.8000
    endloop
  endfacet
  facet normal 0.000000 0.000000 -1.000000
    outer loop
      vertex 10.3253 25.7853 0.8000
      vertex 10.2200 25.8210 0.8000
      vertex 17.7000 27.3500 0.8000
    endloop
  endfacet
  facet normal 0.000000 0.000000 -1.000000
    outer loop
      vertex 10.2200 25.8210 0.8000
      vertex 10.1109 25.8427 0.8000
      vertex 17.7000 27.3500 0.8000
    endloop
  endfacet
  facet normal 0.000000 0.000000 -1.000000
    outer loop
      vertex 10.1109 25.8427 0.8000
      vertex 10.0000 25.8500 0.8000
      vertex 17.7000 27.3500 0.8000
    endloop
  endfacet
  facet normal -0.000000 0.000000 -1.000000
    outer loop
      vertex 10.0000 25.8500 0.8000
      vertex 9.8891 25.8427 0.8000
      vertex 17.7000 27.3500 0.8000
    endloop
  endfacet
  facet normal -0.000000 0.000000 1.000000
    outer loop
      vertex 9.8891 25.8427 0.8000
      vertex 9.7800 25.8210 0.8000
      vertex 17.7000 27.3500 0.8000
    endloop
  endfacet
  facet normal -0.000000 0.000000 1.000000
    outer loop
      vertex 9.7800 25.8210 0.8000
      vertex 9.6747 25.7853 0.8000
      vertex 17.7000 27.3500 0.8000
    endloop
  endfacet
  facet normal -0.000000 0.000000 1.000000
    outer loop
      vertex 9.6747 25.7853 0.8000
      vertex 9.5750 25.7361 0.8000
      vertex 17.7000 27.3500 0.8000
    endloop
  endfacet
  facet normal -0.000000 0.000000 1.000000
    outer loop
      vertex 9.5750 25.7361 0.8000
      vertex 9.4826 25.6744 0.8000
      vertex 17.7000 27.3500 0.8000
    endloop
  endfacet
  facet normal -0.000000 0.000000 1.000000
    outer loop
      vertex 9.4826 25.6744 0.8000
      vertex 9.3990 25.6010 0.8000
      vertex 17.7000 27.3500 0.8000
    endloop
  endfacet
  facet normal -0.000000 0.000000 1.000000
    outer loop
      vertex 9.3990 25.6010 0.8000
      vertex 9.3256 25.5174 0.8000
      vertex 17.7000 27.3500 0.8000
    endloop
  endfacet
  facet normal -0.000000 0.000000 1.000000
    outer loop
      vertex 9.3256 25.5174 0.8000
      vertex 9.2639 25.4250 0.8000
      vertex 17.7000 27.3500 0.8000
    endloop
  endfacet
  facet normal -0.000000 0.000000 1.000000
    outer loop
      vertex 9.2639 25.4250 0.8000
      vertex 9.2147 25.3253 0.8000
      vertex 17.7000 27.3500 0.8000
    endloop
  endfacet
  facet normal 0.000000 0.000000 -1.000000
    outer loop
      vertex 9.2147 25.3253 0.8000
      vertex 2.3000 27.3500 0.8000
      vertex 17.7000 27.3500 0.8000
    endloop
  endfacet
  facet normal -0.000000 0.000000 -1.000000
    outer loop
      vertex 9.2147 25.3253 0.8000
      vertex 9.1790 25.2200 0.8000
      vertex 2.3000 27.3500 0.8000
    endloop
  endfacet
  facet normal -0.000000 0.000000 -1.000000
    outer loop
      vertex 9.1790 25.2200 0.8000
      vertex 9.1573 25.1109 0.8000
      vertex 2.3000 27.3500 0.8000
    endloop
  endfacet
  facet normal -0.000000 0.000000 -1.000000
    outer loop
      vertex 9.1573 25.1109 0.8000
      vertex 9.1500 25.0000 0.8000
      vertex 2.3000 27.3500 0.8000
    endloop
  endfacet
  facet normal -0.000000 -0.000000 -1.000000
    outer loop
      vertex 9.1500 25.0000 0.8000
      vertex 9.1573 24.8891 0.8000
      vertex 2.3000 27.3500 0.8000
    endloop
  endfacet
  facet normal -0.000000 -0.000000 -1.000000
    outer loop
      vertex 9.1573 24.8891 0.8000
      vertex 9.1790 24.7800 0.8000
      vertex 2.3000 27.3500 0.8000
    endloop
  endfacet
  facet normal -0.000000 0.000000 -1.000000
    outer loop
      vertex 9.1790 24.7800 0.8000
      vertex 2.3000 22.6500 0.8000
      vertex 2.3000 27.3500 0.8000
    endloop
  endfacet
  facet normal 0.000000 -0.000000 -1.000000
    outer loop
      vertex 9.1790 24.7800 0.8000
      vertex 9.2147 24.6747 0.8000
      vertex 2.3000 22.6500 0.8000
    endloop
  endfacet
  facet normal 0.000000 -0.000000 -1.000000
    outer loop
      vertex 10.0000 31.1750 0.8000
      vertex 17.7000 27.3500 0.8000
      vertex 2.3000 27.3500 0.8000
    endloop
  endfacet
  facet normal 0.000000 0.000000 -1.000000
    outer loop
      vertex 10.0000 31.1750 0.8000
      vertex 17.7000 35.0000 0.8000
      vertex 17.7000 27.3500 0.8000
    endloop
  endfacet
  facet normal 0.000000 0.000000 -1.000000
    outer loop
      vertex 10.0000 31.1750 0.8000
      vertex 2.3000 35.0000 0.8000
      vertex 17.7000 35.0000 0.8000
    endloop
  endfacet
  facet normal -0.000000 0.000000 -1.000000
    outer loop
      vertex 10.0000 31.1750 0.8000
      vertex 2.3000 27.3500 0.8000
      vertex 2.3000 35.0000 0.8000
    endloop
  endfacet
  facet normal 0.000000 -0.000000 -1.000000
    outer loop
      vertex 10.0000 38.8250 0.8000
      vertex 17.7000 35.0000 0.8000
      vertex 2.3000 35.0000 0.8000
    endloop
  endfacet
  facet normal 0.000000 0.000000 -1.000000
    outer loop
      vertex 10.0000 38.8250 0.8000
      vertex 17.7000 42.6500 0.8000
      vertex 17.7000 35.0000 0.8000
    endloop
  endfacet
  facet normal 0.000000 0.000000 -1.000000
    outer loop
      vertex 10.0000 38.8250 0.8000
      vertex 2.3000 42.6500 0.8000
      vertex 17.7000 42.6500 0.8000
    endloop
  endfacet
  facet normal -0.000000 0.000000 -1.000000
    outer loop
      vertex 10.0000 38.8250 0.8000
      vertex 2.3000 35.0000 0.8000
      vertex 2.3000 42.6500 0.8000
    endloop
  endfacet
  facet normal 0.000000 -0.000000 -1.000000
    outer loop
      vertex 9.2147 44.6747 0.8000
      vertex 9.2639 44.5750 0.8000
      vertex 2.3000 42.6500 0.8000
    endloop
  endfacet
  facet normal 0.000000 -0.000000 -1.000000
    outer loop
      vertex 9.2639 44.5750 0.8000
      vertex 9.3256 44.4826 0.8000
      vertex 2.3000 42.6500 0.8000
    endloop
  endfacet
  facet normal 0.000000 -0.000000 -1.000000
    outer loop
      vertex 9.3256 44.4826 0.8000
      vertex 9.3990 44.3990 0.8000
      vertex 2.3000 42.6500 0.8000
    endloop
  endfacet
  facet normal 0.000000 -0.000000 -1.000000
    outer loop
      vertex 9.3990 44.3990 0.8000
      vertex 9.4826 44.3256 0.8000
      vertex 2.3000 42.6500 0.8000
    endloop
  endfacet
  facet normal 0.000000 -0.000000 -1.000000
    outer loop
      vertex 9.4826 44.3256 0.8000
      vertex 9.5750 44.2639 0.8000
      vertex 2.3000 42.6500 0.8000
    endloop
  endfacet
  facet normal 0.000000 -0.000000 -1.000000
    outer loop
      vertex 9.5750 44.2639 0.8000
      vertex 9.6747 44.2147 0.8000
      vertex 2.3000 42.6500 0.8000
    endloop
  endfacet
  facet normal 0.000000 -0.000000 -1.000000
    outer loop
      vertex 9.6747 44.2147 0.8000
      vertex 9.7800 44.1790 0.8000
      vertex 2.3000 42.6500 0.8000
    endloop
  endfacet
  facet normal 0.000000 -0.000000 -1.000000
    outer loop
      vertex 9.7800 44.1790 0.8000
      vertex 9.8891 44.1573 0.8000
      vertex 2.3000 42.6500 0.8000
    endloop
  endfacet
  facet normal 0.000000 -0.000000 -1.000000
    outer loop
      vertex 9.8891 44.1573 0.8000
      vertex 10.0000 44.1500 0.8000
      vertex 2.3000 42.6500 0.8000
    endloop
  endfacet
  facet normal 0.000000 -0.000000 -1.000000
    outer loop
      vertex 10.0000 44.1500 0.8000
      vertex 10.1109 44.1573 0.8000
      vertex 2.3000 42.6500 0.8000
    endloop
  endfacet
  facet normal 0.000000 -0.000000 1.000000
    outer loop
      vertex 10.1109 44.1573 0.8000
      vertex 10.2200 44.1790 0.8000
      vertex 2.3000 42.6500 0.8000
    endloop
  endfacet
  facet normal 0.000000 -0.000000 1.000000
    outer loop
      vertex 10.2200 44.1790 0.8000
      vertex 10.3253 44.2147 0.8000
      vertex 2.3000 42.6500 0.8000
    endloop
  endfacet
  facet normal 0.000000 -0.000000 1.000000
    outer loop
      vertex 10.3253 44.2147 0.8000
      vertex 10.4250 44.2639 0.8000
      vertex 2.3000 42.6500 0.8000
    endloop
  endfacet
  facet normal 0.000000 -0.000000 1.000000
    outer loop
      vertex 10.4250 44.2639 0.8000
      vertex 10.5174 44.3256 0.8000
      vertex 2.3000 42.6500 0.8000
    endloop
  endfacet
  facet normal 0.000000 -0.000000 1.000000
    outer loop
      vertex 10.5174 44.3256 0.8000
      vertex 10.6010 44.3990 0.8000
      vertex 2.3000 42.6500 0.8000
    endloop
  endfacet
  facet normal 0.000000 -0.000000 1.000000
    outer loop
      vertex 10.6010 44.3990 0.8000
      vertex 10.6744 44.4826 0.8000
      vertex 2.3000 42.6500 0.8000
    endloop
  endfacet
  facet normal 0.000000 -0.000000 1.000000
    outer loop
      vertex 10.6744 44.4826 0.8000
      vertex 10.7361 44.5750 0.8000
      vertex 2.3000 42.6500 0.8000
    endloop
  endfacet
  facet normal 0.000000 -0.000000 1.000000
    outer loop
      vertex 10.7361 44.5750 0.8000
      vertex 10.7853 44.6747 0.8000
      vertex 2.3000 42.6500 0.8000
    endloop
  endfacet
  facet normal 0.000000 -0.000000 -1.000000
    outer loop
      vertex 10.7853 44.6747 0.8000
      vertex 17.7000 42.6500 0.8000
      vertex 2.3000 42.6500 0.8000
    endloop
  endfacet
  facet normal 0.000000 0.000000 -1.000000
    outer loop
      vertex 10.7853 44.6747 0.8000
      vertex 10.8210 44.7800 0.8000
      vertex 17.7000 42.6500 0.8000
    endloop
  endfacet
  facet normal 0.000000 0.000000 -1.000000
    outer loop
      vertex 10.8210 44.7800 0.8000
      vertex 10.8427 44.8891 0.8000
      vertex 17.7000 42.6500 0.8000
    endloop
  endfacet
  facet normal 0.000000 0.000000 -1.000000
    outer loop
      vertex 10.8427 44.8891 0.8000
      vertex 10.8500 45.0000 0.8000
      vertex 17.7000 42.6500 0.8000
    endloop
  endfacet
  facet normal 0.000000 0.000000 -1.000000
    outer loop
      vertex 10.8500 45.0000 0.8000
      vertex 10.8427 45.1109 0.8000
      vertex 17.7000 42.6500 0.8000
    endloop
  endfacet
  facet normal 0.000000 0.000000 -1.000000
    outer loop
      vertex 10.8427 45.1109 0.8000
      vertex 10.8210 45.2200 0.8000
      vertex 17.7000 42.6500 0.8000
    endloop
  endfacet
  facet normal 0.000000 0.000000 -1.000000
    outer loop
      vertex 10.8210 45.2200 0.8000
      vertex 17.7000 47.3500 0.8000
      vertex 17.7000 42.6500 0.8000
    endloop
  endfacet
  facet normal 0.000000 0.000000 -1.000000
    outer loop
      vertex 10.8210 45.2200 0.8000
      vertex 10.7853 45.3253 0.8000
      vertex 17.7000 47.3500 0.8000
    endloop
  endfacet
  facet normal 0.000000 0.000000 -1.000000
    outer loop
      vertex 10.7853 45.3253 0.8000
      vertex 10.7361 45.4250 0.8000
      vertex 17.7000 47.3500 0.8000
    endloop
  endfacet
  facet normal 0.000000 0.000000 -1.000000
    outer loop
      vertex 10.7361 45.4250 0.8000
      vertex 10.6744 45.5174 0.8000
      vertex 17.7000 47.3500 0.8000
    endloop
  endfacet
  facet normal 0.000000 0.000000 -1.000000
    outer loop
      vertex 10.6744 45.5174 0.8000
      vertex 10.6010 45.6010 0.8000
      vertex 17.7000 47.3500 0.8000
    endloop
  endfacet
  facet normal 0.000000 0.000000 -1.000000
    outer loop
      vertex 10.6010 45.6010 0.8000
      vertex 10.5174 45.6744 0.8000
      vertex 17.7000 47.3500 0.8000
    endloop
  endfacet
  facet normal 0.000000 0.000000 -1.000000
    outer loop
      vertex 10.5174 45.6744 0.8000
      vertex 10.4250 45.7361 0.8000
      vertex 17.7000 47.3500 0.8000
    endloop
  endfacet
  facet normal 0.000000 0.000000 -1.000000
    outer loop
      vertex 10.4250 45.7361 0.8000
      vertex 10.3253 45.7853 0.8000
      vertex 17.7000 47.3500 0.8000
    endloop
  endfacet
  facet normal 0.000000 0.000000 -1.000000
    outer loop
      vertex 10.3253 45.7853 0.8000
      vertex 10.2200 45.8210 0.8000
      vertex 17.7000 47.3500 0.8000
    endloop
  endfacet
  facet normal 0.000000 0.000000 -1.000000
    outer loop
      vertex 10.2200 45.8210 0.8000
      vertex 10.1109 45.8427 0.8000
      vertex 17.7000 47.3500 0.8000
    endloop
  endfacet
  facet normal 0.000000 0.000000 -1.000000
    outer loop
      vertex 10.1109 45.8427 0.8000
      vertex 10.0000 45.8500 0.8000
      vertex 17.7000 47.3500 0.8000
    endloop
  endfacet
  facet normal -0.000000 0.000000 -1.000000
    outer loop
      vertex 10.0000 45.8500 0.8000
      vertex 9.8891 45.8427 0.8000
      vertex 17.7000 47.3500 0.8000
    endloop
  endfacet
  facet normal -0.000000 0.000000 1.000000
    outer loop
      vertex 9.8891 45.8427 0.8000
      vertex 9.7800 45.8210 0.8000
      vertex 17.7000 47.3500 0.8000
    endloop
  endfacet
  facet normal -0.000000 0.000000 1.000000
    outer loop
      vertex 9.7800 45.8210 0.8000
      vertex 9.6747 45.7853 0.8000
      vertex 17.7000 47.3500 0.8000
    endloop
  endfacet
  facet normal -0.000000 0.000000 1.000000
    outer loop
      vertex 9.6747 45.7853 0.8000
      vertex 9.5750 45.7361 0.8000
      vertex 17.7000 47.3500 0.8000
    endloop
  endfacet
  facet normal -0.000000 0.000000 1.000000
    outer loop
      vertex 9.5750 45.7361 0.8000
      vertex 9.4826 45.6744 0.8000
      vertex 17.7000 47.3500 0.8000
    endloop
  endfacet
  facet normal -0.000000 0.000000 1.000000
    outer loop
      vertex 9.4826 45.6744 0.8000
      vertex 9.3990 45.6010 0.8000
      vertex 17.7000 47.3500 0.8000
    endloop
  endfacet
  facet normal -0.000000 0.000000 1.000000
    outer loop
      vertex 9.3990 45.6010 0.8000
      vertex 9.3256 45.5174 0.8000
      vertex 17.7000 47.3500 0.8000
    endloop
  endfacet
  facet normal -0.000000 0.000000 1.000000
    outer loop
      vertex 9.3256 45.5174 0.8000
      vertex 9.2639 45.4250 0.8000
      vertex 17.7000 47.3500 0.8000
    endloop
  endfacet
  facet normal -0.000000 0.000000 1.000000
    outer loop
      vertex 9.2639 45.4250 0.8000
      vertex 9.2147 45.3253 0.8000
      vertex 17.7000 47.3500 0.8000
    endloop
  endfacet
  facet normal 0.000000 0.000000 -1.000000
    outer loop
      vertex 9.2147 45.3253 0.8000
      vertex 2.3000 47.3500 0.8000
      vertex 17.7000 47.3500 0.8000
    endloop
  endfacet
  facet normal -0.000000 0.000000 -1.000000
    outer loop
      vertex 9.2147 45.3253 0.8000
      vertex 9.1790 45.2200 0.8000
      vertex 2.3000 47.3500 0.8000
    endloop
  endfacet
  facet normal -0.000000 0.000000 -1.000000
    outer loop
      vertex 9.1790 45.2200 0.8000
      vertex 9.1573 45.1109 0.8000
      vertex 2.3000 47.3500 0.8000
    endloop
  endfacet
  facet normal -0.000000 0.000000 -1.000000
    outer loop
      vertex 9.1573 45.1109 0.8000
      vertex 9.1500 45.0000 0.8000
      vertex 2.3000 47.3500 0.8000
    endloop
  endfacet
  facet normal -0.000000 -0.000000 -1.000000
    outer loop
      vertex 9.1500 45.0000 0.8000
      vertex 9.1573 44.8891 0.8000
      vertex 2.3000 47.3500 0.8000
    endloop
  endfacet
  facet normal -0.000000 -0.000000 -1.000000
    outer loop
      vertex 9.1573 44.8891 0.8000
      vertex 9.1790 44.7800 0.8000
      vertex 2.3000 47.3500 0.8000
    endloop
  endfacet
  facet normal -0.000000 0.000000 -1.000000
    outer loop
      vertex 9.1790 44.7800 0.8000
      vertex 2.3000 42.6500 0.8000
      vertex 2.3000 47.3500 0.8000
    endloop
  endfacet
  facet normal 0.000000 -0.000000 -1.000000
    outer loop
      vertex 9.1790 44.7800 0.8000
      vertex 9.2147 44.6747 0.8000
      vertex 2.3000 42.6500 0.8000
    endloop
  endfacet
  facet normal 0.000000 -0.000000 -1.000000
    outer loop
      vertex 10.0000 50.1375 0.8000
      vertex 17.7000 47.3500 0.8000
      vertex 2.3000 47.3500 0.8000
    endloop
  endfacet
  facet normal 0.000000 0.000000 -1.000000
    outer loop
      vertex 10.0000 50.1375 0.8000
      vertex 17.7000 52.9250 0.8000
      vertex 17.7000 47.3500 0.8000
    endloop
  endfacet
  facet normal 0.000000 0.000000 -1.000000
    outer loop
      vertex 10.0000 50.1375 0.8000
      vertex 2.3000 52.9250 0.8000
      vertex 17.7000 52.9250 0.8000
    endloop
  endfacet
  facet normal -0.000000 0.000000 -1.000000
    outer loop
      vertex 10.0000 50.1375 0.8000
      vertex 2.3000 47.3500 0.8000
      vertex 2.3000 52.9250 0.8000
    endloop
  endfacet
  facet normal 0.000000 -0.000000 -1.000000
    outer loop
      vertex 10.0000 55.7125 0.8000
      vertex 17.7000 52.9250 0.8000
      vertex 2.3000 52.9250 0.8000
    endloop
  endfacet
  facet normal 0.000000 0.000000 -1.000000
    outer loop
      vertex 10.0000 55.7125 0.8000
      vertex 17.7000 58.5000 0.8000
      vertex 17.7000 52.9250 0.8000
    endloop
  endfacet
  facet normal 0.000000 0.000000 -1.000000
    outer loop
      vertex 10.0000 55.7125 0.8000
      vertex 2.3000 58.5000 0.8000
      vertex 17.7000 58.5000 0.8000
    endloop
  endfacet
  facet normal -0.000000 0.000000 -1.000000
    outer loop
      vertex 10.0000 55.7125 0.8000
      vertex 2.3000 52.9250 0.8000
      vertex 2.3000 58.5000 0.8000
    endloop
  endfacet
  facet normal 0.000000 -0.000000 -1.000000
    outer loop
      vertex 6.2257 61.2812 0.8000
      vertex 6.9000 60.8306 0.8000
      vertex 2.3000 58.5000 0.8000
    endloop
  endfacet
  facet normal 0.000000 -0.000000 -1.000000
    outer loop
      vertex 6.9000 60.8306 0.8000
      vertex 7.6274 60.4719 0.8000
      vertex 2.3000 58.5000 0.8000
    endloop
  endfacet
  facet normal 0.000000 -0.000000 -1.000000
    outer loop
      vertex 7.6274 60.4719 0.8000
      vertex 8.3953 60.2113 0.8000
      vertex 2.3000 58.5000 0.8000
    endloop
  endfacet
  facet normal 0.000000 -0.000000 -1.000000
    outer loop
      vertex 8.3953 60.2113 0.8000
      vertex 9.1907 60.0530 0.8000
      vertex 2.3000 58.5000 0.8000
    endloop
  endfacet
  facet normal 0.000000 -0.000000 -1.000000
    outer loop
      vertex 9.1907 60.0530 0.8000
      vertex 10.0000 60.0000 0.8000
      vertex 2.3000 58.5000 0.8000
    endloop
  endfacet
  facet normal 0.000000 -0.000000 -1.000000
    outer loop
      vertex 10.0000 60.0000 0.8000
      vertex 10.8093 60.0530 0.8000
      vertex 2.3000 58.5000 0.8000
    endloop
  endfacet
  facet normal 0.000000 -0.000000 1.000000
    outer loop
      vertex 10.8093 60.0530 0.8000
      vertex 11.6047 60.2113 0.8000
      vertex 2.3000 58.5000 0.8000
    endloop
  endfacet
  facet normal 0.000000 -0.000000 1.000000
    outer loop
      vertex 11.6047 60.2113 0.8000
      vertex 12.3726 60.4719 0.8000
      vertex 2.3000 58.5000 0.8000
    endloop
  endfacet
  facet normal 0.000000 -0.000000 1.000000
    outer loop
      vertex 12.3726 60.4719 0.8000
      vertex 13.1000 60.8306 0.8000
      vertex 2.3000 58.5000 0.8000
    endloop
  endfacet
  facet normal 0.000000 -0.000000 1.000000
    outer loop
      vertex 13.1000 60.8306 0.8000
      vertex 13.7743 61.2812 0.8000
      vertex 2.3000 58.5000 0.8000
    endloop
  endfacet
  facet normal 0.000000 -0.000000 -1.000000
    outer loop
      vertex 13.7743 61.2812 0.8000
      vertex 17.7000 58.5000 0.8000
      vertex 2.3000 58.5000 0.8000
    endloop
  endfacet
  facet normal 0.000000 0.000000 -1.000000
    outer loop
      vertex 13.7743 61.2812 0.8000
      vertex 14.3841 61.8159 0.8000
      vertex 17.7000 58.5000 0.8000
    endloop
  endfacet
  facet normal 0.000000 0.000000 -1.000000
    outer loop
      vertex 14.3841 61.8159 0.8000
      vertex 14.9188 62.4257 0.8000
      vertex 17.7000 58.5000 0.8000
    endloop
  endfacet
  facet normal 0.000000 0.000000 -1.000000
    outer loop
      vertex 14.9188 62.4257 0.8000
      vertex 15.3694 63.1000 0.8000
      vertex 17.7000 58.5000 0.8000
    endloop
  endfacet
  facet normal 0.000000 0.000000 -1.000000
    outer loop
      vertex 15.3694 63.1000 0.8000
      vertex 15.7281 63.8274 0.8000
      vertex 17.7000 58.5000 0.8000
    endloop
  endfacet
  facet normal 0.000000 0.000000 -1.000000
    outer loop
      vertex 15.7281 63.8274 0.8000
      vertex 15.9887 64.5953 0.8000
      vertex 17.7000 58.5000 0.8000
    endloop
  endfacet
  facet normal 0.000000 0.000000 -1.000000
    outer loop
      vertex 15.9887 64.5953 0.8000
      vertex 16.1470 65.3907 0.8000
      vertex 17.7000 58.5000 0.8000
    endloop
  endfacet
  facet normal 0.000000 0.000000 -1.000000
    outer loop
      vertex 16.1470 65.3907 0.8000
      vertex 16.2000 66.2000 0.8000
      vertex 17.7000 58.5000 0.8000
    endloop
  endfacet
  facet normal 0.000000 0.000000 -1.000000
    outer loop
      vertex 16.2000 66.2000 0.8000
      vertex 16.1470 67.0093 0.8000
      vertex 17.7000 58.5000 0.8000
    endloop
  endfacet
  facet normal 0.000000 0.000000 1.000000
    outer loop
      vertex 16.1470 67.0093 0.8000
      vertex 15.9887 67.8047 0.8000
      vertex 17.7000 58.5000 0.8000
    endloop
  endfacet
  facet normal 0.000000 0.000000 1.000000
    outer loop
      vertex 15.9887 67.8047 0.8000
      vertex 15.7281 68.5726 0.8000
      vertex 17.7000 58.5000 0.8000
    endloop
  endfacet
  facet normal 0.000000 0.000000 1.000000
    outer loop
      vertex 15.7281 68.5726 0.8000
      vertex 15.3694 69.3000 0.8000
      vertex 17.7000 58.5000 0.8000
    endloop
  endfacet
  facet normal 0.000000 0.000000 1.000000
    outer loop
      vertex 15.3694 69.3000 0.8000
      vertex 14.9188 69.9743 0.8000
      vertex 17.7000 58.5000 0.8000
    endloop
  endfacet
  facet normal 0.000000 0.000000 -1.000000
    outer loop
      vertex 14.9188 69.9743 0.8000
      vertex 17.7000 73.9000 0.8000
      vertex 17.7000 58.5000 0.8000
    endloop
  endfacet
  facet normal 0.000000 0.000000 -1.000000
    outer loop
      vertex 14.9188 69.9743 0.8000
      vertex 14.3841 70.5841 0.8000
      vertex 17.7000 73.9000 0.8000
    endloop
  endfacet
  facet normal 0.000000 0.000000 -1.000000
    outer loop
      vertex 14.3841 70.5841 0.8000
      vertex 13.7743 71.1188 0.8000
      vertex 17.7000 73.9000 0.8000
    endloop
  endfacet
  facet normal 0.000000 0.000000 -1.000000
    outer loop
      vertex 13.7743 71.1188 0.8000
      vertex 13.1000 71.5694 0.8000
      vertex 17.7000 73.9000 0.8000
    endloop
  endfacet
  facet normal 0.000000 0.000000 -1.000000
    outer loop
      vertex 13.1000 71.5694 0.8000
      vertex 12.3726 71.9281 0.8000
      vertex 17.7000 73.9000 0.8000
    endloop
  endfacet
  facet normal 0.000000 0.000000 -1.000000
    outer loop
      vertex 12.3726 71.9281 0.8000
      vertex 11.6047 72.1887 0.8000
      vertex 17.7000 73.9000 0.8000
    endloop
  endfacet
  facet normal 0.000000 0.000000 -1.000000
    outer loop
      vertex 11.6047 72.1887 0.8000
      vertex 10.8093 72.3470 0.8000
      vertex 17.7000 73.9000 0.8000
    endloop
  endfacet
  facet normal 0.000000 0.000000 -1.000000
    outer loop
      vertex 10.8093 72.3470 0.8000
      vertex 10.0000 72.4000 0.8000
      vertex 17.7000 73.9000 0.8000
    endloop
  endfacet
  facet normal -0.000000 0.000000 -1.000000
    outer loop
      vertex 10.0000 72.4000 0.8000
      vertex 9.1907 72.3470 0.8000
      vertex 17.7000 73.9000 0.8000
    endloop
  endfacet
  facet normal -0.000000 0.000000 1.000000
    outer loop
      vertex 9.1907 72.3470 0.8000
      vertex 8.3953 72.1887 0.8000
      vertex 17.7000 73.9000 0.8000
    endloop
  endfacet
  facet normal -0.000000 0.000000 1.000000
    outer loop
      vertex 8.3953 72.1887 0.8000
      vertex 7.6274 71.9281 0.8000
      vertex 17.7000 73.9000 0.8000
    endloop
  endfacet
  facet normal -0.000000 0.000000 1.000000
    outer loop
      vertex 7.6274 71.9281 0.8000
      vertex 6.9000 71.5694 0.8000
      vertex 17.7000 73.9000 0.8000
    endloop
  endfacet
  facet normal -0.000000 0.000000 1.000000
    outer loop
      vertex 6.9000 71.5694 0.8000
      vertex 6.2257 71.1188 0.8000
      vertex 17.7000 73.9000 0.8000
    endloop
  endfacet
  facet normal 0.000000 0.000000 -1.000000
    outer loop
      vertex 6.2257 71.1188 0.8000
      vertex 2.3000 73.9000 0.8000
      vertex 17.7000 73.9000 0.8000
    endloop
  endfacet
  facet normal -0.000000 0.000000 -1.000000
    outer loop
      vertex 6.2257 71.1188 0.8000
      vertex 5.6159 70.5841 0.8000
      vertex 2.3000 73.9000 0.8000
    endloop
  endfacet
  facet normal -0.000000 0.000000 -1.000000
    outer loop
      vertex 5.6159 70.5841 0.8000
      vertex 5.0812 69.9743 0.8000
      vertex 2.3000 73.9000 0.8000
    endloop
  endfacet
  facet normal -0.000000 0.000000 -1.000000
    outer loop
      vertex 5.0812 69.9743 0.8000
      vertex 4.6306 69.3000 0.8000
      vertex 2.3000 73.9000 0.8000
    endloop
  endfacet
  facet normal -0.000000 0.000000 -1.000000
    outer loop
      vertex 4.6306 69.3000 0.8000
      vertex 4.2719 68.5726 0.8000
      vertex 2.3000 73.9000 0.8000
    endloop
  endfacet
  facet normal -0.000000 0.000000 -1.000000
    outer loop
      vertex 4.2719 68.5726 0.8000
      vertex 4.0113 67.8047 0.8000
      vertex 2.3000 73.9000 0.8000
    endloop
  endfacet
  facet normal -0.000000 0.000000 -1.000000
    outer loop
      vertex 4.0113 67.8047 0.8000
      vertex 3.8530 67.0093 0.8000
      vertex 2.3000 73.9000 0.8000
    endloop
  endfacet
  facet normal -0.000000 0.000000 -1.000000
    outer loop
      vertex 3.8530 67.0093 0.8000
      vertex 3.8000 66.2000 0.8000
      vertex 2.3000 73.9000 0.8000
    endloop
  endfacet
  facet normal -0.000000 -0.000000 -1.000000
    outer loop
      vertex 3.8000 66.2000 0.8000
      vertex 3.8530 65.3907 0.8000
      vertex 2.3000 73.9000 0.8000
    endloop
  endfacet
  facet normal -0.000000 -0.000000 1.000000
    outer loop
      vertex 3.8530 65.3907 0.8000
      vertex 4.0113 64.5953 0.8000
      vertex 2.3000 73.9000 0.8000
    endloop
  endfacet
  facet normal -0.000000 -0.000000 1.000000
    outer loop
      vertex 4.0113 64.5953 0.8000
      vertex 4.2719 63.8274 0.8000
      vertex 2.3000 73.9000 0.8000
    endloop
  endfacet
  facet normal -0.000000 -0.000000 1.000000
    outer loop
      vertex 4.2719 63.8274 0.8000
      vertex 4.6306 63.1000 0.8000
      vertex 2.3000 73.9000 0.8000
    endloop
  endfacet
  facet normal -0.000000 -0.000000 1.000000
    outer loop
      vertex 4.6306 63.1000 0.8000
      vertex 5.0812 62.4257 0.8000
      vertex 2.3000 73.9000 0.8000
    endloop
  endfacet
  facet normal -0.000000 0.000000 -1.000000
    outer loop
      vertex 5.0812 62.4257 0.8000
      vertex 2.3000 58.5000 0.8000
      vertex 2.3000 73.9000 0.8000
    endloop
  endfacet
  facet normal 0.000000 -0.000000 -1.000000
    outer loop
      vertex 5.0812 62.4257 0.8000
      vertex 5.6159 61.8159 0.8000
      vertex 2.3000 58.5000 0.8000
    endloop
  endfacet
  facet normal 0.000000 -0.000000 -1.000000
    outer loop
      vertex 5.6159 61.8159 0.8000
      vertex 6.2257 61.2812 0.8000
      vertex 2.3000 58.5000 0.8000
    endloop
  endfacet
  facet normal 0.000000 -0.000000 -1.000000
    outer loop
      vertex 10.0000 75.0500 0.8000
      vertex 17.7000 73.9000 0.8000
      vertex 2.3000 73.9000 0.8000
    endloop
  endfacet
  facet normal 0.000000 0.000000 -1.000000
    outer loop
      vertex 10.0000 75.0500 0.8000
      vertex 17.7000 76.2000 0.8000
      vertex 17.7000 73.9000 0.8000
    endloop
  endfacet
  facet normal 0.000000 0.000000 -1.000000
    outer loop
      vertex 10.0000 75.0500 0.8000
      vertex 2.3000 76.2000 0.8000
      vertex 17.7000 76.2000 0.8000
    endloop
  endfacet
  facet normal -0.000000 0.000000 -1.000000
    outer loop
      vertex 10.0000 75.0500 0.8000
      vertex 2.3000 73.9000 0.8000
      vertex 2.3000 76.2000 0.8000
    endloop
  endfacet
  facet normal 0.000000 -0.000000 -1.000000
    outer loop
      vertex 18.0067 36.8600 0.8000
      vertex 20.0000 0.0000 0.8000
      vertex 17.7000 0.0000 0.8000
    endloop
  endfacet
  facet normal 0.000000 0.000000 -1.000000
    outer loop
      vertex 18.0067 36.8600 0.8000
      vertex 20.0000 76.2000 0.8000
      vertex 20.0000 0.0000 0.8000
    endloop
  endfacet
  facet normal 0.000000 0.000000 -1.000000
    outer loop
      vertex 18.0067 36.8600 0.8000
      vertex 17.7000 76.2000 0.8000
      vertex 20.0000 76.2000 0.8000
    endloop
  endfacet
  facet normal 0.000000 0.000000 -1.000000
    outer loop
      vertex 18.0067 36.8600 0.8000
      vertex 17.7000 73.9000 0.8000
      vertex 17.7000 76.2000 0.8000
    endloop
  endfacet
  facet normal 0.000000 0.000000 -1.000000
    outer loop
      vertex 18.0067 36.8600 0.8000
      vertex 17.7000 58.5000 0.8000
      vertex 17.7000 73.9000 0.8000
    endloop
  endfacet
  facet normal 0.000000 0.000000 -1.000000
    outer loop
      vertex 18.0067 36.8600 0.8000
      vertex 17.7000 52.9250 0.8000
      vertex 17.7000 58.5000 0.8000
    endloop
  endfacet
  facet normal 0.000000 0.000000 -1.000000
    outer loop
      vertex 18.0067 36.8600 0.8000
      vertex 17.7000 47.3500 0.8000
      vertex 17.7000 52.9250 0.8000
    endloop
  endfacet
  facet normal 0.000000 0.000000 -1.000000
    outer loop
      vertex 18.0067 36.8600 0.8000
      vertex 17.7000 42.6500 0.8000
      vertex 17.7000 47.3500 0.8000
    endloop
  endfacet
  facet normal -0.000000 0.000000 -1.000000
    outer loop
      vertex 18.0067 36.8600 0.8000
      vertex 17.7000 35.0000 0.8000
      vertex 17.7000 42.6500 0.8000
    endloop
  endfacet
  facet normal 0.000000 0.000000 -1.000000
    outer loop
      vertex 18.0067 36.8600 0.8000
      vertex 17.7000 27.3500 0.8000
      vertex 17.7000 35.0000 0.8000
    endloop
  endfacet
  facet normal 0.000000 0.000000 -1.000000
    outer loop
      vertex 18.0067 36.8600 0.8000
      vertex 17.7000 22.6500 0.8000
      vertex 17.7000 27.3500 0.8000
    endloop
  endfacet
  facet normal 0.000000 0.000000 -1.000000
    outer loop
      vertex 18.0067 36.8600 0.8000
      vertex 17.7000 20.1750 0.8000
      vertex 17.7000 22.6500 0.8000
    endloop
  endfacet
  facet normal 0.000000 0.000000 -1.000000
    outer loop
      vertex 18.0067 36.8600 0.8000
      vertex 17.7000 17.7000 0.8000
      vertex 17.7000 20.1750 0.8000
    endloop
  endfacet
  facet normal 0.000000 0.000000 -1.000000
    outer loop
      vertex 18.0067 36.8600 0.8000
      vertex 17.7000 2.3000 0.8000
      vertex 17.7000 17.7000 0.8000
    endloop
  endfacet
  facet normal 0.000000 0.000000 -1.000000
    outer loop
      vertex 18.0067 36.8600 0.8000
      vertex 17.7000 0.0000 0.8000
      vertex 17.7000 2.3000 0.8000
    endloop
  endfacet
  facet normal 0.831470 0.555570 0.000000
    outer loop
      vertex 9.3256 44.4826 2.8000
      vertex 9.3256 44.4826 0.8000
      vertex 9.2639 44.5750 0.8000
    endloop
  endfacet
  facet normal 0.831470 0.555570 0.000000
    outer loop
      vertex 9.3256 44.4826 2.8000
      vertex 9.2639 44.5750 0.8000
      vertex 9.2639 44.5750 2.8000
    endloop
  endfacet
  facet normal -0.751840 -0.659346 -0.000000
    outer loop
      vertex 14.3841 70.5841 2.8000
      vertex 14.3841 70.5841 0.8000
      vertex 14.9188 69.9743 0.8000
    endloop
  endfacet
  facet normal -0.751840 -0.659346 0.000000
    outer loop
      vertex 14.3841 70.5841 2.8000
      vertex 14.9188 69.9743 0.8000
      vertex 14.9188 69.9743 2.8000
    endloop
  endfacet
  facet normal -0.831470 0.555570 0.000000
    outer loop
      vertex 15.3694 63.1000 2.8000
      vertex 15.3694 63.1000 0.8000
      vertex 14.9188 62.4257 0.8000
    endloop
  endfacet
  facet normal -0.831470 0.555570 0.000000
    outer loop
      vertex 15.3694 63.1000 2.8000
      vertex 14.9188 62.4257 0.8000
      vertex 14.9188 62.4257 2.8000
    endloop
  endfacet
  facet normal 0.195090 -0.980785 0.000000
    outer loop
      vertex 9.7800 25.8210 2.8000
      vertex 9.7800 25.8210 0.8000
      vertex 9.8891 25.8427 0.8000
    endloop
  endfacet
  facet normal 0.195090 -0.980785 0.000000
    outer loop
      vertex 9.7800 25.8210 2.8000
      vertex 9.8891 25.8427 0.8000
      vertex 9.8891 25.8427 2.8000
    endloop
  endfacet
  facet normal 0.195090 0.980785 0.000000
    outer loop
      vertex 9.8891 44.1573 2.8000
      vertex 9.8891 44.1573 0.8000
      vertex 9.7800 44.1790 0.8000
    endloop
  endfacet
  facet normal 0.195090 0.980785 0.000000
    outer loop
      vertex 9.8891 44.1573 2.8000
      vertex 9.7800 44.1790 0.8000
      vertex 9.7800 44.1790 2.8000
    endloop
  endfacet
  facet normal 0.659346 -0.751840 0.000000
    outer loop
      vertex 9.3990 45.6010 2.8000
      vertex 9.3990 45.6010 0.8000
      vertex 9.4826 45.6744 0.8000
    endloop
  endfacet
  facet normal 0.659346 -0.751840 0.000000
    outer loop
      vertex 9.3990 45.6010 2.8000
      vertex 9.4826 45.6744 0.8000
      vertex 9.4826 45.6744 2.8000
    endloop
  endfacet
  facet normal -0.659346 0.751840 0.000000
    outer loop
      vertex 14.3841 61.8159 2.8000
      vertex 14.3841 61.8159 0.8000
      vertex 13.7743 61.2812 0.8000
    endloop
  endfacet
  facet normal -0.659346 0.751840 0.000000
    outer loop
      vertex 14.3841 61.8159 2.8000
      vertex 13.7743 61.2812 0.8000
      vertex 13.7743 61.2812 2.8000
    endloop
  endfacet
  facet normal 0.000000 1.000000 0.000000
    outer loop
      vertex 2.3000 76.2000 2.8000
      vertex 2.3000 76.2000 0.8000
      vertex 0.0000 76.2000 0.8000
    endloop
  endfacet
  facet normal 0.000000 1.000000 0.000000
    outer loop
      vertex 2.3000 76.2000 2.8000
      vertex 0.0000 76.2000 0.8000
      vertex 0.0000 76.2000 2.8000
    endloop
  endfacet
  facet normal -0.195090 -0.980785 -0.000000
    outer loop
      vertex 10.8093 72.3470 2.8000
      vertex 10.8093 72.3470 0.8000
      vertex 11.6047 72.1887 0.8000
    endloop
  endfacet
  facet normal -0.195090 -0.980785 0.000000
    outer loop
      vertex 10.8093 72.3470 2.8000
      vertex 11.6047 72.1887 0.8000
      vertex 11.6047 72.1887 2.8000
    endloop
  endfacet
  facet normal 0.896873 0.442289 0.000000
    outer loop
      vertex 9.2639 24.5750 2.8000
      vertex 9.2639 24.5750 0.8000
      vertex 9.2147 24.6747 0.8000
    endloop
  endfacet
  facet normal 0.896873 0.442289 0.000000
    outer loop
      vertex 9.2639 24.5750 2.8000
      vertex 9.2147 24.6747 0.8000
      vertex 9.2147 24.6747 2.8000
    endloop
  endfacet
  facet normal -0.442289 0.896873 0.000000
    outer loop
      vertex 13.1000 60.8306 2.8000
      vertex 13.1000 60.8306 0.8000
      vertex 12.3726 60.4719 0.8000
    endloop
  endfacet
  facet normal -0.442289 0.896873 0.000000
    outer loop
      vertex 13.1000 60.8306 2.8000
      vertex 12.3726 60.4719 0.8000
      vertex 12.3726 60.4719 2.8000
    endloop
  endfacet
  facet normal 0.997859 0.065403 0.000000
    outer loop
      vertex 9.1573 24.8891 2.8000
      vertex 9.1573 24.8891 0.8000
      vertex 9.1500 25.0000 0.8000
    endloop
  endfacet
  facet normal 0.997859 0.065403 0.000000
    outer loop
      vertex 9.1573 24.8891 2.8000
      vertex 9.1500 25.0000 0.8000
      vertex 9.1500 25.0000 2.8000
    endloop
  endfacet
  facet normal 0.659346 -0.751840 0.000000
    outer loop
      vertex 5.6159 14.3841 2.8000
      vertex 5.6159 14.3841 0.8000
      vertex 6.2257 14.9188 0.8000
    endloop
  endfacet
  facet normal 0.659346 -0.751840 0.000000
    outer loop
      vertex 5.6159 14.3841 2.8000
      vertex 6.2257 14.9188 0.8000
      vertex 6.2257 14.9188 2.8000
    endloop
  endfacet
  facet normal -0.831470 0.555570 0.000000
    outer loop
      vertex 10.7361 44.5750 2.8000
      vertex 10.7361 44.5750 0.8000
      vertex 10.6744 44.4826 0.8000
    endloop
  endfacet
  facet normal -0.831470 0.555570 0.000000
    outer loop
      vertex 10.7361 44.5750 2.8000
      vertex 10.6744 44.4826 0.8000
      vertex 10.6744 44.4826 2.8000
    endloop
  endfacet
  facet normal 0.195090 -0.980785 0.000000
    outer loop
      vertex 8.3953 15.9887 2.8000
      vertex 8.3953 15.9887 0.8000
      vertex 9.1907 16.1470 0.8000
    endloop
  endfacet
  facet normal 0.195090 -0.980785 0.000000
    outer loop
      vertex 8.3953 15.9887 2.8000
      vertex 9.1907 16.1470 0.8000
      vertex 9.1907 16.1470 2.8000
    endloop
  endfacet
  facet normal 0.195090 0.980785 0.000000
    outer loop
      vertex 9.1907 3.8530 2.8000
      vertex 9.1907 3.8530 0.8000
      vertex 8.3953 4.0113 0.8000
    endloop
  endfacet
  facet normal 0.195090 0.980785 0.000000
    outer loop
      vertex 9.1907 3.8530 2.8000
      vertex 8.3953 4.0113 0.8000
      vertex 8.3953 4.0113 2.8000
    endloop
  endfacet
  facet normal -0.980785 0.195090 0.000000
    outer loop
      vertex 10.8427 44.8891 2.8000
      vertex 10.8427 44.8891 0.8000
      vertex 10.8210 44.7800 0.8000
    endloop
  endfacet
  facet normal -0.980785 0.195090 0.000000
    outer loop
      vertex 10.8427 44.8891 2.8000
      vertex 10.8210 44.7800 0.8000
      vertex 10.8210 44.7800 2.8000
    endloop
  endfacet
  facet normal 0.980785 -0.195090 0.000000
    outer loop
      vertex 3.8530 10.8093 2.8000
      vertex 3.8530 10.8093 0.8000
      vertex 4.0113 11.6047 0.8000
    endloop
  endfacet
  facet normal 0.980785 -0.195090 0.000000
    outer loop
      vertex 3.8530 10.8093 2.8000
      vertex 4.0113 11.6047 0.8000
      vertex 4.0113 11.6047 2.8000
    endloop
  endfacet
  facet normal 0.831470 0.555570 0.000000
    outer loop
      vertex 9.3256 24.4826 2.8000
      vertex 9.3256 24.4826 0.8000
      vertex 9.2639 24.5750 0.8000
    endloop
  endfacet
  facet normal 0.831470 0.555570 0.000000
    outer loop
      vertex 9.3256 24.4826 2.8000
      vertex 9.2639 24.5750 0.8000
      vertex 9.2639 24.5750 2.8000
    endloop
  endfacet
  facet normal 0.195090 -0.980785 0.000000
    outer loop
      vertex 9.7800 45.8210 2.8000
      vertex 9.7800 45.8210 0.8000
      vertex 9.8891 45.8427 0.8000
    endloop
  endfacet
  facet normal 0.195090 -0.980785 0.000000
    outer loop
      vertex 9.7800 45.8210 2.8000
      vertex 9.8891 45.8427 0.8000
      vertex 9.8891 45.8427 2.8000
    endloop
  endfacet
  facet normal 0.997859 0.065403 0.000000
    outer loop
      vertex 9.1573 44.8891 2.8000
      vertex 9.1573 44.8891 0.8000
      vertex 9.1500 45.0000 0.8000
    endloop
  endfacet
  facet normal 0.997859 0.065403 0.000000
    outer loop
      vertex 9.1573 44.8891 2.8000
      vertex 9.1500 45.0000 0.8000
      vertex 9.1500 45.0000 2.8000
    endloop
  endfacet
  facet normal 0.065403 0.997859 0.000000
    outer loop
      vertex 10.0000 3.8000 2.8000
      vertex 10.0000 3.8000 0.8000
      vertex 9.1907 3.8530 0.8000
    endloop
  endfacet
  facet normal 0.065403 0.997859 0.000000
    outer loop
      vertex 10.0000 3.8000 2.8000
      vertex 9.1907 3.8530 0.8000
      vertex 9.1907 3.8530 2.8000
    endloop
  endfacet
  facet normal 0.980785 0.195090 0.000000
    outer loop
      vertex 4.0113 64.5953 2.8000
      vertex 4.0113 64.5953 0.8000
      vertex 3.8530 65.3907 0.8000
    endloop
  endfacet
  facet normal 0.980785 0.195090 0.000000
    outer loop
      vertex 4.0113 64.5953 2.8000
      vertex 3.8530 65.3907 0.8000
      vertex 3.8530 65.3907 2.8000
    endloop
  endfacet
  facet normal 0.659346 0.751840 0.000000
    outer loop
      vertex 9.4826 44.3256 2.8000
      vertex 9.4826 44.3256 0.8000
      vertex 9.3990 44.3990 0.8000
    endloop
  endfacet
  facet normal 0.659346 0.751840 0.000000
    outer loop
      vertex 9.4826 44.3256 2.8000
      vertex 9.3990 44.3990 0.8000
      vertex 9.3990 44.3990 2.8000
    endloop
  endfacet
  facet normal -0.442289 0.896873 0.000000
    outer loop
      vertex 10.4250 24.2639 2.8000
      vertex 10.4250 24.2639 0.8000
      vertex 10.3253 24.2147 0.8000
    endloop
  endfacet
  facet normal -0.442289 0.896873 0.000000
    outer loop
      vertex 10.4250 24.2639 2.8000
      vertex 10.3253 24.2147 0.8000
      vertex 10.3253 24.2147 2.8000
    endloop
  endfacet
  facet normal 0.997859 0.065403 0.000000
    outer loop
      vertex 3.8530 9.1907 2.8000
      vertex 3.8530 9.1907 0.8000
      vertex 3.8000 10.0000 0.8000
    endloop
  endfacet
  facet normal 0.997859 0.065403 0.000000
    outer loop
      vertex 3.8530 9.1907 2.8000
      vertex 3.8000 10.0000 0.8000
      vertex 3.8000 10.0000 2.8000
    endloop
  endfacet
  facet normal -0.065403 0.997859 0.000000
    outer loop
      vertex 10.8093 60.0530 2.8000
      vertex 10.8093 60.0530 0.8000
      vertex 10.0000 60.0000 0.8000
    endloop
  endfacet
  facet normal -0.065403 0.997859 0.000000
    outer loop
      vertex 10.8093 60.0530 2.8000
      vertex 10.0000 60.0000 0.8000
      vertex 10.0000 60.0000 2.8000
    endloop
  endfacet
  facet normal -0.751840 -0.659346 -0.000000
    outer loop
      vertex 10.6010 45.6010 2.8000
      vertex 10.6010 45.6010 0.8000
      vertex 10.6744 45.5174 0.8000
    endloop
  endfacet
  facet normal -0.751840 -0.659346 0.000000
    outer loop
      vertex 10.6010 45.6010 2.8000
      vertex 10.6744 45.5174 0.8000
      vertex 10.6744 45.5174 2.8000
    endloop
  endfacet
  facet normal -0.997859 -0.065403 -0.000000
    outer loop
      vertex 10.8427 45.1109 2.8000
      vertex 10.8427 45.1109 0.8000
      vertex 10.8500 45.0000 0.8000
    endloop
  endfacet
  facet normal -0.997859 -0.065403 0.000000
    outer loop
      vertex 10.8427 45.1109 2.8000
      vertex 10.8500 45.0000 0.8000
      vertex 10.8500 45.0000 2.8000
    endloop
  endfacet
  facet normal -0.195090 0.980785 0.000000
    outer loop
      vertex 10.2200 44.1790 2.8000
      vertex 10.2200 44.1790 0.8000
      vertex 10.1109 44.1573 0.8000
    endloop
  endfacet
  facet normal -0.195090 0.980785 0.000000
    outer loop
      vertex 10.2200 44.1790 2.8000
      vertex 10.1109 44.1573 0.8000
      vertex 10.1109 44.1573 2.8000
    endloop
  endfacet
  facet normal -0.555570 0.831470 0.000000
    outer loop
      vertex 13.7743 61.2812 2.8000
      vertex 13.7743 61.2812 0.8000
      vertex 13.1000 60.8306 0.8000
    endloop
  endfacet
  facet normal -0.555570 0.831470 0.000000
    outer loop
      vertex 13.7743 61.2812 2.8000
      vertex 13.1000 60.8306 0.8000
      vertex 13.1000 60.8306 2.8000
    endloop
  endfacet
  facet normal 0.555570 0.831470 0.000000
    outer loop
      vertex 9.5750 24.2639 2.8000
      vertex 9.5750 24.2639 0.8000
      vertex 9.4826 24.3256 0.8000
    endloop
  endfacet
  facet normal 0.555570 0.831470 0.000000
    outer loop
      vertex 9.5750 24.2639 2.8000
      vertex 9.4826 24.3256 0.8000
      vertex 9.4826 24.3256 2.8000
    endloop
  endfacet
  facet normal -0.065403 0.997859 0.000000
    outer loop
      vertex 10.1109 24.1573 2.8000
      vertex 10.1109 24.1573 0.8000
      vertex 10.0000 24.1500 0.8000
    endloop
  endfacet
  facet normal -0.065403 0.997859 0.000000
    outer loop
      vertex 10.1109 24.1573 2.8000
      vertex 10.0000 24.1500 0.8000
      vertex 10.0000 24.1500 2.8000
    endloop
  endfacet
  facet normal 0.659346 0.751840 0.000000
    outer loop
      vertex 6.2257 61.2812 2.8000
      vertex 6.2257 61.2812 0.8000
      vertex 5.6159 61.8159 0.8000
    endloop
  endfacet
  facet normal 0.659346 0.751840 0.000000
    outer loop
      vertex 6.2257 61.2812 2.8000
      vertex 5.6159 61.8159 0.8000
      vertex 5.6159 61.8159 2.8000
    endloop
  endfacet
  facet normal 0.896873 0.442289 0.000000
    outer loop
      vertex 4.6306 63.1000 2.8000
      vertex 4.6306 63.1000 0.8000
      vertex 4.2719 63.8274 0.8000
    endloop
  endfacet
  facet normal 0.896873 0.442289 0.000000
    outer loop
      vertex 4.6306 63.1000 2.8000
      vertex 4.2719 63.8274 0.8000
      vertex 4.2719 63.8274 2.8000
    endloop
  endfacet
  facet normal -0.442289 -0.896873 -0.000000
    outer loop
      vertex 12.3726 71.9281 2.8000
      vertex 12.3726 71.9281 0.8000
      vertex 13.1000 71.5694 0.8000
    endloop
  endfacet
  facet normal -0.442289 -0.896873 0.000000
    outer loop
      vertex 12.3726 71.9281 2.8000
      vertex 13.1000 71.5694 0.8000
      vertex 13.1000 71.5694 2.8000
    endloop
  endfacet
  facet normal 0.321439 0.946930 0.000000
    outer loop
      vertex 8.3953 60.2113 2.8000
      vertex 8.3953 60.2113 0.8000
      vertex 7.6274 60.4719 0.8000
    endloop
  endfacet
  facet normal 0.321439 0.946930 0.000000
    outer loop
      vertex 8.3953 60.2113 2.8000
      vertex 7.6274 60.4719 0.8000
      vertex 7.6274 60.4719 2.8000
    endloop
  endfacet
  facet normal 0.980785 0.195090 0.000000
    outer loop
      vertex 9.1790 44.7800 2.8000
      vertex 9.1790 44.7800 0.8000
      vertex 9.1573 44.8891 0.8000
    endloop
  endfacet
  facet normal 0.980785 0.195090 0.000000
    outer loop
      vertex 9.1790 44.7800 2.8000
      vertex 9.1573 44.8891 0.8000
      vertex 9.1573 44.8891 2.8000
    endloop
  endfacet
  facet normal 0.555570 -0.831470 0.000000
    outer loop
      vertex 9.4826 25.6744 2.8000
      vertex 9.4826 25.6744 0.8000
      vertex 9.5750 25.7361 0.8000
    endloop
  endfacet
  facet normal 0.555570 -0.831470 0.000000
    outer loop
      vertex 9.4826 25.6744 2.8000
      vertex 9.5750 25.7361 0.8000
      vertex 9.5750 25.7361 2.8000
    endloop
  endfacet
  facet normal 0.442289 -0.896873 0.000000
    outer loop
      vertex 9.5750 25.7361 2.8000
      vertex 9.5750 25.7361 0.8000
      vertex 9.6747 25.7853 0.8000
    endloop
  endfacet
  facet normal 0.442289 -0.896873 0.000000
    outer loop
      vertex 9.5750 25.7361 2.8000
      vertex 9.6747 25.7853 0.8000
      vertex 9.6747 25.7853 2.8000
    endloop
  endfacet
  facet normal -0.997859 -0.065403 -0.000000
    outer loop
      vertex 10.8427 25.1109 2.8000
      vertex 10.8427 25.1109 0.8000
      vertex 10.8500 25.0000 0.8000
    endloop
  endfacet
  facet normal -0.997859 -0.065403 0.000000
    outer loop
      vertex 10.8427 25.1109 2.8000
      vertex 10.8500 25.0000 0.8000
      vertex 10.8500 25.0000 2.8000
    endloop
  endfacet
  facet normal 0.321439 0.946930 0.000000
    outer loop
      vertex 9.7800 44.1790 2.8000
      vertex 9.7800 44.1790 0.8000
      vertex 9.6747 44.2147 0.8000
    endloop
  endfacet
  facet normal 0.321439 0.946930 0.000000
    outer loop
      vertex 9.7800 44.1790 2.8000
      vertex 9.6747 44.2147 0.8000
      vertex 9.6747 44.2147 2.8000
    endloop
  endfacet
  facet normal 0.751840 0.659346 0.000000
    outer loop
      vertex 9.3990 44.3990 2.8000
      vertex 9.3990 44.3990 0.8000
      vertex 9.3256 44.4826 0.8000
    endloop
  endfacet
  facet normal 0.751840 0.659346 0.000000
    outer loop
      vertex 9.3990 44.3990 2.8000
      vertex 9.3256 44.4826 0.8000
      vertex 9.3256 44.4826 2.8000
    endloop
  endfacet
  facet normal 0.946930 0.321439 0.000000
    outer loop
      vertex 4.2719 63.8274 2.8000
      vertex 4.2719 63.8274 0.8000
      vertex 4.0113 64.5953 0.8000
    endloop
  endfacet
  facet normal 0.946930 0.321439 0.000000
    outer loop
      vertex 4.2719 63.8274 2.8000
      vertex 4.0113 64.5953 0.8000
      vertex 4.0113 64.5953 2.8000
    endloop
  endfacet
  facet normal 0.751840 0.659346 0.000000
    outer loop
      vertex 5.6159 61.8159 2.8000
      vertex 5.6159 61.8159 0.8000
      vertex 5.0812 62.4257 0.8000
    endloop
  endfacet
  facet normal 0.751840 0.659346 0.000000
    outer loop
      vertex 5.6159 61.8159 2.8000
      vertex 5.0812 62.4257 0.8000
      vertex 5.0812 62.4257 2.8000
    endloop
  endfacet
  facet normal 0.659346 0.751840 0.000000
    outer loop
      vertex 9.4826 24.3256 2.8000
      vertex 9.4826 24.3256 0.8000
      vertex 9.3990 24.3990 0.8000
    endloop
  endfacet
  facet normal 0.659346 0.751840 0.000000
    outer loop
      vertex 9.4826 24.3256 2.8000
      vertex 9.3990 24.3990 0.8000
      vertex 9.3990 24.3990 2.8000
    endloop
  endfacet
  facet normal 0.659346 -0.751840 0.000000
    outer loop
      vertex 9.3990 25.6010 2.8000
      vertex 9.3990 25.6010 0.8000
      vertex 9.4826 25.6744 0.8000
    endloop
  endfacet
  facet normal 0.659346 -0.751840 0.000000
    outer loop
      vertex 9.3990 25.6010 2.8000
      vertex 9.4826 25.6744 0.8000
      vertex 9.4826 25.6744 2.8000
    endloop
  endfacet
  facet normal 0.831470 0.555570 0.000000
    outer loop
      vertex 5.0812 62.4257 2.8000
      vertex 5.0812 62.4257 0.8000
      vertex 4.6306 63.1000 0.8000
    endloop
  endfacet
  facet normal 0.831470 0.555570 0.000000
    outer loop
      vertex 5.0812 62.4257 2.8000
      vertex 4.6306 63.1000 0.8000
      vertex 4.6306 63.1000 2.8000
    endloop
  endfacet
  facet normal -0.980785 0.195090 0.000000
    outer loop
      vertex 10.8427 24.8891 2.8000
      vertex 10.8427 24.8891 0.8000
      vertex 10.8210 24.7800 0.8000
    endloop
  endfacet
  facet normal -0.980785 0.195090 0.000000
    outer loop
      vertex 10.8427 24.8891 2.8000
      vertex 10.8210 24.7800 0.8000
      vertex 10.8210 24.7800 2.8000
    endloop
  endfacet
  facet normal 0.997859 -0.065403 0.000000
    outer loop
      vertex 9.1500 25.0000 2.8000
      vertex 9.1500 25.0000 0.8000
      vertex 9.1573 25.1109 0.8000
    endloop
  endfacet
  facet normal 0.997859 -0.065403 0.000000
    outer loop
      vertex 9.1500 25.0000 2.8000
      vertex 9.1573 25.1109 0.8000
      vertex 9.1573 25.1109 2.8000
    endloop
  endfacet
  facet normal 0.831470 0.555570 0.000000
    outer loop
      vertex 5.0812 6.2257 2.8000
      vertex 5.0812 6.2257 0.8000
      vertex 4.6306 6.9000 0.8000
    endloop
  endfacet
  facet normal 0.831470 0.555570 0.000000
    outer loop
      vertex 5.0812 6.2257 2.8000
      vertex 4.6306 6.9000 0.8000
      vertex 4.6306 6.9000 2.8000
    endloop
  endfacet
  facet normal 0.321439 -0.946930 0.000000
    outer loop
      vertex 9.6747 25.7853 2.8000
      vertex 9.6747 25.7853 0.8000
      vertex 9.7800 25.8210 0.8000
    endloop
  endfacet
  facet normal 0.321439 -0.946930 0.000000
    outer loop
      vertex 9.6747 25.7853 2.8000
      vertex 9.7800 25.8210 0.8000
      vertex 9.7800 25.8210 2.8000
    endloop
  endfacet
  facet normal 0.831470 -0.555570 0.000000
    outer loop
      vertex 9.2639 45.4250 2.8000
      vertex 9.2639 45.4250 0.8000
      vertex 9.3256 45.5174 0.8000
    endloop
  endfacet
  facet normal 0.831470 -0.555570 0.000000
    outer loop
      vertex 9.2639 45.4250 2.8000
      vertex 9.3256 45.5174 0.8000
      vertex 9.3256 45.5174 2.8000
    endloop
  endfacet
  facet normal 0.896873 -0.442289 0.000000
    outer loop
      vertex 9.2147 25.3253 2.8000
      vertex 9.2147 25.3253 0.8000
      vertex 9.2639 25.4250 0.8000
    endloop
  endfacet
  facet normal 0.896873 -0.442289 0.000000
    outer loop
      vertex 9.2147 25.3253 2.8000
      vertex 9.2639 25.4250 0.8000
      vertex 9.2639 25.4250 2.8000
    endloop
  endfacet
  facet normal 0.980785 -0.195090 0.000000
    outer loop
      vertex 3.8530 67.0093 2.8000
      vertex 3.8530 67.0093 0.8000
      vertex 4.0113 67.8047 0.8000
    endloop
  endfacet
  facet normal 0.980785 -0.195090 0.000000
    outer loop
      vertex 3.8530 67.0093 2.8000
      vertex 4.0113 67.8047 0.8000
      vertex 4.0113 67.8047 2.8000
    endloop
  endfacet
  facet normal 0.555570 -0.831470 0.000000
    outer loop
      vertex 6.2257 14.9188 2.8000
      vertex 6.2257 14.9188 0.8000
      vertex 6.9000 15.3694 0.8000
    endloop
  endfacet
  facet normal 0.555570 -0.831470 0.000000
    outer loop
      vertex 6.2257 14.9188 2.8000
      vertex 6.9000 15.3694 0.8000
      vertex 6.9000 15.3694 2.8000
    endloop
  endfacet
  facet normal 0.946930 -0.321439 0.000000
    outer loop
      vertex 4.0113 67.8047 2.8000
      vertex 4.0113 67.8047 0.8000
      vertex 4.2719 68.5726 0.8000
    endloop
  endfacet
  facet normal 0.946930 -0.321439 0.000000
    outer loop
      vertex 4.0113 67.8047 2.8000
      vertex 4.2719 68.5726 0.8000
      vertex 4.2719 68.5726 2.8000
    endloop
  endfacet
  facet normal -0.946930 0.321439 0.000000
    outer loop
      vertex 15.9887 64.5953 2.8000
      vertex 15.9887 64.5953 0.8000
      vertex 15.7281 63.8274 0.8000
    endloop
  endfacet
  facet normal -0.946930 0.321439 0.000000
    outer loop
      vertex 15.9887 64.5953 2.8000
      vertex 15.7281 63.8274 0.8000
      vertex 15.7281 63.8274 2.8000
    endloop
  endfacet
  facet normal -0.659346 -0.751840 -0.000000
    outer loop
      vertex 10.5174 45.6744 2.8000
      vertex 10.5174 45.6744 0.8000
      vertex 10.6010 45.6010 0.8000
    endloop
  endfacet
  facet normal -0.659346 -0.751840 0.000000
    outer loop
      vertex 10.5174 45.6744 2.8000
      vertex 10.6010 45.6010 0.8000
      vertex 10.6010 45.6010 2.8000
    endloop
  endfacet
  facet normal 0.065403 -0.997859 0.000000
    outer loop
      vertex 9.1907 72.3470 2.8000
      vertex 9.1907 72.3470 0.8000
      vertex 10.0000 72.4000 0.8000
    endloop
  endfacet
  facet normal 0.065403 -0.997859 0.000000
    outer loop
      vertex 9.1907 72.3470 2.8000
      vertex 10.0000 72.4000 0.8000
      vertex 10.0000 72.4000 2.8000
    endloop
  endfacet
  facet normal -0.831470 0.555570 0.000000
    outer loop
      vertex 10.7361 24.5750 2.8000
      vertex 10.7361 24.5750 0.8000
      vertex 10.6744 24.4826 0.8000
    endloop
  endfacet
  facet normal -0.831470 0.555570 0.000000
    outer loop
      vertex 10.7361 24.5750 2.8000
      vertex 10.6744 24.4826 0.8000
      vertex 10.6744 24.4826 2.8000
    endloop
  endfacet
  facet normal -0.896873 -0.442289 -0.000000
    outer loop
      vertex 10.7361 25.4250 2.8000
      vertex 10.7361 25.4250 0.8000
      vertex 10.7853 25.3253 0.8000
    endloop
  endfacet
  facet normal -0.896873 -0.442289 0.000000
    outer loop
      vertex 10.7361 25.4250 2.8000
      vertex 10.7853 25.3253 0.8000
      vertex 10.7853 25.3253 2.8000
    endloop
  endfacet
  facet normal 0.065403 0.997859 0.000000
    outer loop
      vertex 10.0000 44.1500 2.8000
      vertex 10.0000 44.1500 0.8000
      vertex 9.8891 44.1573 0.8000
    endloop
  endfacet
  facet normal 0.065403 0.997859 0.000000
    outer loop
      vertex 10.0000 44.1500 2.8000
      vertex 9.8891 44.1573 0.8000
      vertex 9.8891 44.1573 2.8000
    endloop
  endfacet
  facet normal -0.195090 -0.980785 -0.000000
    outer loop
      vertex 10.1109 45.8427 2.8000
      vertex 10.1109 45.8427 0.8000
      vertex 10.2200 45.8210 0.8000
    endloop
  endfacet
  facet normal -0.195090 -0.980785 0.000000
    outer loop
      vertex 10.1109 45.8427 2.8000
      vertex 10.2200 45.8210 0.8000
      vertex 10.2200 45.8210 2.8000
    endloop
  endfacet
  facet normal 0.442289 -0.896873 0.000000
    outer loop
      vertex 6.9000 71.5694 2.8000
      vertex 6.9000 71.5694 0.8000
      vertex 7.6274 71.9281 0.8000
    endloop
  endfacet
  facet normal 0.442289 -0.896873 0.000000
    outer loop
      vertex 6.9000 71.5694 2.8000
      vertex 7.6274 71.9281 0.8000
      vertex 7.6274 71.9281 2.8000
    endloop
  endfacet
  facet normal 0.980785 -0.195090 0.000000
    outer loop
      vertex 9.1573 45.1109 2.8000
      vertex 9.1573 45.1109 0.8000
      vertex 9.1790 45.2200 0.8000
    endloop
  endfacet
  facet normal 0.980785 -0.195090 0.000000
    outer loop
      vertex 9.1573 45.1109 2.8000
      vertex 9.1790 45.2200 0.8000
      vertex 9.1790 45.2200 2.8000
    endloop
  endfacet
  facet normal -0.442289 0.896873 0.000000
    outer loop
      vertex 10.4250 44.2639 2.8000
      vertex 10.4250 44.2639 0.8000
      vertex 10.3253 44.2147 0.8000
    endloop
  endfacet
  facet normal -0.442289 0.896873 0.000000
    outer loop
      vertex 10.4250 44.2639 2.8000
      vertex 10.3253 44.2147 0.8000
      vertex 10.3253 44.2147 2.8000
    endloop
  endfacet
  facet normal -0.195090 -0.980785 -0.000000
    outer loop
      vertex 10.1109 25.8427 2.8000
      vertex 10.1109 25.8427 0.8000
      vertex 10.2200 25.8210 0.8000
    endloop
  endfacet
  facet normal -0.195090 -0.980785 0.000000
    outer loop
      vertex 10.1109 25.8427 2.8000
      vertex 10.2200 25.8210 0.8000
      vertex 10.2200 25.8210 2.8000
    endloop
  endfacet
  facet normal 0.896873 -0.442289 0.000000
    outer loop
      vertex 4.2719 68.5726 2.8000
      vertex 4.2719 68.5726 0.8000
      vertex 4.6306 69.3000 0.8000
    endloop
  endfacet
  facet normal 0.896873 -0.442289 0.000000
    outer loop
      vertex 4.2719 68.5726 2.8000
      vertex 4.6306 69.3000 0.8000
      vertex 4.6306 69.3000 2.8000
    endloop
  endfacet
  facet normal 0.000000 -1.000000 0.000000
    outer loop
      vertex 0.0000 0.0000 2.8000
      vertex 0.0000 0.0000 0.8000
      vertex 2.3000 0.0000 0.8000
    endloop
  endfacet
  facet normal 0.000000 -1.000000 0.000000
    outer loop
      vertex 0.0000 0.0000 2.8000
      vertex 2.3000 0.0000 0.8000
      vertex 2.3000 0.0000 2.8000
    endloop
  endfacet
  facet normal 0.065403 -0.997859 0.000000
    outer loop
      vertex 9.8891 45.8427 2.8000
      vertex 9.8891 45.8427 0.8000
      vertex 10.0000 45.8500 0.8000
    endloop
  endfacet
  facet normal 0.065403 -0.997859 0.000000
    outer loop
      vertex 9.8891 45.8427 2.8000
      vertex 10.0000 45.8500 0.8000
      vertex 10.0000 45.8500 2.8000
    endloop
  endfacet
  facet normal -0.195090 0.980785 0.000000
    outer loop
      vertex 10.2200 24.1790 2.8000
      vertex 10.2200 24.1790 0.8000
      vertex 10.1109 24.1573 0.8000
    endloop
  endfacet
  facet normal -0.195090 0.980785 0.000000
    outer loop
      vertex 10.2200 24.1790 2.8000
      vertex 10.1109 24.1573 0.8000
      vertex 10.1109 24.1573 2.8000
    endloop
  endfacet
  facet normal -0.659346 0.751840 0.000000
    outer loop
      vertex 10.6010 44.3990 2.8000
      vertex 10.6010 44.3990 0.8000
      vertex 10.5174 44.3256 0.8000
    endloop
  endfacet
  facet normal -0.659346 0.751840 0.000000
    outer loop
      vertex 10.6010 44.3990 2.8000
      vertex 10.5174 44.3256 0.8000
      vertex 10.5174 44.3256 2.8000
    endloop
  endfacet
  facet normal -0.065403 -0.997859 -0.000000
    outer loop
      vertex 10.0000 45.8500 2.8000
      vertex 10.0000 45.8500 0.8000
      vertex 10.1109 45.8427 0.8000
    endloop
  endfacet
  facet normal -0.065403 -0.997859 0.000000
    outer loop
      vertex 10.0000 45.8500 2.8000
      vertex 10.1109 45.8427 0.8000
      vertex 10.1109 45.8427 2.8000
    endloop
  endfacet
  facet normal -0.751840 0.659346 0.000000
    outer loop
      vertex 14.9188 6.2257 2.8000
      vertex 14.9188 6.2257 0.8000
      vertex 14.3841 5.6159 0.8000
    endloop
  endfacet
  facet normal -0.751840 0.659346 0.000000
    outer loop
      vertex 14.9188 6.2257 2.8000
      vertex 14.3841 5.6159 0.8000
      vertex 14.3841 5.6159 2.8000
    endloop
  endfacet
  facet normal 0.896873 0.442289 0.000000
    outer loop
      vertex 9.2639 44.5750 2.8000
      vertex 9.2639 44.5750 0.8000
      vertex 9.2147 44.6747 0.8000
    endloop
  endfacet
  facet normal 0.896873 0.442289 0.000000
    outer loop
      vertex 9.2639 44.5750 2.8000
      vertex 9.2147 44.6747 0.8000
      vertex 9.2147 44.6747 2.8000
    endloop
  endfacet
  facet normal 0.065403 0.997859 0.000000
    outer loop
      vertex 10.0000 60.0000 2.8000
      vertex 10.0000 60.0000 0.8000
      vertex 9.1907 60.0530 0.8000
    endloop
  endfacet
  facet normal 0.065403 0.997859 0.000000
    outer loop
      vertex 10.0000 60.0000 2.8000
      vertex 9.1907 60.0530 0.8000
      vertex 9.1907 60.0530 2.8000
    endloop
  endfacet
  facet normal -0.195090 0.980785 0.000000
    outer loop
      vertex 11.6047 4.0113 2.8000
      vertex 11.6047 4.0113 0.8000
      vertex 10.8093 3.8530 0.8000
    endloop
  endfacet
  facet normal -0.195090 0.980785 0.000000
    outer loop
      vertex 11.6047 4.0113 2.8000
      vertex 10.8093 3.8530 0.8000
      vertex 10.8093 3.8530 2.8000
    endloop
  endfacet
  facet normal -0.980785 0.195090 0.000000
    outer loop
      vertex 16.1470 65.3907 2.8000
      vertex 16.1470 65.3907 0.8000
      vertex 15.9887 64.5953 0.8000
    endloop
  endfacet
  facet normal -0.980785 0.195090 0.000000
    outer loop
      vertex 16.1470 65.3907 2.8000
      vertex 15.9887 64.5953 0.8000
      vertex 15.9887 64.5953 2.8000
    endloop
  endfacet
  facet normal 0.980785 0.195090 0.000000
    outer loop
      vertex 4.0113 8.3953 2.8000
      vertex 4.0113 8.3953 0.8000
      vertex 3.8530 9.1907 0.8000
    endloop
  endfacet
  facet normal 0.980785 0.195090 0.000000
    outer loop
      vertex 4.0113 8.3953 2.8000
      vertex 3.8530 9.1907 0.8000
      vertex 3.8530 9.1907 2.8000
    endloop
  endfacet
  facet normal 0.896873 -0.442289 0.000000
    outer loop
      vertex 4.2719 12.3726 2.8000
      vertex 4.2719 12.3726 0.8000
      vertex 4.6306 13.1000 0.8000
    endloop
  endfacet
  facet normal 0.896873 -0.442289 0.000000
    outer loop
      vertex 4.2719 12.3726 2.8000
      vertex 4.6306 13.1000 0.8000
      vertex 4.6306 13.1000 2.8000
    endloop
  endfacet
  facet normal -0.555570 -0.831470 -0.000000
    outer loop
      vertex 13.1000 15.3694 2.8000
      vertex 13.1000 15.3694 0.8000
      vertex 13.7743 14.9188 0.8000
    endloop
  endfacet
  facet normal -0.555570 -0.831470 0.000000
    outer loop
      vertex 13.1000 15.3694 2.8000
      vertex 13.7743 14.9188 0.8000
      vertex 13.7743 14.9188 2.8000
    endloop
  endfacet
  facet normal -0.751840 0.659346 0.000000
    outer loop
      vertex 14.9188 62.4257 2.8000
      vertex 14.9188 62.4257 0.8000
      vertex 14.3841 61.8159 0.8000
    endloop
  endfacet
  facet normal -0.751840 0.659346 0.000000
    outer loop
      vertex 14.9188 62.4257 2.8000
      vertex 14.3841 61.8159 0.8000
      vertex 14.3841 61.8159 2.8000
    endloop
  endfacet
  facet normal -0.321439 -0.946930 -0.000000
    outer loop
      vertex 10.2200 25.8210 2.8000
      vertex 10.2200 25.8210 0.8000
      vertex 10.3253 25.7853 0.8000
    endloop
  endfacet
  facet normal -0.321439 -0.946930 0.000000
    outer loop
      vertex 10.2200 25.8210 2.8000
      vertex 10.3253 25.7853 0.8000
      vertex 10.3253 25.7853 2.8000
    endloop
  endfacet
  facet normal 0.896873 0.442289 0.000000
    outer loop
      vertex 4.6306 6.9000 2.8000
      vertex 4.6306 6.9000 0.8000
      vertex 4.2719 7.6274 0.8000
    endloop
  endfacet
  facet normal 0.896873 0.442289 0.000000
    outer loop
      vertex 4.6306 6.9000 2.8000
      vertex 4.2719 7.6274 0.8000
      vertex 4.2719 7.6274 2.8000
    endloop
  endfacet
  facet normal -0.321439 0.946930 0.000000
    outer loop
      vertex 10.3253 24.2147 2.8000
      vertex 10.3253 24.2147 0.8000
      vertex 10.2200 24.1790 0.8000
    endloop
  endfacet
  facet normal -0.321439 0.946930 0.000000
    outer loop
      vertex 10.3253 24.2147 2.8000
      vertex 10.2200 24.1790 0.8000
      vertex 10.2200 24.1790 2.8000
    endloop
  endfacet
  facet normal -0.896873 -0.442289 -0.000000
    outer loop
      vertex 10.7361 45.4250 2.8000
      vertex 10.7361 45.4250 0.8000
      vertex 10.7853 45.3253 0.8000
    endloop
  endfacet
  facet normal -0.896873 -0.442289 0.000000
    outer loop
      vertex 10.7361 45.4250 2.8000
      vertex 10.7853 45.3253 0.8000
      vertex 10.7853 45.3253 2.8000
    endloop
  endfacet
  facet normal 0.442289 0.896873 0.000000
    outer loop
      vertex 7.6274 4.2719 2.8000
      vertex 7.6274 4.2719 0.8000
      vertex 6.9000 4.6306 0.8000
    endloop
  endfacet
  facet normal 0.442289 0.896873 0.000000
    outer loop
      vertex 7.6274 4.2719 2.8000
      vertex 6.9000 4.6306 0.8000
      vertex 6.9000 4.6306 2.8000
    endloop
  endfacet
  facet normal -0.831470 -0.555570 -0.000000
    outer loop
      vertex 10.6744 45.5174 2.8000
      vertex 10.6744 45.5174 0.8000
      vertex 10.7361 45.4250 0.8000
    endloop
  endfacet
  facet normal -0.831470 -0.555570 0.000000
    outer loop
      vertex 10.6744 45.5174 2.8000
      vertex 10.7361 45.4250 0.8000
      vertex 10.7361 45.4250 2.8000
    endloop
  endfacet
  facet normal 0.659346 -0.751840 0.000000
    outer loop
      vertex 5.6159 70.5841 2.8000
      vertex 5.6159 70.5841 0.8000
      vertex 6.2257 71.1188 0.8000
    endloop
  endfacet
  facet normal 0.659346 -0.751840 0.000000
    outer loop
      vertex 5.6159 70.5841 2.8000
      vertex 6.2257 71.1188 0.8000
      vertex 6.2257 71.1188 2.8000
    endloop
  endfacet
  facet normal -0.321439 -0.946930 -0.000000
    outer loop
      vertex 10.2200 45.8210 2.8000
      vertex 10.2200 45.8210 0.8000
      vertex 10.3253 45.7853 0.8000
    endloop
  endfacet
  facet normal -0.321439 -0.946930 0.000000
    outer loop
      vertex 10.2200 45.8210 2.8000
      vertex 10.3253 45.7853 0.8000
      vertex 10.3253 45.7853 2.8000
    endloop
  endfacet
  facet normal 0.065403 -0.997859 0.000000
    outer loop
      vertex 9.8891 25.8427 2.8000
      vertex 9.8891 25.8427 0.8000
      vertex 10.0000 25.8500 0.8000
    endloop
  endfacet
  facet normal 0.065403 -0.997859 0.000000
    outer loop
      vertex 9.8891 25.8427 2.8000
      vertex 10.0000 25.8500 0.8000
      vertex 10.0000 25.8500 2.8000
    endloop
  endfacet
  facet normal -0.896873 0.442289 0.000000
    outer loop
      vertex 15.7281 7.6274 2.8000
      vertex 15.7281 7.6274 0.8000
      vertex 15.3694 6.9000 0.8000
    endloop
  endfacet
  facet normal -0.896873 0.442289 0.000000
    outer loop
      vertex 15.7281 7.6274 2.8000
      vertex 15.3694 6.9000 0.8000
      vertex 15.3694 6.9000 2.8000
    endloop
  endfacet
  facet normal 0.831470 -0.555570 0.000000
    outer loop
      vertex 9.2639 25.4250 2.8000
      vertex 9.2639 25.4250 0.8000
      vertex 9.3256 25.5174 0.8000
    endloop
  endfacet
  facet normal 0.831470 -0.555570 0.000000
    outer loop
      vertex 9.2639 25.4250 2.8000
      vertex 9.3256 25.5174 0.8000
      vertex 9.3256 25.5174 2.8000
    endloop
  endfacet
  facet normal -0.751840 0.659346 0.000000
    outer loop
      vertex 10.6744 44.4826 2.8000
      vertex 10.6744 44.4826 0.8000
      vertex 10.6010 44.3990 0.8000
    endloop
  endfacet
  facet normal -0.751840 0.659346 0.000000
    outer loop
      vertex 10.6744 44.4826 2.8000
      vertex 10.6010 44.3990 0.8000
      vertex 10.6010 44.3990 2.8000
    endloop
  endfacet
  facet normal -0.831470 0.555570 0.000000
    outer loop
      vertex 15.3694 6.9000 2.8000
      vertex 15.3694 6.9000 0.8000
      vertex 14.9188 6.2257 0.8000
    endloop
  endfacet
  facet normal -0.831470 0.555570 0.000000
    outer loop
      vertex 15.3694 6.9000 2.8000
      vertex 14.9188 6.2257 0.8000
      vertex 14.9188 6.2257 2.8000
    endloop
  endfacet
  facet normal 0.000000 -1.000000 0.000000
    outer loop
      vertex 2.3000 0.0000 2.8000
      vertex 2.3000 0.0000 0.8000
      vertex 17.7000 0.0000 0.8000
    endloop
  endfacet
  facet normal 0.000000 -1.000000 0.000000
    outer loop
      vertex 2.3000 0.0000 2.8000
      vertex 17.7000 0.0000 0.8000
      vertex 17.7000 0.0000 2.8000
    endloop
  endfacet
  facet normal -0.659346 0.751840 0.000000
    outer loop
      vertex 10.6010 24.3990 2.8000
      vertex 10.6010 24.3990 0.8000
      vertex 10.5174 24.3256 0.8000
    endloop
  endfacet
  facet normal -0.659346 0.751840 0.000000
    outer loop
      vertex 10.6010 24.3990 2.8000
      vertex 10.5174 24.3256 0.8000
      vertex 10.5174 24.3256 2.8000
    endloop
  endfacet
  facet normal 0.751840 0.659346 0.000000
    outer loop
      vertex 5.6159 5.6159 2.8000
      vertex 5.6159 5.6159 0.8000
      vertex 5.0812 6.2257 0.8000
    endloop
  endfacet
  facet normal 0.751840 0.659346 0.000000
    outer loop
      vertex 5.6159 5.6159 2.8000
      vertex 5.0812 6.2257 0.8000
      vertex 5.0812 6.2257 2.8000
    endloop
  endfacet
  facet normal 0.896873 -0.442289 0.000000
    outer loop
      vertex 9.2147 45.3253 2.8000
      vertex 9.2147 45.3253 0.8000
      vertex 9.2639 45.4250 0.8000
    endloop
  endfacet
  facet normal 0.896873 -0.442289 0.000000
    outer loop
      vertex 9.2147 45.3253 2.8000
      vertex 9.2639 45.4250 0.8000
      vertex 9.2639 45.4250 2.8000
    endloop
  endfacet
  facet normal -0.946930 -0.321439 -0.000000
    outer loop
      vertex 10.7853 25.3253 2.8000
      vertex 10.7853 25.3253 0.8000
      vertex 10.8210 25.2200 0.8000
    endloop
  endfacet
  facet normal -0.946930 -0.321439 0.000000
    outer loop
      vertex 10.7853 25.3253 2.8000
      vertex 10.8210 25.2200 0.8000
      vertex 10.8210 25.2200 2.8000
    endloop
  endfacet
  facet normal 0.751840 -0.659346 0.000000
    outer loop
      vertex 9.3256 25.5174 2.8000
      vertex 9.3256 25.5174 0.8000
      vertex 9.3990 25.6010 0.8000
    endloop
  endfacet
  facet normal 0.751840 -0.659346 0.000000
    outer loop
      vertex 9.3256 25.5174 2.8000
      vertex 9.3990 25.6010 0.8000
      vertex 9.3990 25.6010 2.8000
    endloop
  endfacet
  facet normal 0.000000 1.000000 0.000000
    outer loop
      vertex 20.0000 76.2000 2.8000
      vertex 20.0000 76.2000 0.8000
      vertex 17.7000 76.2000 0.8000
    endloop
  endfacet
  facet normal 0.000000 1.000000 0.000000
    outer loop
      vertex 20.0000 76.2000 2.8000
      vertex 17.7000 76.2000 0.8000
      vertex 17.7000 76.2000 2.8000
    endloop
  endfacet
  facet normal 0.946930 -0.321439 0.000000
    outer loop
      vertex 9.1790 25.2200 2.8000
      vertex 9.1790 25.2200 0.8000
      vertex 9.2147 25.3253 0.8000
    endloop
  endfacet
  facet normal 0.946930 -0.321439 0.000000
    outer loop
      vertex 9.1790 25.2200 2.8000
      vertex 9.2147 25.3253 0.8000
      vertex 9.2147 25.3253 2.8000
    endloop
  endfacet
  facet normal -0.065403 -0.997859 -0.000000
    outer loop
      vertex 10.0000 25.8500 2.8000
      vertex 10.0000 25.8500 0.8000
      vertex 10.1109 25.8427 0.8000
    endloop
  endfacet
  facet normal -0.065403 -0.997859 0.000000
    outer loop
      vertex 10.0000 25.8500 2.8000
      vertex 10.1109 25.8427 0.8000
      vertex 10.1109 25.8427 2.8000
    endloop
  endfacet
  facet normal -0.555570 0.831470 0.000000
    outer loop
      vertex 10.5174 24.3256 2.8000
      vertex 10.5174 24.3256 0.8000
      vertex 10.4250 24.2639 0.8000
    endloop
  endfacet
  facet normal -0.555570 0.831470 0.000000
    outer loop
      vertex 10.5174 24.3256 2.8000
      vertex 10.4250 24.2639 0.8000
      vertex 10.4250 24.2639 2.8000
    endloop
  endfacet
  facet normal -0.831470 -0.555570 -0.000000
    outer loop
      vertex 14.9188 69.9743 2.8000
      vertex 14.9188 69.9743 0.8000
      vertex 15.3694 69.3000 0.8000
    endloop
  endfacet
  facet normal -0.831470 -0.555570 0.000000
    outer loop
      vertex 14.9188 69.9743 2.8000
      vertex 15.3694 69.3000 0.8000
      vertex 15.3694 69.3000 2.8000
    endloop
  endfacet
  facet normal -0.980785 -0.195090 -0.000000
    outer loop
      vertex 10.8210 45.2200 2.8000
      vertex 10.8210 45.2200 0.8000
      vertex 10.8427 45.1109 0.8000
    endloop
  endfacet
  facet normal -0.980785 -0.195090 0.000000
    outer loop
      vertex 10.8210 45.2200 2.8000
      vertex 10.8427 45.1109 0.8000
      vertex 10.8427 45.1109 2.8000
    endloop
  endfacet
  facet normal -0.751840 -0.659346 -0.000000
    outer loop
      vertex 10.6010 25.6010 2.8000
      vertex 10.6010 25.6010 0.8000
      vertex 10.6744 25.5174 0.8000
    endloop
  endfacet
  facet normal -0.751840 -0.659346 0.000000
    outer loop
      vertex 10.6010 25.6010 2.8000
      vertex 10.6744 25.5174 0.8000
      vertex 10.6744 25.5174 2.8000
    endloop
  endfacet
  facet normal -0.751840 0.659346 0.000000
    outer loop
      vertex 10.6744 24.4826 2.8000
      vertex 10.6744 24.4826 0.8000
      vertex 10.6010 24.3990 0.8000
    endloop
  endfacet
  facet normal -0.751840 0.659346 0.000000
    outer loop
      vertex 10.6744 24.4826 2.8000
      vertex 10.6010 24.3990 0.8000
      vertex 10.6010 24.3990 2.8000
    endloop
  endfacet
  facet normal -0.946930 0.321439 0.000000
    outer loop
      vertex 10.8210 44.7800 2.8000
      vertex 10.8210 44.7800 0.8000
      vertex 10.7853 44.6747 0.8000
    endloop
  endfacet
  facet normal -0.946930 0.321439 0.000000
    outer loop
      vertex 10.8210 44.7800 2.8000
      vertex 10.7853 44.6747 0.8000
      vertex 10.7853 44.6747 2.8000
    endloop
  endfacet
  facet normal -0.896873 -0.442289 -0.000000
    outer loop
      vertex 15.3694 69.3000 2.8000
      vertex 15.3694 69.3000 0.8000
      vertex 15.7281 68.5726 0.8000
    endloop
  endfacet
  facet normal -0.896873 -0.442289 0.000000
    outer loop
      vertex 15.3694 69.3000 2.8000
      vertex 15.7281 68.5726 0.8000
      vertex 15.7281 68.5726 2.8000
    endloop
  endfacet
  facet normal 0.946930 0.321439 0.000000
    outer loop
      vertex 4.2719 7.6274 2.8000
      vertex 4.2719 7.6274 0.8000
      vertex 4.0113 8.3953 0.8000
    endloop
  endfacet
  facet normal 0.946930 0.321439 0.000000
    outer loop
      vertex 4.2719 7.6274 2.8000
      vertex 4.0113 8.3953 0.8000
      vertex 4.0113 8.3953 2.8000
    endloop
  endfacet
  facet normal 0.831470 -0.555570 0.000000
    outer loop
      vertex 4.6306 69.3000 2.8000
      vertex 4.6306 69.3000 0.8000
      vertex 5.0812 69.9743 0.8000
    endloop
  endfacet
  facet normal 0.831470 -0.555570 0.000000
    outer loop
      vertex 4.6306 69.3000 2.8000
      vertex 5.0812 69.9743 0.8000
      vertex 5.0812 69.9743 2.8000
    endloop
  endfacet
  facet normal 0.195090 0.980785 0.000000
    outer loop
      vertex 9.8891 24.1573 2.8000
      vertex 9.8891 24.1573 0.8000
      vertex 9.7800 24.1790 0.8000
    endloop
  endfacet
  facet normal 0.195090 0.980785 0.000000
    outer loop
      vertex 9.8891 24.1573 2.8000
      vertex 9.7800 24.1790 0.8000
      vertex 9.7800 24.1790 2.8000
    endloop
  endfacet
  facet normal 0.831470 -0.555570 0.000000
    outer loop
      vertex 4.6306 13.1000 2.8000
      vertex 4.6306 13.1000 0.8000
      vertex 5.0812 13.7743 0.8000
    endloop
  endfacet
  facet normal 0.831470 -0.555570 0.000000
    outer loop
      vertex 4.6306 13.1000 2.8000
      vertex 5.0812 13.7743 0.8000
      vertex 5.0812 13.7743 2.8000
    endloop
  endfacet
  facet normal 0.065403 0.997859 0.000000
    outer loop
      vertex 10.0000 24.1500 2.8000
      vertex 10.0000 24.1500 0.8000
      vertex 9.8891 24.1573 0.8000
    endloop
  endfacet
  facet normal 0.065403 0.997859 0.000000
    outer loop
      vertex 10.0000 24.1500 2.8000
      vertex 9.8891 24.1573 0.8000
      vertex 9.8891 24.1573 2.8000
    endloop
  endfacet
  facet normal 0.946930 0.321439 0.000000
    outer loop
      vertex 9.2147 44.6747 2.8000
      vertex 9.2147 44.6747 0.8000
      vertex 9.1790 44.7800 0.8000
    endloop
  endfacet
  facet normal 0.946930 0.321439 0.000000
    outer loop
      vertex 9.2147 44.6747 2.8000
      vertex 9.1790 44.7800 0.8000
      vertex 9.1790 44.7800 2.8000
    endloop
  endfacet
  facet normal 0.997859 -0.065403 0.000000
    outer loop
      vertex 9.1500 45.0000 2.8000
      vertex 9.1500 45.0000 0.8000
      vertex 9.1573 45.1109 0.8000
    endloop
  endfacet
  facet normal 0.997859 -0.065403 0.000000
    outer loop
      vertex 9.1500 45.0000 2.8000
      vertex 9.1573 45.1109 0.8000
      vertex 9.1573 45.1109 2.8000
    endloop
  endfacet
  facet normal 0.442289 -0.896873 0.000000
    outer loop
      vertex 9.5750 45.7361 2.8000
      vertex 9.5750 45.7361 0.8000
      vertex 9.6747 45.7853 0.8000
    endloop
  endfacet
  facet normal 0.442289 -0.896873 0.000000
    outer loop
      vertex 9.5750 45.7361 2.8000
      vertex 9.6747 45.7853 0.8000
      vertex 9.6747 45.7853 2.8000
    endloop
  endfacet
  facet normal -0.751840 -0.659346 -0.000000
    outer loop
      vertex 14.3841 14.3841 2.8000
      vertex 14.3841 14.3841 0.8000
      vertex 14.9188 13.7743 0.8000
    endloop
  endfacet
  facet normal -0.751840 -0.659346 0.000000
    outer loop
      vertex 14.3841 14.3841 2.8000
      vertex 14.9188 13.7743 0.8000
      vertex 14.9188 13.7743 2.8000
    endloop
  endfacet
  facet normal 0.751840 0.659346 0.000000
    outer loop
      vertex 9.3990 24.3990 2.8000
      vertex 9.3990 24.3990 0.8000
      vertex 9.3256 24.4826 0.8000
    endloop
  endfacet
  facet normal 0.751840 0.659346 0.000000
    outer loop
      vertex 9.3990 24.3990 2.8000
      vertex 9.3256 24.4826 0.8000
      vertex 9.3256 24.4826 2.8000
    endloop
  endfacet
  facet normal 0.980785 0.195090 0.000000
    outer loop
      vertex 9.1790 24.7800 2.8000
      vertex 9.1790 24.7800 0.8000
      vertex 9.1573 24.8891 0.8000
    endloop
  endfacet
  facet normal 0.980785 0.195090 0.000000
    outer loop
      vertex 9.1790 24.7800 2.8000
      vertex 9.1573 24.8891 0.8000
      vertex 9.1573 24.8891 2.8000
    endloop
  endfacet
  facet normal -0.195090 0.980785 0.000000
    outer loop
      vertex 11.6047 60.2113 2.8000
      vertex 11.6047 60.2113 0.8000
      vertex 10.8093 60.0530 0.8000
    endloop
  endfacet
  facet normal -0.195090 0.980785 0.000000
    outer loop
      vertex 11.6047 60.2113 2.8000
      vertex 10.8093 60.0530 0.8000
      vertex 10.8093 60.0530 2.8000
    endloop
  endfacet
  facet normal -0.555570 0.831470 0.000000
    outer loop
      vertex 13.7743 5.0812 2.8000
      vertex 13.7743 5.0812 0.8000
      vertex 13.1000 4.6306 0.8000
    endloop
  endfacet
  facet normal -0.555570 0.831470 0.000000
    outer loop
      vertex 13.7743 5.0812 2.8000
      vertex 13.1000 4.6306 0.8000
      vertex 13.1000 4.6306 2.8000
    endloop
  endfacet
  facet normal -0.555570 -0.831470 -0.000000
    outer loop
      vertex 10.4250 25.7361 2.8000
      vertex 10.4250 25.7361 0.8000
      vertex 10.5174 25.6744 0.8000
    endloop
  endfacet
  facet normal -0.555570 -0.831470 0.000000
    outer loop
      vertex 10.4250 25.7361 2.8000
      vertex 10.5174 25.6744 0.8000
      vertex 10.5174 25.6744 2.8000
    endloop
  endfacet
  facet normal -0.555570 -0.831470 -0.000000
    outer loop
      vertex 10.4250 45.7361 2.8000
      vertex 10.4250 45.7361 0.8000
      vertex 10.5174 45.6744 0.8000
    endloop
  endfacet
  facet normal -0.555570 -0.831470 0.000000
    outer loop
      vertex 10.4250 45.7361 2.8000
      vertex 10.5174 45.6744 0.8000
      vertex 10.5174 45.6744 2.8000
    endloop
  endfacet
  facet normal -1.000000 0.000000 -0.000000
    outer loop
      vertex 0.0000 76.2000 2.8000
      vertex 0.0000 76.2000 0.8000
      vertex 0.0000 0.0000 0.8000
    endloop
  endfacet
  facet normal -1.000000 -0.000000 0.000000
    outer loop
      vertex 0.0000 76.2000 2.8000
      vertex 0.0000 0.0000 0.8000
      vertex 0.0000 0.0000 2.8000
    endloop
  endfacet
  facet normal -0.997859 0.065403 0.000000
    outer loop
      vertex 10.8500 45.0000 2.8000
      vertex 10.8500 45.0000 0.8000
      vertex 10.8427 44.8891 0.8000
    endloop
  endfacet
  facet normal -0.997859 0.065403 0.000000
    outer loop
      vertex 10.8500 45.0000 2.8000
      vertex 10.8427 44.8891 0.8000
      vertex 10.8427 44.8891 2.8000
    endloop
  endfacet
  facet normal -0.896873 0.442289 0.000000
    outer loop
      vertex 10.7853 24.6747 2.8000
      vertex 10.7853 24.6747 0.8000
      vertex 10.7361 24.5750 0.8000
    endloop
  endfacet
  facet normal -0.896873 0.442289 0.000000
    outer loop
      vertex 10.7853 24.6747 2.8000
      vertex 10.7361 24.5750 0.8000
      vertex 10.7361 24.5750 2.8000
    endloop
  endfacet
  facet normal -0.997859 0.065403 0.000000
    outer loop
      vertex 16.2000 66.2000 2.8000
      vertex 16.2000 66.2000 0.8000
      vertex 16.1470 65.3907 0.8000
    endloop
  endfacet
  facet normal -0.997859 0.065403 0.000000
    outer loop
      vertex 16.2000 66.2000 2.8000
      vertex 16.1470 65.3907 0.8000
      vertex 16.1470 65.3907 2.8000
    endloop
  endfacet
  facet normal 1.000000 0.000000 0.000000
    outer loop
      vertex 20.0000 0.0000 2.8000
      vertex 20.0000 0.0000 0.8000
      vertex 20.0000 76.2000 0.8000
    endloop
  endfacet
  facet normal 1.000000 -0.000000 0.000000
    outer loop
      vertex 20.0000 0.0000 2.8000
      vertex 20.0000 76.2000 0.8000
      vertex 20.0000 76.2000 2.8000
    endloop
  endfacet
  facet normal -0.065403 0.997859 0.000000
    outer loop
      vertex 10.1109 44.1573 2.8000
      vertex 10.1109 44.1573 0.8000
      vertex 10.0000 44.1500 0.8000
    endloop
  endfacet
  facet normal -0.065403 0.997859 0.000000
    outer loop
      vertex 10.1109 44.1573 2.8000
      vertex 10.0000 44.1500 0.8000
      vertex 10.0000 44.1500 2.8000
    endloop
  endfacet
  facet normal -0.065403 -0.997859 -0.000000
    outer loop
      vertex 10.0000 72.4000 2.8000
      vertex 10.0000 72.4000 0.8000
      vertex 10.8093 72.3470 0.8000
    endloop
  endfacet
  facet normal -0.065403 -0.997859 0.000000
    outer loop
      vertex 10.0000 72.4000 2.8000
      vertex 10.8093 72.3470 0.8000
      vertex 10.8093 72.3470 2.8000
    endloop
  endfacet
  facet normal 0.751840 -0.659346 0.000000
    outer loop
      vertex 5.0812 69.9743 2.8000
      vertex 5.0812 69.9743 0.8000
      vertex 5.6159 70.5841 0.8000
    endloop
  endfacet
  facet normal 0.751840 -0.659346 0.000000
    outer loop
      vertex 5.0812 69.9743 2.8000
      vertex 5.6159 70.5841 0.8000
      vertex 5.6159 70.5841 2.8000
    endloop
  endfacet
  facet normal -0.659346 -0.751840 -0.000000
    outer loop
      vertex 10.5174 25.6744 2.8000
      vertex 10.5174 25.6744 0.8000
      vertex 10.6010 25.6010 0.8000
    endloop
  endfacet
  facet normal -0.659346 -0.751840 0.000000
    outer loop
      vertex 10.5174 25.6744 2.8000
      vertex 10.6010 25.6010 0.8000
      vertex 10.6010 25.6010 2.8000
    endloop
  endfacet
  facet normal -0.896873 0.442289 0.000000
    outer loop
      vertex 10.7853 44.6747 2.8000
      vertex 10.7853 44.6747 0.8000
      vertex 10.7361 44.5750 0.8000
    endloop
  endfacet
  facet normal -0.896873 0.442289 0.000000
    outer loop
      vertex 10.7853 44.6747 2.8000
      vertex 10.7361 44.5750 0.8000
      vertex 10.7361 44.5750 2.8000
    endloop
  endfacet
  facet normal -0.946930 0.321439 0.000000
    outer loop
      vertex 10.8210 24.7800 2.8000
      vertex 10.8210 24.7800 0.8000
      vertex 10.7853 24.6747 0.8000
    endloop
  endfacet
  facet normal -0.946930 0.321439 0.000000
    outer loop
      vertex 10.8210 24.7800 2.8000
      vertex 10.7853 24.6747 0.8000
      vertex 10.7853 24.6747 2.8000
    endloop
  endfacet
  facet normal 0.321439 0.946930 0.000000
    outer loop
      vertex 8.3953 4.0113 2.8000
      vertex 8.3953 4.0113 0.8000
      vertex 7.6274 4.2719 0.8000
    endloop
  endfacet
  facet normal 0.321439 0.946930 0.000000
    outer loop
      vertex 8.3953 4.0113 2.8000
      vertex 7.6274 4.2719 0.8000
      vertex 7.6274 4.2719 2.8000
    endloop
  endfacet
  facet normal -0.065403 0.997859 0.000000
    outer loop
      vertex 10.8093 3.8530 2.8000
      vertex 10.8093 3.8530 0.8000
      vertex 10.0000 3.8000 0.8000
    endloop
  endfacet
  facet normal -0.065403 0.997859 0.000000
    outer loop
      vertex 10.8093 3.8530 2.8000
      vertex 10.0000 3.8000 0.8000
      vertex 10.0000 3.8000 2.8000
    endloop
  endfacet
  facet normal -0.980785 -0.195090 -0.000000
    outer loop
      vertex 15.9887 67.8047 2.8000
      vertex 15.9887 67.8047 0.8000
      vertex 16.1470 67.0093 0.8000
    endloop
  endfacet
  facet normal -0.980785 -0.195090 0.000000
    outer loop
      vertex 15.9887 67.8047 2.8000
      vertex 16.1470 67.0093 0.8000
      vertex 16.1470 67.0093 2.8000
    endloop
  endfacet
  facet normal -0.997859 0.065403 0.000000
    outer loop
      vertex 10.8500 25.0000 2.8000
      vertex 10.8500 25.0000 0.8000
      vertex 10.8427 24.8891 0.8000
    endloop
  endfacet
  facet normal -0.997859 0.065403 0.000000
    outer loop
      vertex 10.8500 25.0000 2.8000
      vertex 10.8427 24.8891 0.8000
      vertex 10.8427 24.8891 2.8000
    endloop
  endfacet
  facet normal -0.442289 -0.896873 -0.000000
    outer loop
      vertex 10.3253 25.7853 2.8000
      vertex 10.3253 25.7853 0.8000
      vertex 10.4250 25.7361 0.8000
    endloop
  endfacet
  facet normal -0.442289 -0.896873 0.000000
    outer loop
      vertex 10.3253 25.7853 2.8000
      vertex 10.4250 25.7361 0.8000
      vertex 10.4250 25.7361 2.8000
    endloop
  endfacet
  facet normal 0.997859 0.065403 0.000000
    outer loop
      vertex 3.8530 65.3907 2.8000
      vertex 3.8530 65.3907 0.8000
      vertex 3.8000 66.2000 0.8000
    endloop
  endfacet
  facet normal 0.997859 0.065403 0.000000
    outer loop
      vertex 3.8530 65.3907 2.8000
      vertex 3.8000 66.2000 0.8000
      vertex 3.8000 66.2000 2.8000
    endloop
  endfacet
  facet normal -0.659346 -0.751840 -0.000000
    outer loop
      vertex 13.7743 71.1188 2.8000
      vertex 13.7743 71.1188 0.8000
      vertex 14.3841 70.5841 0.8000
    endloop
  endfacet
  facet normal -0.659346 -0.751840 0.000000
    outer loop
      vertex 13.7743 71.1188 2.8000
      vertex 14.3841 70.5841 0.8000
      vertex 14.3841 70.5841 2.8000
    endloop
  endfacet
  facet normal 0.555570 0.831470 0.000000
    outer loop
      vertex 6.9000 4.6306 2.8000
      vertex 6.9000 4.6306 0.8000
      vertex 6.2257 5.0812 0.8000
    endloop
  endfacet
  facet normal 0.555570 0.831470 0.000000
    outer loop
      vertex 6.9000 4.6306 2.8000
      vertex 6.2257 5.0812 0.8000
      vertex 6.2257 5.0812 2.8000
    endloop
  endfacet
  facet normal 0.442289 0.896873 0.000000
    outer loop
      vertex 9.6747 24.2147 2.8000
      vertex 9.6747 24.2147 0.8000
      vertex 9.5750 24.2639 0.8000
    endloop
  endfacet
  facet normal 0.442289 0.896873 0.000000
    outer loop
      vertex 9.6747 24.2147 2.8000
      vertex 9.5750 24.2639 0.8000
      vertex 9.5750 24.2639 2.8000
    endloop
  endfacet
  facet normal -0.065403 -0.997859 -0.000000
    outer loop
      vertex 10.0000 16.2000 2.8000
      vertex 10.0000 16.2000 0.8000
      vertex 10.8093 16.1470 0.8000
    endloop
  endfacet
  facet normal -0.065403 -0.997859 0.000000
    outer loop
      vertex 10.0000 16.2000 2.8000
      vertex 10.8093 16.1470 0.8000
      vertex 10.8093 16.1470 2.8000
    endloop
  endfacet
  facet normal -0.321439 0.946930 0.000000
    outer loop
      vertex 12.3726 60.4719 2.8000
      vertex 12.3726 60.4719 0.8000
      vertex 11.6047 60.2113 0.8000
    endloop
  endfacet
  facet normal -0.321439 0.946930 0.000000
    outer loop
      vertex 12.3726 60.4719 2.8000
      vertex 11.6047 60.2113 0.8000
      vertex 11.6047 60.2113 2.8000
    endloop
  endfacet
  facet normal 0.321439 0.946930 0.000000
    outer loop
      vertex 9.7800 24.1790 2.8000
      vertex 9.7800 24.1790 0.8000
      vertex 9.6747 24.2147 0.8000
    endloop
  endfacet
  facet normal 0.321439 0.946930 0.000000
    outer loop
      vertex 9.7800 24.1790 2.8000
      vertex 9.6747 24.2147 0.8000
      vertex 9.6747 24.2147 2.8000
    endloop
  endfacet
  facet normal -0.946930 -0.321439 -0.000000
    outer loop
      vertex 15.7281 12.3726 2.8000
      vertex 15.7281 12.3726 0.8000
      vertex 15.9887 11.6047 0.8000
    endloop
  endfacet
  facet normal -0.946930 -0.321439 0.000000
    outer loop
      vertex 15.7281 12.3726 2.8000
      vertex 15.9887 11.6047 0.8000
      vertex 15.9887 11.6047 2.8000
    endloop
  endfacet
  facet normal -0.980785 -0.195090 -0.000000
    outer loop
      vertex 10.8210 25.2200 2.8000
      vertex 10.8210 25.2200 0.8000
      vertex 10.8427 25.1109 0.8000
    endloop
  endfacet
  facet normal -0.980785 -0.195090 0.000000
    outer loop
      vertex 10.8210 25.2200 2.8000
      vertex 10.8427 25.1109 0.8000
      vertex 10.8427 25.1109 2.8000
    endloop
  endfacet
  facet normal -0.946930 0.321439 0.000000
    outer loop
      vertex 15.9887 8.3953 2.8000
      vertex 15.9887 8.3953 0.8000
      vertex 15.7281 7.6274 0.8000
    endloop
  endfacet
  facet normal -0.946930 0.321439 0.000000
    outer loop
      vertex 15.9887 8.3953 2.8000
      vertex 15.7281 7.6274 0.8000
      vertex 15.7281 7.6274 2.8000
    endloop
  endfacet
  facet normal -0.321439 0.946930 0.000000
    outer loop
      vertex 10.3253 44.2147 2.8000
      vertex 10.3253 44.2147 0.8000
      vertex 10.2200 44.1790 0.8000
    endloop
  endfacet
  facet normal -0.321439 0.946930 0.000000
    outer loop
      vertex 10.3253 44.2147 2.8000
      vertex 10.2200 44.1790 0.8000
      vertex 10.2200 44.1790 2.8000
    endloop
  endfacet
  facet normal 0.555570 0.831470 0.000000
    outer loop
      vertex 9.5750 44.2639 2.8000
      vertex 9.5750 44.2639 0.8000
      vertex 9.4826 44.3256 0.8000
    endloop
  endfacet
  facet normal 0.555570 0.831470 0.000000
    outer loop
      vertex 9.5750 44.2639 2.8000
      vertex 9.4826 44.3256 0.8000
      vertex 9.4826 44.3256 2.8000
    endloop
  endfacet
  facet normal -0.321439 -0.946930 -0.000000
    outer loop
      vertex 11.6047 72.1887 2.8000
      vertex 11.6047 72.1887 0.8000
      vertex 12.3726 71.9281 0.8000
    endloop
  endfacet
  facet normal -0.321439 -0.946930 0.000000
    outer loop
      vertex 11.6047 72.1887 2.8000
      vertex 12.3726 71.9281 0.8000
      vertex 12.3726 71.9281 2.8000
    endloop
  endfacet
  facet normal 0.751840 -0.659346 0.000000
    outer loop
      vertex 5.0812 13.7743 2.8000
      vertex 5.0812 13.7743 0.8000
      vertex 5.6159 14.3841 0.8000
    endloop
  endfacet
  facet normal 0.751840 -0.659346 0.000000
    outer loop
      vertex 5.0812 13.7743 2.8000
      vertex 5.6159 14.3841 0.8000
      vertex 5.6159 14.3841 2.8000
    endloop
  endfacet
  facet normal 0.659346 0.751840 0.000000
    outer loop
      vertex 6.2257 5.0812 2.8000
      vertex 6.2257 5.0812 0.8000
      vertex 5.6159 5.6159 0.8000
    endloop
  endfacet
  facet normal 0.659346 0.751840 0.000000
    outer loop
      vertex 6.2257 5.0812 2.8000
      vertex 5.6159 5.6159 0.8000
      vertex 5.6159 5.6159 2.8000
    endloop
  endfacet
  facet normal 0.555570 -0.831470 0.000000
    outer loop
      vertex 6.2257 71.1188 2.8000
      vertex 6.2257 71.1188 0.8000
      vertex 6.9000 71.5694 0.8000
    endloop
  endfacet
  facet normal 0.555570 -0.831470 0.000000
    outer loop
      vertex 6.2257 71.1188 2.8000
      vertex 6.9000 71.5694 0.8000
      vertex 6.9000 71.5694 2.8000
    endloop
  endfacet
  facet normal 0.442289 -0.896873 0.000000
    outer loop
      vertex 6.9000 15.3694 2.8000
      vertex 6.9000 15.3694 0.8000
      vertex 7.6274 15.7281 0.8000
    endloop
  endfacet
  facet normal 0.442289 -0.896873 0.000000
    outer loop
      vertex 6.9000 15.3694 2.8000
      vertex 7.6274 15.7281 0.8000
      vertex 7.6274 15.7281 2.8000
    endloop
  endfacet
  facet normal 0.946930 -0.321439 0.000000
    outer loop
      vertex 4.0113 11.6047 2.8000
      vertex 4.0113 11.6047 0.8000
      vertex 4.2719 12.3726 0.8000
    endloop
  endfacet
  facet normal 0.946930 -0.321439 0.000000
    outer loop
      vertex 4.0113 11.6047 2.8000
      vertex 4.2719 12.3726 0.8000
      vertex 4.2719 12.3726 2.8000
    endloop
  endfacet
  facet normal -0.321439 -0.946930 -0.000000
    outer loop
      vertex 11.6047 15.9887 2.8000
      vertex 11.6047 15.9887 0.8000
      vertex 12.3726 15.7281 0.8000
    endloop
  endfacet
  facet normal -0.321439 -0.946930 0.000000
    outer loop
      vertex 11.6047 15.9887 2.8000
      vertex 12.3726 15.7281 0.8000
      vertex 12.3726 15.7281 2.8000
    endloop
  endfacet
  facet normal -0.442289 -0.896873 -0.000000
    outer loop
      vertex 12.3726 15.7281 2.8000
      vertex 12.3726 15.7281 0.8000
      vertex 13.1000 15.3694 0.8000
    endloop
  endfacet
  facet normal -0.442289 -0.896873 0.000000
    outer loop
      vertex 12.3726 15.7281 2.8000
      vertex 13.1000 15.3694 0.8000
      vertex 13.1000 15.3694 2.8000
    endloop
  endfacet
  facet normal -0.555570 0.831470 0.000000
    outer loop
      vertex 10.5174 44.3256 2.8000
      vertex 10.5174 44.3256 0.8000
      vertex 10.4250 44.2639 0.8000
    endloop
  endfacet
  facet normal -0.555570 0.831470 0.000000
    outer loop
      vertex 10.5174 44.3256 2.8000
      vertex 10.4250 44.2639 0.8000
      vertex 10.4250 44.2639 2.8000
    endloop
  endfacet
  facet normal -0.946930 -0.321439 -0.000000
    outer loop
      vertex 15.7281 68.5726 2.8000
      vertex 15.7281 68.5726 0.8000
      vertex 15.9887 67.8047 0.8000
    endloop
  endfacet
  facet normal -0.946930 -0.321439 0.000000
    outer loop
      vertex 15.7281 68.5726 2.8000
      vertex 15.9887 67.8047 0.8000
      vertex 15.9887 67.8047 2.8000
    endloop
  endfacet
  facet normal -0.831470 -0.555570 -0.000000
    outer loop
      vertex 10.6744 25.5174 2.8000
      vertex 10.6744 25.5174 0.8000
      vertex 10.7361 25.4250 0.8000
    endloop
  endfacet
  facet normal -0.831470 -0.555570 0.000000
    outer loop
      vertex 10.6744 25.5174 2.8000
      vertex 10.7361 25.4250 0.8000
      vertex 10.7361 25.4250 2.8000
    endloop
  endfacet
  facet normal -0.997859 -0.065403 -0.000000
    outer loop
      vertex 16.1470 67.0093 2.8000
      vertex 16.1470 67.0093 0.8000
      vertex 16.2000 66.2000 0.8000
    endloop
  endfacet
  facet normal -0.997859 -0.065403 0.000000
    outer loop
      vertex 16.1470 67.0093 2.8000
      vertex 16.2000 66.2000 0.8000
      vertex 16.2000 66.2000 2.8000
    endloop
  endfacet
  facet normal -0.442289 0.896873 0.000000
    outer loop
      vertex 13.1000 4.6306 2.8000
      vertex 13.1000 4.6306 0.8000
      vertex 12.3726 4.2719 0.8000
    endloop
  endfacet
  facet normal -0.442289 0.896873 0.000000
    outer loop
      vertex 13.1000 4.6306 2.8000
      vertex 12.3726 4.2719 0.8000
      vertex 12.3726 4.2719 2.8000
    endloop
  endfacet
  facet normal -0.980785 -0.195090 -0.000000
    outer loop
      vertex 15.9887 11.6047 2.8000
      vertex 15.9887 11.6047 0.8000
      vertex 16.1470 10.8093 0.8000
    endloop
  endfacet
  facet normal -0.980785 -0.195090 0.000000
    outer loop
      vertex 15.9887 11.6047 2.8000
      vertex 16.1470 10.8093 0.8000
      vertex 16.1470 10.8093 2.8000
    endloop
  endfacet
  facet normal -0.321439 0.946930 0.000000
    outer loop
      vertex 12.3726 4.2719 2.8000
      vertex 12.3726 4.2719 0.8000
      vertex 11.6047 4.0113 0.8000
    endloop
  endfacet
  facet normal -0.321439 0.946930 0.000000
    outer loop
      vertex 12.3726 4.2719 2.8000
      vertex 11.6047 4.0113 0.8000
      vertex 11.6047 4.0113 2.8000
    endloop
  endfacet
  facet normal -0.555570 -0.831470 -0.000000
    outer loop
      vertex 13.1000 71.5694 2.8000
      vertex 13.1000 71.5694 0.8000
      vertex 13.7743 71.1188 0.8000
    endloop
  endfacet
  facet normal -0.555570 -0.831470 0.000000
    outer loop
      vertex 13.1000 71.5694 2.8000
      vertex 13.7743 71.1188 0.8000
      vertex 13.7743 71.1188 2.8000
    endloop
  endfacet
  facet normal -0.980785 0.195090 0.000000
    outer loop
      vertex 16.1470 9.1907 2.8000
      vertex 16.1470 9.1907 0.8000
      vertex 15.9887 8.3953 0.8000
    endloop
  endfacet
  facet normal -0.980785 0.195090 0.000000
    outer loop
      vertex 16.1470 9.1907 2.8000
      vertex 15.9887 8.3953 0.8000
      vertex 15.9887 8.3953 2.8000
    endloop
  endfacet
  facet normal 0.997859 -0.065403 0.000000
    outer loop
      vertex 3.8000 10.0000 2.8000
      vertex 3.8000 10.0000 0.8000
      vertex 3.8530 10.8093 0.8000
    endloop
  endfacet
  facet normal 0.997859 -0.065403 0.000000
    outer loop
      vertex 3.8000 10.0000 2.8000
      vertex 3.8530 10.8093 0.8000
      vertex 3.8530 10.8093 2.8000
    endloop
  endfacet
  facet normal -0.659346 -0.751840 -0.000000
    outer loop
      vertex 13.7743 14.9188 2.8000
      vertex 13.7743 14.9188 0.8000
      vertex 14.3841 14.3841 0.8000
    endloop
  endfacet
  facet normal -0.659346 -0.751840 0.000000
    outer loop
      vertex 13.7743 14.9188 2.8000
      vertex 14.3841 14.3841 0.8000
      vertex 14.3841 14.3841 2.8000
    endloop
  endfacet
  facet normal -0.195090 -0.980785 -0.000000
    outer loop
      vertex 10.8093 16.1470 2.8000
      vertex 10.8093 16.1470 0.8000
      vertex 11.6047 15.9887 0.8000
    endloop
  endfacet
  facet normal -0.195090 -0.980785 0.000000
    outer loop
      vertex 10.8093 16.1470 2.8000
      vertex 11.6047 15.9887 0.8000
      vertex 11.6047 15.9887 2.8000
    endloop
  endfacet
  facet normal -0.831470 -0.555570 -0.000000
    outer loop
      vertex 14.9188 13.7743 2.8000
      vertex 14.9188 13.7743 0.8000
      vertex 15.3694 13.1000 0.8000
    endloop
  endfacet
  facet normal -0.831470 -0.555570 0.000000
    outer loop
      vertex 14.9188 13.7743 2.8000
      vertex 15.3694 13.1000 0.8000
      vertex 15.3694 13.1000 2.8000
    endloop
  endfacet
  facet normal 0.321439 -0.946930 0.000000
    outer loop
      vertex 9.6747 45.7853 2.8000
      vertex 9.6747 45.7853 0.8000
      vertex 9.7800 45.8210 0.8000
    endloop
  endfacet
  facet normal 0.321439 -0.946930 0.000000
    outer loop
      vertex 9.6747 45.7853 2.8000
      vertex 9.7800 45.8210 0.8000
      vertex 9.7800 45.8210 2.8000
    endloop
  endfacet
  facet normal 0.195090 0.980785 0.000000
    outer loop
      vertex 9.1907 60.0530 2.8000
      vertex 9.1907 60.0530 0.8000
      vertex 8.3953 60.2113 0.8000
    endloop
  endfacet
  facet normal 0.195090 0.980785 0.000000
    outer loop
      vertex 9.1907 60.0530 2.8000
      vertex 8.3953 60.2113 0.8000
      vertex 8.3953 60.2113 2.8000
    endloop
  endfacet
  facet normal 0.997859 -0.065403 0.000000
    outer loop
      vertex 3.8000 66.2000 2.8000
      vertex 3.8000 66.2000 0.8000
      vertex 3.8530 67.0093 0.8000
    endloop
  endfacet
  facet normal 0.997859 -0.065403 0.000000
    outer loop
      vertex 3.8000 66.2000 2.8000
      vertex 3.8530 67.0093 0.8000
      vertex 3.8530 67.0093 2.8000
    endloop
  endfacet
  facet normal -0.997859 -0.065403 -0.000000
    outer loop
      vertex 16.1470 10.8093 2.8000
      vertex 16.1470 10.8093 0.8000
      vertex 16.2000 10.0000 0.8000
    endloop
  endfacet
  facet normal -0.997859 -0.065403 0.000000
    outer loop
      vertex 16.1470 10.8093 2.8000
      vertex 16.2000 10.0000 0.8000
      vertex 16.2000 10.0000 2.8000
    endloop
  endfacet
  facet normal 0.000000 -1.000000 0.000000
    outer loop
      vertex 17.7000 0.0000 2.8000
      vertex 17.7000 0.0000 0.8000
      vertex 20.0000 0.0000 0.8000
    endloop
  endfacet
  facet normal 0.000000 -1.000000 0.000000
    outer loop
      vertex 17.7000 0.0000 2.8000
      vertex 20.0000 0.0000 0.8000
      vertex 20.0000 0.0000 2.8000
    endloop
  endfacet
  facet normal 0.321439 -0.946930 0.000000
    outer loop
      vertex 7.6274 15.7281 2.8000
      vertex 7.6274 15.7281 0.8000
      vertex 8.3953 15.9887 0.8000
    endloop
  endfacet
  facet normal 0.321439 -0.946930 0.000000
    outer loop
      vertex 7.6274 15.7281 2.8000
      vertex 8.3953 15.9887 0.8000
      vertex 8.3953 15.9887 2.8000
    endloop
  endfacet
  facet normal 0.946930 -0.321439 0.000000
    outer loop
      vertex 9.1790 45.2200 2.8000
      vertex 9.1790 45.2200 0.8000
      vertex 9.2147 45.3253 0.8000
    endloop
  endfacet
  facet normal 0.946930 -0.321439 0.000000
    outer loop
      vertex 9.1790 45.2200 2.8000
      vertex 9.2147 45.3253 0.8000
      vertex 9.2147 45.3253 2.8000
    endloop
  endfacet
  facet normal 0.321439 -0.946930 0.000000
    outer loop
      vertex 7.6274 71.9281 2.8000
      vertex 7.6274 71.9281 0.8000
      vertex 8.3953 72.1887 0.8000
    endloop
  endfacet
  facet normal 0.321439 -0.946930 0.000000
    outer loop
      vertex 7.6274 71.9281 2.8000
      vertex 8.3953 72.1887 0.8000
      vertex 8.3953 72.1887 2.8000
    endloop
  endfacet
  facet normal 0.442289 0.896873 0.000000
    outer loop
      vertex 7.6274 60.4719 2.8000
      vertex 7.6274 60.4719 0.8000
      vertex 6.9000 60.8306 0.8000
    endloop
  endfacet
  facet normal 0.442289 0.896873 0.000000
    outer loop
      vertex 7.6274 60.4719 2.8000
      vertex 6.9000 60.8306 0.8000
      vertex 6.9000 60.8306 2.8000
    endloop
  endfacet
  facet normal 0.555570 0.831470 0.000000
    outer loop
      vertex 6.9000 60.8306 2.8000
      vertex 6.9000 60.8306 0.8000
      vertex 6.2257 61.2812 0.8000
    endloop
  endfacet
  facet normal 0.555570 0.831470 0.000000
    outer loop
      vertex 6.9000 60.8306 2.8000
      vertex 6.2257 61.2812 0.8000
      vertex 6.2257 61.2812 2.8000
    endloop
  endfacet
  facet normal 0.555570 -0.831470 0.000000
    outer loop
      vertex 9.4826 45.6744 2.8000
      vertex 9.4826 45.6744 0.8000
      vertex 9.5750 45.7361 0.8000
    endloop
  endfacet
  facet normal 0.555570 -0.831470 0.000000
    outer loop
      vertex 9.4826 45.6744 2.8000
      vertex 9.5750 45.7361 0.8000
      vertex 9.5750 45.7361 2.8000
    endloop
  endfacet
  facet normal -0.946930 -0.321439 -0.000000
    outer loop
      vertex 10.7853 45.3253 2.8000
      vertex 10.7853 45.3253 0.8000
      vertex 10.8210 45.2200 0.8000
    endloop
  endfacet
  facet normal -0.946930 -0.321439 0.000000
    outer loop
      vertex 10.7853 45.3253 2.8000
      vertex 10.8210 45.2200 0.8000
      vertex 10.8210 45.2200 2.8000
    endloop
  endfacet
  facet normal 0.980785 -0.195090 0.000000
    outer loop
      vertex 9.1573 25.1109 2.8000
      vertex 9.1573 25.1109 0.8000
      vertex 9.1790 25.2200 0.8000
    endloop
  endfacet
  facet normal 0.980785 -0.195090 0.000000
    outer loop
      vertex 9.1573 25.1109 2.8000
      vertex 9.1790 25.2200 0.8000
      vertex 9.1790 25.2200 2.8000
    endloop
  endfacet
  facet normal 0.000000 1.000000 0.000000
    outer loop
      vertex 17.7000 76.2000 2.8000
      vertex 17.7000 76.2000 0.8000
      vertex 2.3000 76.2000 0.8000
    endloop
  endfacet
  facet normal 0.000000 1.000000 0.000000
    outer loop
      vertex 17.7000 76.2000 2.8000
      vertex 2.3000 76.2000 0.8000
      vertex 2.3000 76.2000 2.8000
    endloop
  endfacet
  facet normal 0.946930 0.321439 0.000000
    outer loop
      vertex 9.2147 24.6747 2.8000
      vertex 9.2147 24.6747 0.8000
      vertex 9.1790 24.7800 0.8000
    endloop
  endfacet
  facet normal 0.946930 0.321439 0.000000
    outer loop
      vertex 9.2147 24.6747 2.8000
      vertex 9.1790 24.7800 0.8000
      vertex 9.1790 24.7800 2.8000
    endloop
  endfacet
  facet normal -0.896873 0.442289 0.000000
    outer loop
      vertex 15.7281 63.8274 2.8000
      vertex 15.7281 63.8274 0.8000
      vertex 15.3694 63.1000 0.8000
    endloop
  endfacet
  facet normal -0.896873 0.442289 0.000000
    outer loop
      vertex 15.7281 63.8274 2.8000
      vertex 15.3694 63.1000 0.8000
      vertex 15.3694 63.1000 2.8000
    endloop
  endfacet
  facet normal -0.659346 0.751840 0.000000
    outer loop
      vertex 14.3841 5.6159 2.8000
      vertex 14.3841 5.6159 0.8000
      vertex 13.7743 5.0812 0.8000
    endloop
  endfacet
  facet normal -0.659346 0.751840 0.000000
    outer loop
      vertex 14.3841 5.6159 2.8000
      vertex 13.7743 5.0812 0.8000
      vertex 13.7743 5.0812 2.8000
    endloop
  endfacet
  facet normal -0.896873 -0.442289 -0.000000
    outer loop
      vertex 15.3694 13.1000 2.8000
      vertex 15.3694 13.1000 0.8000
      vertex 15.7281 12.3726 0.8000
    endloop
  endfacet
  facet normal -0.896873 -0.442289 0.000000
    outer loop
      vertex 15.3694 13.1000 2.8000
      vertex 15.7281 12.3726 0.8000
      vertex 15.7281 12.3726 2.8000
    endloop
  endfacet
  facet normal 0.442289 0.896873 0.000000
    outer loop
      vertex 9.6747 44.2147 2.8000
      vertex 9.6747 44.2147 0.8000
      vertex 9.5750 44.2639 0.8000
    endloop
  endfacet
  facet normal 0.442289 0.896873 0.000000
    outer loop
      vertex 9.6747 44.2147 2.8000
      vertex 9.5750 44.2639 0.8000
      vertex 9.5750 44.2639 2.8000
    endloop
  endfacet
  facet normal 0.065403 -0.997859 0.000000
    outer loop
      vertex 9.1907 16.1470 2.8000
      vertex 9.1907 16.1470 0.8000
      vertex 10.0000 16.2000 0.8000
    endloop
  endfacet
  facet normal 0.065403 -0.997859 0.000000
    outer loop
      vertex 9.1907 16.1470 2.8000
      vertex 10.0000 16.2000 0.8000
      vertex 10.0000 16.2000 2.8000
    endloop
  endfacet
  facet normal 0.195090 -0.980785 0.000000
    outer loop
      vertex 8.3953 72.1887 2.8000
      vertex 8.3953 72.1887 0.8000
      vertex 9.1907 72.3470 0.8000
    endloop
  endfacet
  facet normal 0.195090 -0.980785 0.000000
    outer loop
      vertex 8.3953 72.1887 2.8000
      vertex 9.1907 72.3470 0.8000
      vertex 9.1907 72.3470 2.8000
    endloop
  endfacet
  facet normal 0.751840 -0.659346 0.000000
    outer loop
      vertex 9.3256 45.5174 2.8000
      vertex 9.3256 45.5174 0.8000
      vertex 9.3990 45.6010 0.8000
    endloop
  endfacet
  facet normal 0.751840 -0.659346 0.000000
    outer loop
      vertex 9.3256 45.5174 2.8000
      vertex 9.3990 45.6010 0.8000
      vertex 9.3990 45.6010 2.8000
    endloop
  endfacet
  facet normal -0.442289 -0.896873 -0.000000
    outer loop
      vertex 10.3253 45.7853 2.8000
      vertex 10.3253 45.7853 0.8000
      vertex 10.4250 45.7361 0.8000
    endloop
  endfacet
  facet normal -0.442289 -0.896873 0.000000
    outer loop
      vertex 10.3253 45.7853 2.8000
      vertex 10.4250 45.7361 0.8000
      vertex 10.4250 45.7361 2.8000
    endloop
  endfacet
  facet normal -0.997859 0.065403 0.000000
    outer loop
      vertex 16.2000 10.0000 2.8000
      vertex 16.2000 10.0000 0.8000
      vertex 16.1470 9.1907 0.8000
    endloop
  endfacet
  facet normal -0.997859 0.065403 0.000000
    outer loop
      vertex 16.2000 10.0000 2.8000
      vertex 16.1470 9.1907 0.8000
      vertex 16.1470 9.1907 2.8000
    endloop
  endfacet
  facet normal 0.000000 0.000000 1.000000
    outer loop
      vertex 0.0000 0.0000 4.8000
      vertex 7.6500 0.0000 4.8000
      vertex 5.9500 36.3778 4.8000
    endloop
  endfacet
  facet normal 0.000000 -0.000000 1.000000
    outer loop
      vertex 7.6500 0.0000 4.8000
      vertex 7.6500 22.6500 4.8000
      vertex 5.9500 36.3778 4.8000
    endloop
  endfacet
  facet normal 0.000000 -0.000000 1.000000
    outer loop
      vertex 7.6500 22.6500 4.8000
      vertex 7.6500 27.3500 4.8000
      vertex 5.9500 36.3778 4.8000
    endloop
  endfacet
  facet normal 0.000000 -0.000000 1.000000
    outer loop
      vertex 7.6500 27.3500 4.8000
      vertex 7.6500 35.0000 4.8000
      vertex 5.9500 36.3778 4.8000
    endloop
  endfacet
  facet normal 0.000000 -0.000000 1.000000
    outer loop
      vertex 7.6500 35.0000 4.8000
      vertex 7.6500 42.6500 4.8000
      vertex 5.9500 36.3778 4.8000
    endloop
  endfacet
  facet normal 0.000000 -0.000000 1.000000
    outer loop
      vertex 7.6500 42.6500 4.8000
      vertex 7.6500 47.3500 4.8000
      vertex 5.9500 36.3778 4.8000
    endloop
  endfacet
  facet normal 0.000000 -0.000000 1.000000
    outer loop
      vertex 7.6500 47.3500 4.8000
      vertex 7.6500 76.2000 4.8000
      vertex 5.9500 36.3778 4.8000
    endloop
  endfacet
  facet normal 0.000000 0.000000 1.000000
    outer loop
      vertex 7.6500 76.2000 4.8000
      vertex 0.0000 76.2000 4.8000
      vertex 5.9500 36.3778 4.8000
    endloop
  endfacet
  facet normal 0.000000 0.000000 1.000000
    outer loop
      vertex 0.0000 76.2000 4.8000
      vertex 0.0000 0.0000 4.8000
      vertex 5.9500 36.3778 4.8000
    endloop
  endfacet
  facet normal 0.000000 0.000000 1.000000
    outer loop
      vertex 7.6500 0.0000 4.8000
      vertex 12.3500 0.0000 4.8000
      vertex 10.0000 11.3250 4.8000
    endloop
  endfacet
  facet normal 0.000000 -0.000000 1.000000
    outer loop
      vertex 12.3500 0.0000 4.8000
      vertex 12.3500 22.6500 4.8000
      vertex 10.0000 11.3250 4.8000
    endloop
  endfacet
  facet normal 0.000000 0.000000 1.000000
    outer loop
      vertex 12.3500 22.6500 4.8000
      vertex 7.6500 22.6500 4.8000
      vertex 10.0000 11.3250 4.8000
    endloop
  endfacet
  facet normal 0.000000 0.000000 1.000000
    outer loop
      vertex 7.6500 22.6500 4.8000
      vertex 7.6500 0.0000 4.8000
      vertex 10.0000 11.3250 4.8000
    endloop
  endfacet
  facet normal 0.000000 0.000000 1.000000
    outer loop
      vertex 7.6500 22.6500 4.8000
      vertex 9.5750 24.2639 4.8000
      vertex 9.4826 24.3256 4.8000
    endloop
  endfacet
  facet normal 0.000000 0.000000 1.000000
    outer loop
      vertex 7.6500 22.6500 4.8000
      vertex 9.6747 24.2147 4.8000
      vertex 9.5750 24.2639 4.8000
    endloop
  endfacet
  facet normal 0.000000 0.000000 1.000000
    outer loop
      vertex 7.6500 22.6500 4.8000
      vertex 9.7800 24.1790 4.8000
      vertex 9.6747 24.2147 4.8000
    endloop
  endfacet
  facet normal 0.000000 0.000000 1.000000
    outer loop
      vertex 7.6500 22.6500 4.8000
      vertex 9.8891 24.1573 4.8000
      vertex 9.7800 24.1790 4.8000
    endloop
  endfacet
  facet normal 0.000000 0.000000 1.000000
    outer loop
      vertex 7.6500 22.6500 4.8000
      vertex 10.0000 24.1500 4.8000
      vertex 9.8891 24.1573 4.8000
    endloop
  endfacet
  facet normal 0.000000 0.000000 1.000000
    outer loop
      vertex 7.6500 22.6500 4.8000
      vertex 10.1109 24.1573 4.8000
      vertex 10.0000 24.1500 4.8000
    endloop
  endfacet
  facet normal 0.000000 0.000000 1.000000
    outer loop
      vertex 7.6500 22.6500 4.8000
      vertex 10.2200 24.1790 4.8000
      vertex 10.1109 24.1573 4.8000
    endloop
  endfacet
  facet normal 0.000000 0.000000 1.000000
    outer loop
      vertex 7.6500 22.6500 4.8000
      vertex 10.3253 24.2147 4.8000
      vertex 10.2200 24.1790 4.8000
    endloop
  endfacet
  facet normal 0.000000 0.000000 1.000000
    outer loop
      vertex 7.6500 22.6500 4.8000
      vertex 10.4250 24.2639 4.8000
      vertex 10.3253 24.2147 4.8000
    endloop
  endfacet
  facet normal 0.000000 0.000000 -1.000000
    outer loop
      vertex 7.6500 22.6500 4.8000
      vertex 10.5174 24.3256 4.8000
      vertex 10.4250 24.2639 4.8000
    endloop
  endfacet
  facet normal 0.000000 0.000000 1.000000
    outer loop
      vertex 7.6500 22.6500 4.8000
      vertex 12.3500 22.6500 4.8000
      vertex 10.5174 24.3256 4.8000
    endloop
  endfacet
  facet normal 0.000000 0.000000 1.000000
    outer loop
      vertex 12.3500 22.6500 4.8000
      vertex 10.6010 24.3990 4.8000
      vertex 10.5174 24.3256 4.8000
    endloop
  endfacet
  facet normal 0.000000 0.000000 1.000000
    outer loop
      vertex 12.3500 22.6500 4.8000
      vertex 10.6744 24.4826 4.8000
      vertex 10.6010 24.3990 4.8000
    endloop
  endfacet
  facet normal 0.000000 0.000000 1.000000
    outer loop
      vertex 12.3500 22.6500 4.8000
      vertex 10.7361 24.5750 4.8000
      vertex 10.6744 24.4826 4.8000
    endloop
  endfacet
  facet normal 0.000000 0.000000 1.000000
    outer loop
      vertex 12.3500 22.6500 4.8000
      vertex 10.7853 24.6747 4.8000
      vertex 10.7361 24.5750 4.8000
    endloop
  endfacet
  facet normal 0.000000 0.000000 1.000000
    outer loop
      vertex 12.3500 22.6500 4.8000
      vertex 10.8210 24.7800 4.8000
      vertex 10.7853 24.6747 4.8000
    endloop
  endfacet
  facet normal 0.000000 0.000000 1.000000
    outer loop
      vertex 12.3500 22.6500 4.8000
      vertex 10.8427 24.8891 4.8000
      vertex 10.8210 24.7800 4.8000
    endloop
  endfacet
  facet normal 0.000000 0.000000 1.000000
    outer loop
      vertex 12.3500 22.6500 4.8000
      vertex 10.8500 25.0000 4.8000
      vertex 10.8427 24.8891 4.8000
    endloop
  endfacet
  facet normal 0.000000 0.000000 1.000000
    outer loop
      vertex 12.3500 22.6500 4.8000
      vertex 10.8427 25.1109 4.8000
      vertex 10.8500 25.0000 4.8000
    endloop
  endfacet
  facet normal 0.000000 0.000000 1.000000
    outer loop
      vertex 12.3500 22.6500 4.8000
      vertex 10.8210 25.2200 4.8000
      vertex 10.8427 25.1109 4.8000
    endloop
  endfacet
  facet normal 0.000000 0.000000 1.000000
    outer loop
      vertex 12.3500 22.6500 4.8000
      vertex 10.7853 25.3253 4.8000
      vertex 10.8210 25.2200 4.8000
    endloop
  endfacet
  facet normal 0.000000 0.000000 1.000000
    outer loop
      vertex 12.3500 22.6500 4.8000
      vertex 10.7361 25.4250 4.8000
      vertex 10.7853 25.3253 4.8000
    endloop
  endfacet
  facet normal 0.000000 0.000000 -1.000000
    outer loop
      vertex 12.3500 22.6500 4.8000
      vertex 10.6744 25.5174 4.8000
      vertex 10.7361 25.4250 4.8000
    endloop
  endfacet
  facet normal 0.000000 0.000000 -1.000000
    outer loop
      vertex 12.3500 22.6500 4.8000
      vertex 10.6010 25.6010 4.8000
      vertex 10.6744 25.5174 4.8000
    endloop
  endfacet
  facet normal 0.000000 -0.000000 1.000000
    outer loop
      vertex 12.3500 22.6500 4.8000
      vertex 12.3500 27.3500 4.8000
      vertex 10.6010 25.6010 4.8000
    endloop
  endfacet
  facet normal 0.000000 0.000000 1.000000
    outer loop
      vertex 12.3500 27.3500 4.8000
      vertex 10.5174 25.6744 4.8000
      vertex 10.6010 25.6010 4.8000
    endloop
  endfacet
  facet normal 0.000000 0.000000 1.000000
    outer loop
      vertex 12.3500 27.3500 4.8000
      vertex 10.4250 25.7361 4.8000
      vertex 10.5174 25.6744 4.8000
    endloop
  endfacet
  facet normal 0.000000 0.000000 1.000000
    outer loop
      vertex 12.3500 27.3500 4.8000
      vertex 10.3253 25.7853 4.8000
      vertex 10.4250 25.7361 4.8000
    endloop
  endfacet
  facet normal 0.000000 0.000000 1.000000
    outer loop
      vertex 12.3500 27.3500 4.8000
      vertex 10.2200 25.8210 4.8000
      vertex 10.3253 25.7853 4.8000
    endloop
  endfacet
  facet normal 0.000000 0.000000 1.000000
    outer loop
      vertex 12.3500 27.3500 4.8000
      vertex 10.1109 25.8427 4.8000
      vertex 10.2200 25.8210 4.8000
    endloop
  endfacet
  facet normal 0.000000 0.000000 1.000000
    outer loop
      vertex 12.3500 27.3500 4.8000
      vertex 10.0000 25.8500 4.8000
      vertex 10.1109 25.8427 4.8000
    endloop
  endfacet
  facet normal 0.000000 0.000000 1.000000
    outer loop
      vertex 12.3500 27.3500 4.8000
      vertex 9.8891 25.8427 4.8000
      vertex 10.0000 25.8500 4.8000
    endloop
  endfacet
  facet normal 0.000000 0.000000 1.000000
    outer loop
      vertex 12.3500 27.3500 4.8000
      vertex 9.7800 25.8210 4.8000
      vertex 9.8891 25.8427 4.8000
    endloop
  endfacet
  facet normal 0.000000 0.000000 1.000000
    outer loop
      vertex 12.3500 27.3500 4.8000
      vertex 9.6747 25.7853 4.8000
      vertex 9.7800 25.8210 4.8000
    endloop
  endfacet
  facet normal 0.000000 0.000000 1.000000
    outer loop
      vertex 12.3500 27.3500 4.8000
      vertex 9.5750 25.7361 4.8000
      vertex 9.6747 25.7853 4.8000
    endloop
  endfacet
  facet normal 0.000000 0.000000 -1.000000
    outer loop
      vertex 12.3500 27.3500 4.8000
      vertex 9.4826 25.6744 4.8000
      vertex 9.5750 25.7361 4.8000
    endloop
  endfacet
  facet normal 0.000000 0.000000 1.000000
    outer loop
      vertex 12.3500 27.3500 4.8000
      vertex 7.6500 27.3500 4.8000
      vertex 9.4826 25.6744 4.8000
    endloop
  endfacet
  facet normal 0.000000 0.000000 1.000000
    outer loop
      vertex 7.6500 27.3500 4.8000
      vertex 9.3990 25.6010 4.8000
      vertex 9.4826 25.6744 4.8000
    endloop
  endfacet
  facet normal 0.000000 0.000000 1.000000
    outer loop
      vertex 7.6500 27.3500 4.8000
      vertex 9.3256 25.5174 4.8000
      vertex 9.3990 25.6010 4.8000
    endloop
  endfacet
  facet normal 0.000000 0.000000 1.000000
    outer loop
      vertex 7.6500 27.3500 4.8000
      vertex 9.2639 25.4250 4.8000
      vertex 9.3256 25.5174 4.8000
    endloop
  endfacet
  facet normal 0.000000 0.000000 1.000000
    outer loop
      vertex 7.6500 27.3500 4.8000
      vertex 9.2147 25.3253 4.8000
      vertex 9.2639 25.4250 4.8000
    endloop
  endfacet
  facet normal 0.000000 0.000000 1.000000
    outer loop
      vertex 7.6500 27.3500 4.8000
      vertex 9.1790 25.2200 4.8000
      vertex 9.2147 25.3253 4.8000
    endloop
  endfacet
  facet normal 0.000000 0.000000 1.000000
    outer loop
      vertex 7.6500 27.3500 4.8000
      vertex 9.1573 25.1109 4.8000
      vertex 9.1790 25.2200 4.8000
    endloop
  endfacet
  facet normal 0.000000 0.000000 1.000000
    outer loop
      vertex 7.6500 27.3500 4.8000
      vertex 9.1500 25.0000 4.8000
      vertex 9.1573 25.1109 4.8000
    endloop
  endfacet
  facet normal 0.000000 0.000000 1.000000
    outer loop
      vertex 7.6500 27.3500 4.8000
      vertex 9.1573 24.8891 4.8000
      vertex 9.1500 25.0000 4.8000
    endloop
  endfacet
  facet normal 0.000000 0.000000 1.000000
    outer loop
      vertex 7.6500 27.3500 4.8000
      vertex 9.1790 24.7800 4.8000
      vertex 9.1573 24.8891 4.8000
    endloop
  endfacet
  facet normal 0.000000 0.000000 1.000000
    outer loop
      vertex 7.6500 27.3500 4.8000
      vertex 9.2147 24.6747 4.8000
      vertex 9.1790 24.7800 4.8000
    endloop
  endfacet
  facet normal 0.000000 0.000000 1.000000
    outer loop
      vertex 7.6500 27.3500 4.8000
      vertex 9.2639 24.5750 4.8000
      vertex 9.2147 24.6747 4.8000
    endloop
  endfacet
  facet normal 0.000000 0.000000 -1.000000
    outer loop
      vertex 7.6500 27.3500 4.8000
      vertex 9.3256 24.4826 4.8000
      vertex 9.2639 24.5750 4.8000
    endloop
  endfacet
  facet normal 0.000000 0.000000 1.000000
    outer loop
      vertex 7.6500 27.3500 4.8000
      vertex 7.6500 22.6500 4.8000
      vertex 9.3256 24.4826 4.8000
    endloop
  endfacet
  facet normal 0.000000 0.000000 1.000000
    outer loop
      vertex 7.6500 22.6500 4.8000
      vertex 9.3990 24.3990 4.8000
      vertex 9.3256 24.4826 4.8000
    endloop
  endfacet
  facet normal 0.000000 0.000000 1.000000
    outer loop
      vertex 7.6500 22.6500 4.8000
      vertex 9.4826 24.3256 4.8000
      vertex 9.3990 24.3990 4.8000
    endloop
  endfacet
  facet normal 0.000000 0.000000 1.000000
    outer loop
      vertex 7.6500 27.3500 4.8000
      vertex 12.3500 27.3500 4.8000
      vertex 10.0000 31.1750 4.8000
    endloop
  endfacet
  facet normal 0.000000 -0.000000 1.000000
    outer loop
      vertex 12.3500 27.3500 4.8000
      vertex 12.3500 35.0000 4.8000
      vertex 10.0000 31.1750 4.8000
    endloop
  endfacet
  facet normal 0.000000 0.000000 1.000000
    outer loop
      vertex 12.3500 35.0000 4.8000
      vertex 7.6500 35.0000 4.8000
      vertex 10.0000 31.1750 4.8000
    endloop
  endfacet
  facet normal 0.000000 0.000000 1.000000
    outer loop
      vertex 7.6500 35.0000 4.8000
      vertex 7.6500 27.3500 4.8000
      vertex 10.0000 31.1750 4.8000
    endloop
  endfacet
  facet normal 0.000000 0.000000 1.000000
    outer loop
      vertex 7.6500 35.0000 4.8000
      vertex 12.3500 35.0000 4.8000
      vertex 10.0000 38.8250 4.8000
    endloop
  endfacet
  facet normal 0.000000 -0.000000 1.000000
    outer loop
      vertex 12.3500 35.0000 4.8000
      vertex 12.3500 42.6500 4.8000
      vertex 10.0000 38.8250 4.8000
    endloop
  endfacet
  facet normal 0.000000 0.000000 1.000000
    outer loop
      vertex 12.3500 42.6500 4.8000
      vertex 7.6500 42.6500 4.8000
      vertex 10.0000 38.8250 4.8000
    endloop
  endfacet
  facet normal 0.000000 0.000000 1.000000
    outer loop
      vertex 7.6500 42.6500 4.8000
      vertex 7.6500 35.0000 4.8000
      vertex 10.0000 38.8250 4.8000
    endloop
  endfacet
  facet normal 0.000000 0.000000 1.000000
    outer loop
      vertex 7.6500 42.6500 4.8000
      vertex 9.5750 44.2639 4.8000
      vertex 9.4826 44.3256 4.8000
    endloop
  endfacet
  facet normal 0.000000 0.000000 1.000000
    outer loop
      vertex 7.6500 42.6500 4.8000
      vertex 9.6747 44.2147 4.8000
      vertex 9.5750 44.2639 4.8000
    endloop
  endfacet
  facet normal 0.000000 0.000000 1.000000
    outer loop
      vertex 7.6500 42.6500 4.8000
      vertex 9.7800 44.1790 4.8000
      vertex 9.6747 44.2147 4.8000
    endloop
  endfacet
  facet normal 0.000000 0.000000 1.000000
    outer loop
      vertex 7.6500 42.6500 4.8000
      vertex 9.8891 44.1573 4.8000
      vertex 9.7800 44.1790 4.8000
    endloop
  endfacet
  facet normal 0.000000 0.000000 1.000000
    outer loop
      vertex 7.6500 42.6500 4.8000
      vertex 10.0000 44.1500 4.8000
      vertex 9.8891 44.1573 4.8000
    endloop
  endfacet
  facet normal 0.000000 0.000000 1.000000
    outer loop
      vertex 7.6500 42.6500 4.8000
      vertex 10.1109 44.1573 4.8000
      vertex 10.0000 44.1500 4.8000
    endloop
  endfacet
  facet normal 0.000000 0.000000 1.000000
    outer loop
      vertex 7.6500 42.6500 4.8000
      vertex 10.2200 44.1790 4.8000
      vertex 10.1109 44.1573 4.8000
    endloop
  endfacet
  facet normal 0.000000 0.000000 1.000000
    outer loop
      vertex 7.6500 42.6500 4.8000
      vertex 10.3253 44.2147 4.8000
      vertex 10.2200 44.1790 4.8000
    endloop
  endfacet
  facet normal 0.000000 0.000000 1.000000
    outer loop
      vertex 7.6500 42.6500 4.8000
      vertex 10.4250 44.2639 4.8000
      vertex 10.3253 44.2147 4.8000
    endloop
  endfacet
  facet normal 0.000000 0.000000 -1.000000
    outer loop
      vertex 7.6500 42.6500 4.8000
      vertex 10.5174 44.3256 4.8000
      vertex 10.4250 44.2639 4.8000
    endloop
  endfacet
  facet normal 0.000000 0.000000 1.000000
    outer loop
      vertex 7.6500 42.6500 4.8000
      vertex 12.3500 42.6500 4.8000
      vertex 10.5174 44.3256 4.8000
    endloop
  endfacet
  facet normal 0.000000 0.000000 1.000000
    outer loop
      vertex 12.3500 42.6500 4.8000
      vertex 10.6010 44.3990 4.8000
      vertex 10.5174 44.3256 4.8000
    endloop
  endfacet
  facet normal 0.000000 0.000000 1.000000
    outer loop
      vertex 12.3500 42.6500 4.8000
      vertex 10.6744 44.4826 4.8000
      vertex 10.6010 44.3990 4.8000
    endloop
  endfacet
  facet normal 0.000000 0.000000 1.000000
    outer loop
      vertex 12.3500 42.6500 4.8000
      vertex 10.7361 44.5750 4.8000
      vertex 10.6744 44.4826 4.8000
    endloop
  endfacet
  facet normal 0.000000 0.000000 1.000000
    outer loop
      vertex 12.3500 42.6500 4.8000
      vertex 10.7853 44.6747 4.8000
      vertex 10.7361 44.5750 4.8000
    endloop
  endfacet
  facet normal 0.000000 0.000000 1.000000
    outer loop
      vertex 12.3500 42.6500 4.8000
      vertex 10.8210 44.7800 4.8000
      vertex 10.7853 44.6747 4.8000
    endloop
  endfacet
  facet normal 0.000000 0.000000 1.000000
    outer loop
      vertex 12.3500 42.6500 4.8000
      vertex 10.8427 44.8891 4.8000
      vertex 10.8210 44.7800 4.8000
    endloop
  endfacet
  facet normal 0.000000 0.000000 1.000000
    outer loop
      vertex 12.3500 42.6500 4.8000
      vertex 10.8500 45.0000 4.8000
      vertex 10.8427 44.8891 4.8000
    endloop
  endfacet
  facet normal 0.000000 0.000000 1.000000
    outer loop
      vertex 12.3500 42.6500 4.8000
      vertex 10.8427 45.1109 4.8000
      vertex 10.8500 45.0000 4.8000
    endloop
  endfacet
  facet normal 0.000000 0.000000 1.000000
    outer loop
      vertex 12.3500 42.6500 4.8000
      vertex 10.8210 45.2200 4.8000
      vertex 10.8427 45.1109 4.8000
    endloop
  endfacet
  facet normal 0.000000 0.000000 1.000000
    outer loop
      vertex 12.3500 42.6500 4.8000
      vertex 10.7853 45.3253 4.8000
      vertex 10.8210 45.2200 4.8000
    endloop
  endfacet
  facet normal 0.000000 0.000000 1.000000
    outer loop
      vertex 12.3500 42.6500 4.8000
      vertex 10.7361 45.4250 4.8000
      vertex 10.7853 45.3253 4.8000
    endloop
  endfacet
  facet normal 0.000000 0.000000 -1.000000
    outer loop
      vertex 12.3500 42.6500 4.8000
      vertex 10.6744 45.5174 4.8000
      vertex 10.7361 45.4250 4.8000
    endloop
  endfacet
  facet normal 0.000000 0.000000 -1.000000
    outer loop
      vertex 12.3500 42.6500 4.8000
      vertex 10.6010 45.6010 4.8000
      vertex 10.6744 45.5174 4.8000
    endloop
  endfacet
  facet normal 0.000000 -0.000000 1.000000
    outer loop
      vertex 12.3500 42.6500 4.8000
      vertex 12.3500 47.3500 4.8000
      vertex 10.6010 45.6010 4.8000
    endloop
  endfacet
  facet normal 0.000000 0.000000 1.000000
    outer loop
      vertex 12.3500 47.3500 4.8000
      vertex 10.5174 45.6744 4.8000
      vertex 10.6010 45.6010 4.8000
    endloop
  endfacet
  facet normal 0.000000 0.000000 1.000000
    outer loop
      vertex 12.3500 47.3500 4.8000
      vertex 10.4250 45.7361 4.8000
      vertex 10.5174 45.6744 4.8000
    endloop
  endfacet
  facet normal 0.000000 0.000000 1.000000
    outer loop
      vertex 12.3500 47.3500 4.8000
      vertex 10.3253 45.7853 4.8000
      vertex 10.4250 45.7361 4.8000
    endloop
  endfacet
  facet normal 0.000000 0.000000 1.000000
    outer loop
      vertex 12.3500 47.3500 4.8000
      vertex 10.2200 45.8210 4.8000
      vertex 10.3253 45.7853 4.8000
    endloop
  endfacet
  facet normal 0.000000 0.000000 1.000000
    outer loop
      vertex 12.3500 47.3500 4.8000
      vertex 10.1109 45.8427 4.8000
      vertex 10.2200 45.8210 4.8000
    endloop
  endfacet
  facet normal 0.000000 0.000000 1.000000
    outer loop
      vertex 12.3500 47.3500 4.8000
      vertex 10.0000 45.8500 4.8000
      vertex 10.1109 45.8427 4.8000
    endloop
  endfacet
  facet normal 0.000000 0.000000 1.000000
    outer loop
      vertex 12.3500 47.3500 4.8000
      vertex 9.8891 45.8427 4.8000
      vertex 10.0000 45.8500 4.8000
    endloop
  endfacet
  facet normal 0.000000 0.000000 1.000000
    outer loop
      vertex 12.3500 47.3500 4.8000
      vertex 9.7800 45.8210 4.8000
      vertex 9.8891 45.8427 4.8000
    endloop
  endfacet
  facet normal 0.000000 0.000000 1.000000
    outer loop
      vertex 12.3500 47.3500 4.8000
      vertex 9.6747 45.7853 4.8000
      vertex 9.7800 45.8210 4.8000
    endloop
  endfacet
  facet normal 0.000000 0.000000 1.000000
    outer loop
      vertex 12.3500 47.3500 4.8000
      vertex 9.5750 45.7361 4.8000
      vertex 9.6747 45.7853 4.8000
    endloop
  endfacet
  facet normal 0.000000 0.000000 -1.000000
    outer loop
      vertex 12.3500 47.3500 4.8000
      vertex 9.4826 45.6744 4.8000
      vertex 9.5750 45.7361 4.8000
    endloop
  endfacet
  facet normal 0.000000 0.000000 1.000000
    outer loop
      vertex 12.3500 47.3500 4.8000
      vertex 7.6500 47.3500 4.8000
      vertex 9.4826 45.6744 4.8000
    endloop
  endfacet
  facet normal 0.000000 0.000000 1.000000
    outer loop
      vertex 7.6500 47.3500 4.8000
      vertex 9.3990 45.6010 4.8000
      vertex 9.4826 45.6744 4.8000
    endloop
  endfacet
  facet normal 0.000000 0.000000 1.000000
    outer loop
      vertex 7.6500 47.3500 4.8000
      vertex 9.3256 45.5174 4.8000
      vertex 9.3990 45.6010 4.8000
    endloop
  endfacet
  facet normal 0.000000 0.000000 1.000000
    outer loop
      vertex 7.6500 47.3500 4.8000
      vertex 9.2639 45.4250 4.8000
      vertex 9.3256 45.5174 4.8000
    endloop
  endfacet
  facet normal 0.000000 0.000000 1.000000
    outer loop
      vertex 7.6500 47.3500 4.8000
      vertex 9.2147 45.3253 4.8000
      vertex 9.2639 45.4250 4.8000
    endloop
  endfacet
  facet normal 0.000000 0.000000 1.000000
    outer loop
      vertex 7.6500 47.3500 4.8000
      vertex 9.1790 45.2200 4.8000
      vertex 9.2147 45.3253 4.8000
    endloop
  endfacet
  facet normal 0.000000 0.000000 1.000000
    outer loop
      vertex 7.6500 47.3500 4.8000
      vertex 9.1573 45.1109 4.8000
      vertex 9.1790 45.2200 4.8000
    endloop
  endfacet
  facet normal 0.000000 0.000000 1.000000
    outer loop
      vertex 7.6500 47.3500 4.8000
      vertex 9.1500 45.0000 4.8000
      vertex 9.1573 45.1109 4.8000
    endloop
  endfacet
  facet normal 0.000000 0.000000 1.000000
    outer loop
      vertex 7.6500 47.3500 4.8000
      vertex 9.1573 44.8891 4.8000
      vertex 9.1500 45.0000 4.8000
    endloop
  endfacet
  facet normal 0.000000 0.000000 1.000000
    outer loop
      vertex 7.6500 47.3500 4.8000
      vertex 9.1790 44.7800 4.8000
      vertex 9.1573 44.8891 4.8000
    endloop
  endfacet
  facet normal 0.000000 0.000000 1.000000
    outer loop
      vertex 7.6500 47.3500 4.8000
      vertex 9.2147 44.6747 4.8000
      vertex 9.1790 44.7800 4.8000
    endloop
  endfacet
  facet normal 0.000000 0.000000 1.000000
    outer loop
      vertex 7.6500 47.3500 4.8000
      vertex 9.2639 44.5750 4.8000
      vertex 9.2147 44.6747 4.8000
    endloop
  endfacet
  facet normal 0.000000 0.000000 -1.000000
    outer loop
      vertex 7.6500 47.3500 4.8000
      vertex 9.3256 44.4826 4.8000
      vertex 9.2639 44.5750 4.8000
    endloop
  endfacet
  facet normal 0.000000 0.000000 1.000000
    outer loop
      vertex 7.6500 47.3500 4.8000
      vertex 7.6500 42.6500 4.8000
      vertex 9.3256 44.4826 4.8000
    endloop
  endfacet
  facet normal 0.000000 0.000000 1.000000
    outer loop
      vertex 7.6500 42.6500 4.8000
      vertex 9.3990 44.3990 4.8000
      vertex 9.3256 44.4826 4.8000
    endloop
  endfacet
  facet normal 0.000000 0.000000 1.000000
    outer loop
      vertex 7.6500 42.6500 4.8000
      vertex 9.4826 44.3256 4.8000
      vertex 9.3990 44.3990 4.8000
    endloop
  endfacet
  facet normal 0.000000 0.000000 1.000000
    outer loop
      vertex 7.6500 47.3500 4.8000
      vertex 12.3500 47.3500 4.8000
      vertex 10.0000 61.7750 4.8000
    endloop
  endfacet
  facet normal 0.000000 -0.000000 1.000000
    outer loop
      vertex 12.3500 47.3500 4.8000
      vertex 12.3500 76.2000 4.8000
      vertex 10.0000 61.7750 4.8000
    endloop
  endfacet
  facet normal 0.000000 0.000000 1.000000
    outer loop
      vertex 12.3500 76.2000 4.8000
      vertex 7.6500 76.2000 4.8000
      vertex 10.0000 61.7750 4.8000
    endloop
  endfacet
  facet normal 0.000000 0.000000 1.000000
    outer loop
      vertex 7.6500 76.2000 4.8000
      vertex 7.6500 47.3500 4.8000
      vertex 10.0000 61.7750 4.8000
    endloop
  endfacet
  facet normal 0.000000 0.000000 1.000000
    outer loop
      vertex 12.3500 0.0000 4.8000
      vertex 20.0000 0.0000 4.8000
      vertex 14.0500 36.3778 4.8000
    endloop
  endfacet
  facet normal 0.000000 -0.000000 1.000000
    outer loop
      vertex 20.0000 0.0000 4.8000
      vertex 20.0000 76.2000 4.8000
      vertex 14.0500 36.3778 4.8000
    endloop
  endfacet
  facet normal 0.000000 0.000000 1.000000
    outer loop
      vertex 20.0000 76.2000 4.8000
      vertex 12.3500 76.2000 4.8000
      vertex 14.0500 36.3778 4.8000
    endloop
  endfacet
  facet normal 0.000000 0.000000 1.000000
    outer loop
      vertex 12.3500 76.2000 4.8000
      vertex 12.3500 47.3500 4.8000
      vertex 14.0500 36.3778 4.8000
    endloop
  endfacet
  facet normal 0.000000 0.000000 1.000000
    outer loop
      vertex 12.3500 47.3500 4.8000
      vertex 12.3500 42.6500 4.8000
      vertex 14.0500 36.3778 4.8000
    endloop
  endfacet
  facet normal 0.000000 0.000000 1.000000
    outer loop
      vertex 12.3500 42.6500 4.8000
      vertex 12.3500 35.0000 4.8000
      vertex 14.0500 36.3778 4.8000
    endloop
  endfacet
  facet normal -0.000000 0.000000 1.000000
    outer loop
      vertex 12.3500 35.0000 4.8000
      vertex 12.3500 27.3500 4.8000
      vertex 14.0500 36.3778 4.8000
    endloop
  endfacet
  facet normal -0.000000 0.000000 1.000000
    outer loop
      vertex 12.3500 27.3500 4.8000
      vertex 12.3500 22.6500 4.8000
      vertex 14.0500 36.3778 4.8000
    endloop
  endfacet
  facet normal -0.000000 0.000000 1.000000
    outer loop
      vertex 12.3500 22.6500 4.8000
      vertex 12.3500 0.0000 4.8000
      vertex 14.0500 36.3778 4.8000
    endloop
  endfacet
  facet normal 0.000000 -0.000000 -1.000000
    outer loop
      vertex 5.9500 36.3778 2.8000
      vertex 7.6500 0.0000 2.8000
      vertex 0.0000 0.0000 2.8000
    endloop
  endfacet
  facet normal 0.000000 0.000000 -1.000000
    outer loop
      vertex 5.9500 36.3778 2.8000
      vertex 7.6500 22.6500 2.8000
      vertex 7.6500 0.0000 2.8000
    endloop
  endfacet
  facet normal 0.000000 0.000000 -1.000000
    outer loop
      vertex 5.9500 36.3778 2.8000
      vertex 7.6500 27.3500 2.8000
      vertex 7.6500 22.6500 2.8000
    endloop
  endfacet
  facet normal 0.000000 0.000000 -1.000000
    outer loop
      vertex 5.9500 36.3778 2.8000
      vertex 7.6500 35.0000 2.8000
      vertex 7.6500 27.3500 2.8000
    endloop
  endfacet
  facet normal 0.000000 0.000000 -1.000000
    outer loop
      vertex 5.9500 36.3778 2.8000
      vertex 7.6500 42.6500 2.8000
      vertex 7.6500 35.0000 2.8000
    endloop
  endfacet
  facet normal 0.000000 0.000000 -1.000000
    outer loop
      vertex 5.9500 36.3778 2.8000
      vertex 7.6500 47.3500 2.8000
      vertex 7.6500 42.6500 2.8000
    endloop
  endfacet
  facet normal 0.000000 0.000000 -1.000000
    outer loop
      vertex 5.9500 36.3778 2.8000
      vertex 7.6500 76.2000 2.8000
      vertex 7.6500 47.3500 2.8000
    endloop
  endfacet
  facet normal 0.000000 0.000000 -1.000000
    outer loop
      vertex 5.9500 36.3778 2.8000
      vertex 0.0000 76.2000 2.8000
      vertex 7.6500 76.2000 2.8000
    endloop
  endfacet
  facet normal -0.000000 0.000000 -1.000000
    outer loop
      vertex 5.9500 36.3778 2.8000
      vertex 0.0000 0.0000 2.8000
      vertex 0.0000 76.2000 2.8000
    endloop
  endfacet
  facet normal 0.000000 -0.000000 -1.000000
    outer loop
      vertex 10.0000 11.3250 2.8000
      vertex 12.3500 0.0000 2.8000
      vertex 7.6500 0.0000 2.8000
    endloop
  endfacet
  facet normal 0.000000 0.000000 -1.000000
    outer loop
      vertex 10.0000 11.3250 2.8000
      vertex 12.3500 22.6500 2.8000
      vertex 12.3500 0.0000 2.8000
    endloop
  endfacet
  facet normal 0.000000 0.000000 -1.000000
    outer loop
      vertex 10.0000 11.3250 2.8000
      vertex 7.6500 22.6500 2.8000
      vertex 12.3500 22.6500 2.8000
    endloop
  endfacet
  facet normal -0.000000 0.000000 -1.000000
    outer loop
      vertex 10.0000 11.3250 2.8000
      vertex 7.6500 0.0000 2.8000
      vertex 7.6500 22.6500 2.8000
    endloop
  endfacet
  facet normal 0.000000 -0.000000 -1.000000
    outer loop
      vertex 9.4826 24.3256 2.8000
      vertex 9.5750 24.2639 2.8000
      vertex 7.6500 22.6500 2.8000
    endloop
  endfacet
  facet normal 0.000000 -0.000000 -1.000000
    outer loop
      vertex 9.5750 24.2639 2.8000
      vertex 9.6747 24.2147 2.8000
      vertex 7.6500 22.6500 2.8000
    endloop
  endfacet
  facet normal 0.000000 -0.000000 -1.000000
    outer loop
      vertex 9.6747 24.2147 2.8000
      vertex 9.7800 24.1790 2.8000
      vertex 7.6500 22.6500 2.8000
    endloop
  endfacet
  facet normal 0.000000 -0.000000 -1.000000
    outer loop
      vertex 9.7800 24.1790 2.8000
      vertex 9.8891 24.1573 2.8000
      vertex 7.6500 22.6500 2.8000
    endloop
  endfacet
  facet normal 0.000000 -0.000000 -1.000000
    outer loop
      vertex 9.8891 24.1573 2.8000
      vertex 10.0000 24.1500 2.8000
      vertex 7.6500 22.6500 2.8000
    endloop
  endfacet
  facet normal 0.000000 -0.000000 -1.000000
    outer loop
      vertex 10.0000 24.1500 2.8000
      vertex 10.1109 24.1573 2.8000
      vertex 7.6500 22.6500 2.8000
    endloop
  endfacet
  facet normal 0.000000 -0.000000 -1.000000
    outer loop
      vertex 10.1109 24.1573 2.8000
      vertex 10.2200 24.1790 2.8000
      vertex 7.6500 22.6500 2.8000
    endloop
  endfacet
  facet normal 0.000000 -0.000000 -1.000000
    outer loop
      vertex 10.2200 24.1790 2.8000
      vertex 10.3253 24.2147 2.8000
      vertex 7.6500 22.6500 2.8000
    endloop
  endfacet
  facet normal 0.000000 -0.000000 -1.000000
    outer loop
      vertex 10.3253 24.2147 2.8000
      vertex 10.4250 24.2639 2.8000
      vertex 7.6500 22.6500 2.8000
    endloop
  endfacet
  facet normal 0.000000 -0.000000 1.000000
    outer loop
      vertex 10.4250 24.2639 2.8000
      vertex 10.5174 24.3256 2.8000
      vertex 7.6500 22.6500 2.8000
    endloop
  endfacet
  facet normal 0.000000 -0.000000 -1.000000
    outer loop
      vertex 10.5174 24.3256 2.8000
      vertex 12.3500 22.6500 2.8000
      vertex 7.6500 22.6500 2.8000
    endloop
  endfacet
  facet normal 0.000000 0.000000 -1.000000
    outer loop
      vertex 10.5174 24.3256 2.8000
      vertex 10.6010 24.3990 2.8000
      vertex 12.3500 22.6500 2.8000
    endloop
  endfacet
  facet normal 0.000000 0.000000 -1.000000
    outer loop
      vertex 10.6010 24.3990 2.8000
      vertex 10.6744 24.4826 2.8000
      vertex 12.3500 22.6500 2.8000
    endloop
  endfacet
  facet normal 0.000000 0.000000 -1.000000
    outer loop
      vertex 10.6744 24.4826 2.8000
      vertex 10.7361 24.5750 2.8000
      vertex 12.3500 22.6500 2.8000
    endloop
  endfacet
  facet normal 0.000000 0.000000 -1.000000
    outer loop
      vertex 10.7361 24.5750 2.8000
      vertex 10.7853 24.6747 2.8000
      vertex 12.3500 22.6500 2.8000
    endloop
  endfacet
  facet normal 0.000000 0.000000 -1.000000
    outer loop
      vertex 10.7853 24.6747 2.8000
      vertex 10.8210 24.7800 2.8000
      vertex 12.3500 22.6500 2.8000
    endloop
  endfacet
  facet normal 0.000000 0.000000 -1.000000
    outer loop
      vertex 10.8210 24.7800 2.8000
      vertex 10.8427 24.8891 2.8000
      vertex 12.3500 22.6500 2.8000
    endloop
  endfacet
  facet normal 0.000000 0.000000 -1.000000
    outer loop
      vertex 10.8427 24.8891 2.8000
      vertex 10.8500 25.0000 2.8000
      vertex 12.3500 22.6500 2.8000
    endloop
  endfacet
  facet normal 0.000000 0.000000 -1.000000
    outer loop
      vertex 10.8500 25.0000 2.8000
      vertex 10.8427 25.1109 2.8000
      vertex 12.3500 22.6500 2.8000
    endloop
  endfacet
  facet normal 0.000000 0.000000 -1.000000
    outer loop
      vertex 10.8427 25.1109 2.8000
      vertex 10.8210 25.2200 2.8000
      vertex 12.3500 22.6500 2.8000
    endloop
  endfacet
  facet normal 0.000000 0.000000 -1.000000
    outer loop
      vertex 10.8210 25.2200 2.8000
      vertex 10.7853 25.3253 2.8000
      vertex 12.3500 22.6500 2.8000
    endloop
  endfacet
  facet normal 0.000000 0.000000 -1.000000
    outer loop
      vertex 10.7853 25.3253 2.8000
      vertex 10.7361 25.4250 2.8000
      vertex 12.3500 22.6500 2.8000
    endloop
  endfacet
  facet normal 0.000000 0.000000 1.000000
    outer loop
      vertex 10.7361 25.4250 2.8000
      vertex 10.6744 25.5174 2.8000
      vertex 12.3500 22.6500 2.8000
    endloop
  endfacet
  facet normal 0.000000 0.000000 1.000000
    outer loop
      vertex 10.6744 25.5174 2.8000
      vertex 10.6010 25.6010 2.8000
      vertex 12.3500 22.6500 2.8000
    endloop
  endfacet
  facet normal 0.000000 0.000000 -1.000000
    outer loop
      vertex 10.6010 25.6010 2.8000
      vertex 12.3500 27.3500 2.8000
      vertex 12.3500 22.6500 2.8000
    endloop
  endfacet
  facet normal 0.000000 0.000000 -1.000000
    outer loop
      vertex 10.6010 25.6010 2.8000
      vertex 10.5174 25.6744 2.8000
      vertex 12.3500 27.3500 2.8000
    endloop
  endfacet
  facet normal 0.000000 0.000000 -1.000000
    outer loop
      vertex 10.5174 25.6744 2.8000
      vertex 10.4250 25.7361 2.8000
      vertex 12.3500 27.3500 2.8000
    endloop
  endfacet
  facet normal 0.000000 0.000000 -1.000000
    outer loop
      vertex 10.4250 25.7361 2.8000
      vertex 10.3253 25.7853 2.8000
      vertex 12.3500 27.3500 2.8000
    endloop
  endfacet
  facet normal 0.000000 0.000000 -1.000000
    outer loop
      vertex 10.3253 25.7853 2.8000
      vertex 10.2200 25.8210 2.8000
      vertex 12.3500 27.3500 2.8000
    endloop
  endfacet
  facet normal 0.000000 0.000000 -1.000000
    outer loop
      vertex 10.2200 25.8210 2.8000
      vertex 10.1109 25.8427 2.8000
      vertex 12.3500 27.3500 2.8000
    endloop
  endfacet
  facet normal 0.000000 0.000000 -1.000000
    outer loop
      vertex 10.1109 25.8427 2.8000
      vertex 10.0000 25.8500 2.8000
      vertex 12.3500 27.3500 2.8000
    endloop
  endfacet
  facet normal -0.000000 0.000000 -1.000000
    outer loop
      vertex 10.0000 25.8500 2.8000
      vertex 9.8891 25.8427 2.8000
      vertex 12.3500 27.3500 2.8000
    endloop
  endfacet
  facet normal -0.000000 0.000000 -1.000000
    outer loop
      vertex 9.8891 25.8427 2.8000
      vertex 9.7800 25.8210 2.8000
      vertex 12.3500 27.3500 2.8000
    endloop
  endfacet
  facet normal -0.000000 0.000000 -1.000000
    outer loop
      vertex 9.7800 25.8210 2.8000
      vertex 9.6747 25.7853 2.8000
      vertex 12.3500 27.3500 2.8000
    endloop
  endfacet
  facet normal -0.000000 0.000000 -1.000000
    outer loop
      vertex 9.6747 25.7853 2.8000
      vertex 9.5750 25.7361 2.8000
      vertex 12.3500 27.3500 2.8000
    endloop
  endfacet
  facet normal -0.000000 0.000000 1.000000
    outer loop
      vertex 9.5750 25.7361 2.8000
      vertex 9.4826 25.6744 2.8000
      vertex 12.3500 27.3500 2.8000
    endloop
  endfacet
  facet normal 0.000000 0.000000 -1.000000
    outer loop
      vertex 9.4826 25.6744 2.8000
      vertex 7.6500 27.3500 2.8000
      vertex 12.3500 27.3500 2.8000
    endloop
  endfacet
  facet normal -0.000000 0.000000 -1.000000
    outer loop
      vertex 9.4826 25.6744 2.8000
      vertex 9.3990 25.6010 2.8000
      vertex 7.6500 27.3500 2.8000
    endloop
  endfacet
  facet normal -0.000000 0.000000 -1.000000
    outer loop
      vertex 9.3990 25.6010 2.8000
      vertex 9.3256 25.5174 2.8000
      vertex 7.6500 27.3500 2.8000
    endloop
  endfacet
  facet normal -0.000000 0.000000 -1.000000
    outer loop
      vertex 9.3256 25.5174 2.8000
      vertex 9.2639 25.4250 2.8000
      vertex 7.6500 27.3500 2.8000
    endloop
  endfacet
  facet normal -0.000000 0.000000 -1.000000
    outer loop
      vertex 9.2639 25.4250 2.8000
      vertex 9.2147 25.3253 2.8000
      vertex 7.6500 27.3500 2.8000
    endloop
  endfacet
  facet normal -0.000000 0.000000 -1.000000
    outer loop
      vertex 9.2147 25.3253 2.8000
      vertex 9.1790 25.2200 2.8000
      vertex 7.6500 27.3500 2.8000
    endloop
  endfacet
  facet normal -0.000000 0.000000 -1.000000
    outer loop
      vertex 9.1790 25.2200 2.8000
      vertex 9.1573 25.1109 2.8000
      vertex 7.6500 27.3500 2.8000
    endloop
  endfacet
  facet normal -0.000000 0.000000 -1.000000
    outer loop
      vertex 9.1573 25.1109 2.8000
      vertex 9.1500 25.0000 2.8000
      vertex 7.6500 27.3500 2.8000
    endloop
  endfacet
  facet normal -0.000000 -0.000000 -1.000000
    outer loop
      vertex 9.1500 25.0000 2.8000
      vertex 9.1573 24.8891 2.8000
      vertex 7.6500 27.3500 2.8000
    endloop
  endfacet
  facet normal -0.000000 -0.000000 -1.000000
    outer loop
      vertex 9.1573 24.8891 2.8000
      vertex 9.1790 24.7800 2.8000
      vertex 7.6500 27.3500 2.8000
    endloop
  endfacet
  facet normal -0.000000 -0.000000 -1.000000
    outer loop
      vertex 9.1790 24.7800 2.8000
      vertex 9.2147 24.6747 2.8000
      vertex 7.6500 27.3500 2.8000
    endloop
  endfacet
  facet normal -0.000000 -0.000000 -1.000000
    outer loop
      vertex 9.2147 24.6747 2.8000
      vertex 9.2639 24.5750 2.8000
      vertex 7.6500 27.3500 2.8000
    endloop
  endfacet
  facet normal -0.000000 -0.000000 1.000000
    outer loop
      vertex 9.2639 24.5750 2.8000
      vertex 9.3256 24.4826 2.8000
      vertex 7.6500 27.3500 2.8000
    endloop
  endfacet
  facet normal -0.000000 0.000000 -1.000000
    outer loop
      vertex 9.3256 24.4826 2.8000
      vertex 7.6500 22.6500 2.8000
      vertex 7.6500 27.3500 2.8000
    endloop
  endfacet
  facet normal 0.000000 -0.000000 -1.000000
    outer loop
      vertex 9.3256 24.4826 2.8000
      vertex 9.3990 24.3990 2.8000
      vertex 7.6500 22.6500 2.8000
    endloop
  endfacet
  facet normal 0.000000 -0.000000 -1.000000
    outer loop
      vertex 9.3990 24.3990 2.8000
      vertex 9.4826 24.3256 2.8000
      vertex 7.6500 22.6500 2.8000
    endloop
  endfacet
  facet normal 0.000000 -0.000000 -1.000000
    outer loop
      vertex 10.0000 31.1750 2.8000
      vertex 12.3500 27.3500 2.8000
      vertex 7.6500 27.3500 2.8000
    endloop
  endfacet
  facet normal 0.000000 0.000000 -1.000000
    outer loop
      vertex 10.0000 31.1750 2.8000
      vertex 12.3500 35.0000 2.8000
      vertex 12.3500 27.3500 2.8000
    endloop
  endfacet
  facet normal 0.000000 0.000000 -1.000000
    outer loop
      vertex 10.0000 31.1750 2.8000
      vertex 7.6500 35.0000 2.8000
      vertex 12.3500 35.0000 2.8000
    endloop
  endfacet
  facet normal -0.000000 0.000000 -1.000000
    outer loop
      vertex 10.0000 31.1750 2.8000
      vertex 7.6500 27.3500 2.8000
      vertex 7.6500 35.0000 2.8000
    endloop
  endfacet
  facet normal 0.000000 -0.000000 -1.000000
    outer loop
      vertex 10.0000 38.8250 2.8000
      vertex 12.3500 35.0000 2.8000
      vertex 7.6500 35.0000 2.8000
    endloop
  endfacet
  facet normal 0.000000 0.000000 -1.000000
    outer loop
      vertex 10.0000 38.8250 2.8000
      vertex 12.3500 42.6500 2.8000
      vertex 12.3500 35.0000 2.8000
    endloop
  endfacet
  facet normal 0.000000 0.000000 -1.000000
    outer loop
      vertex 10.0000 38.8250 2.8000
      vertex 7.6500 42.6500 2.8000
      vertex 12.3500 42.6500 2.8000
    endloop
  endfacet
  facet normal -0.000000 0.000000 -1.000000
    outer loop
      vertex 10.0000 38.8250 2.8000
      vertex 7.6500 35.0000 2.8000
      vertex 7.6500 42.6500 2.8000
    endloop
  endfacet
  facet normal 0.000000 -0.000000 -1.000000
    outer loop
      vertex 9.4826 44.3256 2.8000
      vertex 9.5750 44.2639 2.8000
      vertex 7.6500 42.6500 2.8000
    endloop
  endfacet
  facet normal 0.000000 -0.000000 -1.000000
    outer loop
      vertex 9.5750 44.2639 2.8000
      vertex 9.6747 44.2147 2.8000
      vertex 7.6500 42.6500 2.8000
    endloop
  endfacet
  facet normal 0.000000 -0.000000 -1.000000
    outer loop
      vertex 9.6747 44.2147 2.8000
      vertex 9.7800 44.1790 2.8000
      vertex 7.6500 42.6500 2.8000
    endloop
  endfacet
  facet normal 0.000000 -0.000000 -1.000000
    outer loop
      vertex 9.7800 44.1790 2.8000
      vertex 9.8891 44.1573 2.8000
      vertex 7.6500 42.6500 2.8000
    endloop
  endfacet
  facet normal 0.000000 -0.000000 -1.000000
    outer loop
      vertex 9.8891 44.1573 2.8000
      vertex 10.0000 44.1500 2.8000
      vertex 7.6500 42.6500 2.8000
    endloop
  endfacet
  facet normal 0.000000 -0.000000 -1.000000
    outer loop
      vertex 10.0000 44.1500 2.8000
      vertex 10.1109 44.1573 2.8000
      vertex 7.6500 42.6500 2.8000
    endloop
  endfacet
  facet normal 0.000000 -0.000000 -1.000000
    outer loop
      vertex 10.1109 44.1573 2.8000
      vertex 10.2200 44.1790 2.8000
      vertex 7.6500 42.6500 2.8000
    endloop
  endfacet
  facet normal 0.000000 -0.000000 -1.000000
    outer loop
      vertex 10.2200 44.1790 2.8000
      vertex 10.3253 44.2147 2.8000
      vertex 7.6500 42.6500 2.8000
    endloop
  endfacet
  facet normal 0.000000 -0.000000 -1.000000
    outer loop
      vertex 10.3253 44.2147 2.8000
      vertex 10.4250 44.2639 2.8000
      vertex 7.6500 42.6500 2.8000
    endloop
  endfacet
  facet normal 0.000000 -0.000000 1.000000
    outer loop
      vertex 10.4250 44.2639 2.8000
      vertex 10.5174 44.3256 2.8000
      vertex 7.6500 42.6500 2.8000
    endloop
  endfacet
  facet normal 0.000000 -0.000000 -1.000000
    outer loop
      vertex 10.5174 44.3256 2.8000
      vertex 12.3500 42.6500 2.8000
      vertex 7.6500 42.6500 2.8000
    endloop
  endfacet
  facet normal 0.000000 0.000000 -1.000000
    outer loop
      vertex 10.5174 44.3256 2.8000
      vertex 10.6010 44.3990 2.8000
      vertex 12.3500 42.6500 2.8000
    endloop
  endfacet
  facet normal 0.000000 0.000000 -1.000000
    outer loop
      vertex 10.6010 44.3990 2.8000
      vertex 10.6744 44.4826 2.8000
      vertex 12.3500 42.6500 2.8000
    endloop
  endfacet
  facet normal 0.000000 0.000000 -1.000000
    outer loop
      vertex 10.6744 44.4826 2.8000
      vertex 10.7361 44.5750 2.8000
      vertex 12.3500 42.6500 2.8000
    endloop
  endfacet
  facet normal 0.000000 0.000000 -1.000000
    outer loop
      vertex 10.7361 44.5750 2.8000
      vertex 10.7853 44.6747 2.8000
      vertex 12.3500 42.6500 2.8000
    endloop
  endfacet
  facet normal 0.000000 0.000000 -1.000000
    outer loop
      vertex 10.7853 44.6747 2.8000
      vertex 10.8210 44.7800 2.8000
      vertex 12.3500 42.6500 2.8000
    endloop
  endfacet
  facet normal 0.000000 0.000000 -1.000000
    outer loop
      vertex 10.8210 44.7800 2.8000
      vertex 10.8427 44.8891 2.8000
      vertex 12.3500 42.6500 2.8000
    endloop
  endfacet
  facet normal 0.000000 0.000000 -1.000000
    outer loop
      vertex 10.8427 44.8891 2.8000
      vertex 10.8500 45.0000 2.8000
      vertex 12.3500 42.6500 2.8000
    endloop
  endfacet
  facet normal 0.000000 0.000000 -1.000000
    outer loop
      vertex 10.8500 45.0000 2.8000
      vertex 10.8427 45.1109 2.8000
      vertex 12.3500 42.6500 2.8000
    endloop
  endfacet
  facet normal 0.000000 0.000000 -1.000000
    outer loop
      vertex 10.8427 45.1109 2.8000
      vertex 10.8210 45.2200 2.8000
      vertex 12.3500 42.6500 2.8000
    endloop
  endfacet
  facet normal 0.000000 0.000000 -1.000000
    outer loop
      vertex 10.8210 45.2200 2.8000
      vertex 10.7853 45.3253 2.8000
      vertex 12.3500 42.6500 2.8000
    endloop
  endfacet
  facet normal 0.000000 0.000000 -1.000000
    outer loop
      vertex 10.7853 45.3253 2.8000
      vertex 10.7361 45.4250 2.8000
      vertex 12.3500 42.6500 2.8000
    endloop
  endfacet
  facet normal 0.000000 0.000000 1.000000
    outer loop
      vertex 10.7361 45.4250 2.8000
      vertex 10.6744 45.5174 2.8000
      vertex 12.3500 42.6500 2.8000
    endloop
  endfacet
  facet normal 0.000000 0.000000 1.000000
    outer loop
      vertex 10.6744 45.5174 2.8000
      vertex 10.6010 45.6010 2.8000
      vertex 12.3500 42.6500 2.8000
    endloop
  endfacet
  facet normal 0.000000 0.000000 -1.000000
    outer loop
      vertex 10.6010 45.6010 2.8000
      vertex 12.3500 47.3500 2.8000
      vertex 12.3500 42.6500 2.8000
    endloop
  endfacet
  facet normal 0.000000 0.000000 -1.000000
    outer loop
      vertex 10.6010 45.6010 2.8000
      vertex 10.5174 45.6744 2.8000
      vertex 12.3500 47.3500 2.8000
    endloop
  endfacet
  facet normal 0.000000 0.000000 -1.000000
    outer loop
      vertex 10.5174 45.6744 2.8000
      vertex 10.4250 45.7361 2.8000
      vertex 12.3500 47.3500 2.8000
    endloop
  endfacet
  facet normal 0.000000 0.000000 -1.000000
    outer loop
      vertex 10.4250 45.7361 2.8000
      vertex 10.3253 45.7853 2.8000
      vertex 12.3500 47.3500 2.8000
    endloop
  endfacet
  facet normal 0.000000 0.000000 -1.000000
    outer loop
      vertex 10.3253 45.7853 2.8000
      vertex 10.2200 45.8210 2.8000
      vertex 12.3500 47.3500 2.8000
    endloop
  endfacet
  facet normal 0.000000 0.000000 -1.000000
    outer loop
      vertex 10.2200 45.8210 2.8000
      vertex 10.1109 45.8427 2.8000
      vertex 12.3500 47.3500 2.8000
    endloop
  endfacet
  facet normal 0.000000 0.000000 -1.000000
    outer loop
      vertex 10.1109 45.8427 2.8000
      vertex 10.0000 45.8500 2.8000
      vertex 12.3500 47.3500 2.8000
    endloop
  endfacet
  facet normal -0.000000 0.000000 -1.000000
    outer loop
      vertex 10.0000 45.8500 2.8000
      vertex 9.8891 45.8427 2.8000
      vertex 12.3500 47.3500 2.8000
    endloop
  endfacet
  facet normal -0.000000 0.000000 -1.000000
    outer loop
      vertex 9.8891 45.8427 2.8000
      vertex 9.7800 45.8210 2.8000
      vertex 12.3500 47.3500 2.8000
    endloop
  endfacet
  facet normal -0.000000 0.000000 -1.000000
    outer loop
      vertex 9.7800 45.8210 2.8000
      vertex 9.6747 45.7853 2.8000
      vertex 12.3500 47.3500 2.8000
    endloop
  endfacet
  facet normal -0.000000 0.000000 -1.000000
    outer loop
      vertex 9.6747 45.7853 2.8000
      vertex 9.5750 45.7361 2.8000
      vertex 12.3500 47.3500 2.8000
    endloop
  endfacet
  facet normal -0.000000 0.000000 1.000000
    outer loop
      vertex 9.5750 45.7361 2.8000
      vertex 9.4826 45.6744 2.8000
      vertex 12.3500 47.3500 2.8000
    endloop
  endfacet
  facet normal 0.000000 0.000000 -1.000000
    outer loop
      vertex 9.4826 45.6744 2.8000
      vertex 7.6500 47.3500 2.8000
      vertex 12.3500 47.3500 2.8000
    endloop
  endfacet
  facet normal -0.000000 0.000000 -1.000000
    outer loop
      vertex 9.4826 45.6744 2.8000
      vertex 9.3990 45.6010 2.8000
      vertex 7.6500 47.3500 2.8000
    endloop
  endfacet
  facet normal -0.000000 0.000000 -1.000000
    outer loop
      vertex 9.3990 45.6010 2.8000
      vertex 9.3256 45.5174 2.8000
      vertex 7.6500 47.3500 2.8000
    endloop
  endfacet
  facet normal -0.000000 0.000000 -1.000000
    outer loop
      vertex 9.3256 45.5174 2.8000
      vertex 9.2639 45.4250 2.8000
      vertex 7.6500 47.3500 2.8000
    endloop
  endfacet
  facet normal -0.000000 0.000000 -1.000000
    outer loop
      vertex 9.2639 45.4250 2.8000
      vertex 9.2147 45.3253 2.8000
      vertex 7.6500 47.3500 2.8000
    endloop
  endfacet
  facet normal -0.000000 0.000000 -1.000000
    outer loop
      vertex 9.2147 45.3253 2.8000
      vertex 9.1790 45.2200 2.8000
      vertex 7.6500 47.3500 2.8000
    endloop
  endfacet
  facet normal -0.000000 0.000000 -1.000000
    outer loop
      vertex 9.1790 45.2200 2.8000
      vertex 9.1573 45.1109 2.8000
      vertex 7.6500 47.3500 2.8000
    endloop
  endfacet
  facet normal -0.000000 0.000000 -1.000000
    outer loop
      vertex 9.1573 45.1109 2.8000
      vertex 9.1500 45.0000 2.8000
      vertex 7.6500 47.3500 2.8000
    endloop
  endfacet
  facet normal -0.000000 -0.000000 -1.000000
    outer loop
      vertex 9.1500 45.0000 2.8000
      vertex 9.1573 44.8891 2.8000
      vertex 7.6500 47.3500 2.8000
    endloop
  endfacet
  facet normal -0.000000 -0.000000 -1.000000
    outer loop
      vertex 9.1573 44.8891 2.8000
      vertex 9.1790 44.7800 2.8000
      vertex 7.6500 47.3500 2.8000
    endloop
  endfacet
  facet normal -0.000000 -0.000000 -1.000000
    outer loop
      vertex 9.1790 44.7800 2.8000
      vertex 9.2147 44.6747 2.8000
      vertex 7.6500 47.3500 2.8000
    endloop
  endfacet
  facet normal -0.000000 -0.000000 -1.000000
    outer loop
      vertex 9.2147 44.6747 2.8000
      vertex 9.2639 44.5750 2.8000
      vertex 7.6500 47.3500 2.8000
    endloop
  endfacet
  facet normal -0.000000 -0.000000 1.000000
    outer loop
      vertex 9.2639 44.5750 2.8000
      vertex 9.3256 44.4826 2.8000
      vertex 7.6500 47.3500 2.8000
    endloop
  endfacet
  facet normal -0.000000 0.000000 -1.000000
    outer loop
      vertex 9.3256 44.4826 2.8000
      vertex 7.6500 42.6500 2.8000
      vertex 7.6500 47.3500 2.8000
    endloop
  endfacet
  facet normal 0.000000 -0.000000 -1.000000
    outer loop
      vertex 9.3256 44.4826 2.8000
      vertex 9.3990 44.3990 2.8000
      vertex 7.6500 42.6500 2.8000
    endloop
  endfacet
  facet normal 0.000000 -0.000000 -1.000000
    outer loop
      vertex 9.3990 44.3990 2.8000
      vertex 9.4826 44.3256 2.8000
      vertex 7.6500 42.6500 2.8000
    endloop
  endfacet
  facet normal 0.000000 -0.000000 -1.000000
    outer loop
      vertex 10.0000 61.7750 2.8000
      vertex 12.3500 47.3500 2.8000
      vertex 7.6500 47.3500 2.8000
    endloop
  endfacet
  facet normal 0.000000 0.000000 -1.000000
    outer loop
      vertex 10.0000 61.7750 2.8000
      vertex 12.3500 76.2000 2.8000
      vertex 12.3500 47.3500 2.8000
    endloop
  endfacet
  facet normal 0.000000 0.000000 -1.000000
    outer loop
      vertex 10.0000 61.7750 2.8000
      vertex 7.6500 76.2000 2.8000
      vertex 12.3500 76.2000 2.8000
    endloop
  endfacet
  facet normal -0.000000 0.000000 -1.000000
    outer loop
      vertex 10.0000 61.7750 2.8000
      vertex 7.6500 47.3500 2.8000
      vertex 7.6500 76.2000 2.8000
    endloop
  endfacet
  facet normal 0.000000 -0.000000 -1.000000
    outer loop
      vertex 14.0500 36.3778 2.8000
      vertex 20.0000 0.0000 2.8000
      vertex 12.3500 0.0000 2.8000
    endloop
  endfacet
  facet normal 0.000000 0.000000 -1.000000
    outer loop
      vertex 14.0500 36.3778 2.8000
      vertex 20.0000 76.2000 2.8000
      vertex 20.0000 0.0000 2.8000
    endloop
  endfacet
  facet normal 0.000000 0.000000 -1.000000
    outer loop
      vertex 14.0500 36.3778 2.8000
      vertex 12.3500 76.2000 2.8000
      vertex 20.0000 76.2000 2.8000
    endloop
  endfacet
  facet normal 0.000000 0.000000 -1.000000
    outer loop
      vertex 14.0500 36.3778 2.8000
      vertex 12.3500 47.3500 2.8000
      vertex 12.3500 76.2000 2.8000
    endloop
  endfacet
  facet normal 0.000000 0.000000 -1.000000
    outer loop
      vertex 14.0500 36.3778 2.8000
      vertex 12.3500 42.6500 2.8000
      vertex 12.3500 47.3500 2.8000
    endloop
  endfacet
  facet normal -0.000000 0.000000 -1.000000
    outer loop
      vertex 14.0500 36.3778 2.8000
      vertex 12.3500 35.0000 2.8000
      vertex 12.3500 42.6500 2.8000
    endloop
  endfacet
  facet normal 0.000000 0.000000 -1.000000
    outer loop
      vertex 14.0500 36.3778 2.8000
      vertex 12.3500 27.3500 2.8000
      vertex 12.3500 35.0000 2.8000
    endloop
  endfacet
  facet normal 0.000000 0.000000 -1.000000
    outer loop
      vertex 14.0500 36.3778 2.8000
      vertex 12.3500 22.6500 2.8000
      vertex 12.3500 27.3500 2.8000
    endloop
  endfacet
  facet normal 0.000000 0.000000 -1.000000
    outer loop
      vertex 14.0500 36.3778 2.8000
      vertex 12.3500 0.0000 2.8000
      vertex 12.3500 22.6500 2.8000
    endloop
  endfacet
  facet normal 0.831470 0.555570 0.000000
    outer loop
      vertex 9.3256 44.4826 4.8000
      vertex 9.3256 44.4826 2.8000
      vertex 9.2639 44.5750 2.8000
    endloop
  endfacet
  facet normal 0.831470 0.555570 0.000000
    outer loop
      vertex 9.3256 44.4826 4.8000
      vertex 9.2639 44.5750 2.8000
      vertex 9.2639 44.5750 4.8000
    endloop
  endfacet
  facet normal 0.195090 -0.980785 0.000000
    outer loop
      vertex 9.7800 25.8210 4.8000
      vertex 9.7800 25.8210 2.8000
      vertex 9.8891 25.8427 2.8000
    endloop
  endfacet
  facet normal 0.195090 -0.980785 0.000000
    outer loop
      vertex 9.7800 25.8210 4.8000
      vertex 9.8891 25.8427 2.8000
      vertex 9.8891 25.8427 4.8000
    endloop
  endfacet
  facet normal 0.195090 0.980785 0.000000
    outer loop
      vertex 9.8891 44.1573 4.8000
      vertex 9.8891 44.1573 2.8000
      vertex 9.7800 44.1790 2.8000
    endloop
  endfacet
  facet normal 0.195090 0.980785 0.000000
    outer loop
      vertex 9.8891 44.1573 4.8000
      vertex 9.7800 44.1790 2.8000
      vertex 9.7800 44.1790 4.8000
    endloop
  endfacet
  facet normal 0.659346 -0.751840 0.000000
    outer loop
      vertex 9.3990 45.6010 4.8000
      vertex 9.3990 45.6010 2.8000
      vertex 9.4826 45.6744 2.8000
    endloop
  endfacet
  facet normal 0.659346 -0.751840 0.000000
    outer loop
      vertex 9.3990 45.6010 4.8000
      vertex 9.4826 45.6744 2.8000
      vertex 9.4826 45.6744 4.8000
    endloop
  endfacet
  facet normal 0.896873 0.442289 0.000000
    outer loop
      vertex 9.2639 24.5750 4.8000
      vertex 9.2639 24.5750 2.8000
      vertex 9.2147 24.6747 2.8000
    endloop
  endfacet
  facet normal 0.896873 0.442289 0.000000
    outer loop
      vertex 9.2639 24.5750 4.8000
      vertex 9.2147 24.6747 2.8000
      vertex 9.2147 24.6747 4.8000
    endloop
  endfacet
  facet normal 0.997859 0.065403 0.000000
    outer loop
      vertex 9.1573 24.8891 4.8000
      vertex 9.1573 24.8891 2.8000
      vertex 9.1500 25.0000 2.8000
    endloop
  endfacet
  facet normal 0.997859 0.065403 0.000000
    outer loop
      vertex 9.1573 24.8891 4.8000
      vertex 9.1500 25.0000 2.8000
      vertex 9.1500 25.0000 4.8000
    endloop
  endfacet
  facet normal -0.831470 0.555570 0.000000
    outer loop
      vertex 10.7361 44.5750 4.8000
      vertex 10.7361 44.5750 2.8000
      vertex 10.6744 44.4826 2.8000
    endloop
  endfacet
  facet normal -0.831470 0.555570 0.000000
    outer loop
      vertex 10.7361 44.5750 4.8000
      vertex 10.6744 44.4826 2.8000
      vertex 10.6744 44.4826 4.8000
    endloop
  endfacet
  facet normal -0.980785 0.195090 0.000000
    outer loop
      vertex 10.8427 44.8891 4.8000
      vertex 10.8427 44.8891 2.8000
      vertex 10.8210 44.7800 2.8000
    endloop
  endfacet
  facet normal -0.980785 0.195090 0.000000
    outer loop
      vertex 10.8427 44.8891 4.8000
      vertex 10.8210 44.7800 2.8000
      vertex 10.8210 44.7800 4.8000
    endloop
  endfacet
  facet normal 0.831470 0.555570 0.000000
    outer loop
      vertex 9.3256 24.4826 4.8000
      vertex 9.3256 24.4826 2.8000
      vertex 9.2639 24.5750 2.8000
    endloop
  endfacet
  facet normal 0.831470 0.555570 0.000000
    outer loop
      vertex 9.3256 24.4826 4.8000
      vertex 9.2639 24.5750 2.8000
      vertex 9.2639 24.5750 4.8000
    endloop
  endfacet
  facet normal 0.195090 -0.980785 0.000000
    outer loop
      vertex 9.7800 45.8210 4.8000
      vertex 9.7800 45.8210 2.8000
      vertex 9.8891 45.8427 2.8000
    endloop
  endfacet
  facet normal 0.195090 -0.980785 0.000000
    outer loop
      vertex 9.7800 45.8210 4.8000
      vertex 9.8891 45.8427 2.8000
      vertex 9.8891 45.8427 4.8000
    endloop
  endfacet
  facet normal 0.997859 0.065403 0.000000
    outer loop
      vertex 9.1573 44.8891 4.8000
      vertex 9.1573 44.8891 2.8000
      vertex 9.1500 45.0000 2.8000
    endloop
  endfacet
  facet normal 0.997859 0.065403 0.000000
    outer loop
      vertex 9.1573 44.8891 4.8000
      vertex 9.1500 45.0000 2.8000
      vertex 9.1500 45.0000 4.8000
    endloop
  endfacet
  facet normal 0.659346 0.751840 0.000000
    outer loop
      vertex 9.4826 44.3256 4.8000
      vertex 9.4826 44.3256 2.8000
      vertex 9.3990 44.3990 2.8000
    endloop
  endfacet
  facet normal 0.659346 0.751840 0.000000
    outer loop
      vertex 9.4826 44.3256 4.8000
      vertex 9.3990 44.3990 2.8000
      vertex 9.3990 44.3990 4.8000
    endloop
  endfacet
  facet normal -0.442289 0.896873 0.000000
    outer loop
      vertex 10.4250 24.2639 4.8000
      vertex 10.4250 24.2639 2.8000
      vertex 10.3253 24.2147 2.8000
    endloop
  endfacet
  facet normal -0.442289 0.896873 0.000000
    outer loop
      vertex 10.4250 24.2639 4.8000
      vertex 10.3253 24.2147 2.8000
      vertex 10.3253 24.2147 4.8000
    endloop
  endfacet
  facet normal -0.751840 -0.659346 -0.000000
    outer loop
      vertex 10.6010 45.6010 4.8000
      vertex 10.6010 45.6010 2.8000
      vertex 10.6744 45.5174 2.8000
    endloop
  endfacet
  facet normal -0.751840 -0.659346 0.000000
    outer loop
      vertex 10.6010 45.6010 4.8000
      vertex 10.6744 45.5174 2.8000
      vertex 10.6744 45.5174 4.8000
    endloop
  endfacet
  facet normal -0.997859 -0.065403 -0.000000
    outer loop
      vertex 10.8427 45.1109 4.8000
      vertex 10.8427 45.1109 2.8000
      vertex 10.8500 45.0000 2.8000
    endloop
  endfacet
  facet normal -0.997859 -0.065403 0.000000
    outer loop
      vertex 10.8427 45.1109 4.8000
      vertex 10.8500 45.0000 2.8000
      vertex 10.8500 45.0000 4.8000
    endloop
  endfacet
  facet normal -0.195090 0.980785 0.000000
    outer loop
      vertex 10.2200 44.1790 4.8000
      vertex 10.2200 44.1790 2.8000
      vertex 10.1109 44.1573 2.8000
    endloop
  endfacet
  facet normal -0.195090 0.980785 0.000000
    outer loop
      vertex 10.2200 44.1790 4.8000
      vertex 10.1109 44.1573 2.8000
      vertex 10.1109 44.1573 4.8000
    endloop
  endfacet
  facet normal 0.555570 0.831470 0.000000
    outer loop
      vertex 9.5750 24.2639 4.8000
      vertex 9.5750 24.2639 2.8000
      vertex 9.4826 24.3256 2.8000
    endloop
  endfacet
  facet normal 0.555570 0.831470 0.000000
    outer loop
      vertex 9.5750 24.2639 4.8000
      vertex 9.4826 24.3256 2.8000
      vertex 9.4826 24.3256 4.8000
    endloop
  endfacet
  facet normal -0.065403 0.997859 0.000000
    outer loop
      vertex 10.1109 24.1573 4.8000
      vertex 10.1109 24.1573 2.8000
      vertex 10.0000 24.1500 2.8000
    endloop
  endfacet
  facet normal -0.065403 0.997859 0.000000
    outer loop
      vertex 10.1109 24.1573 4.8000
      vertex 10.0000 24.1500 2.8000
      vertex 10.0000 24.1500 4.8000
    endloop
  endfacet
  facet normal 0.980785 0.195090 0.000000
    outer loop
      vertex 9.1790 44.7800 4.8000
      vertex 9.1790 44.7800 2.8000
      vertex 9.1573 44.8891 2.8000
    endloop
  endfacet
  facet normal 0.980785 0.195090 0.000000
    outer loop
      vertex 9.1790 44.7800 4.8000
      vertex 9.1573 44.8891 2.8000
      vertex 9.1573 44.8891 4.8000
    endloop
  endfacet
  facet normal 0.555570 -0.831470 0.000000
    outer loop
      vertex 9.4826 25.6744 4.8000
      vertex 9.4826 25.6744 2.8000
      vertex 9.5750 25.7361 2.8000
    endloop
  endfacet
  facet normal 0.555570 -0.831470 0.000000
    outer loop
      vertex 9.4826 25.6744 4.8000
      vertex 9.5750 25.7361 2.8000
      vertex 9.5750 25.7361 4.8000
    endloop
  endfacet
  facet normal 0.000000 -1.000000 0.000000
    outer loop
      vertex 12.3500 0.0000 4.8000
      vertex 12.3500 0.0000 2.8000
      vertex 20.0000 0.0000 2.8000
    endloop
  endfacet
  facet normal 0.000000 -1.000000 0.000000
    outer loop
      vertex 12.3500 0.0000 4.8000
      vertex 20.0000 0.0000 2.8000
      vertex 20.0000 0.0000 4.8000
    endloop
  endfacet
  facet normal 0.442289 -0.896873 0.000000
    outer loop
      vertex 9.5750 25.7361 4.8000
      vertex 9.5750 25.7361 2.8000
      vertex 9.6747 25.7853 2.8000
    endloop
  endfacet
  facet normal 0.442289 -0.896873 0.000000
    outer loop
      vertex 9.5750 25.7361 4.8000
      vertex 9.6747 25.7853 2.8000
      vertex 9.6747 25.7853 4.8000
    endloop
  endfacet
  facet normal -0.997859 -0.065403 -0.000000
    outer loop
      vertex 10.8427 25.1109 4.8000
      vertex 10.8427 25.1109 2.8000
      vertex 10.8500 25.0000 2.8000
    endloop
  endfacet
  facet normal -0.997859 -0.065403 0.000000
    outer loop
      vertex 10.8427 25.1109 4.8000
      vertex 10.8500 25.0000 2.8000
      vertex 10.8500 25.0000 4.8000
    endloop
  endfacet
  facet normal 0.321439 0.946930 0.000000
    outer loop
      vertex 9.7800 44.1790 4.8000
      vertex 9.7800 44.1790 2.8000
      vertex 9.6747 44.2147 2.8000
    endloop
  endfacet
  facet normal 0.321439 0.946930 0.000000
    outer loop
      vertex 9.7800 44.1790 4.8000
      vertex 9.6747 44.2147 2.8000
      vertex 9.6747 44.2147 4.8000
    endloop
  endfacet
  facet normal 0.751840 0.659346 0.000000
    outer loop
      vertex 9.3990 44.3990 4.8000
      vertex 9.3990 44.3990 2.8000
      vertex 9.3256 44.4826 2.8000
    endloop
  endfacet
  facet normal 0.751840 0.659346 0.000000
    outer loop
      vertex 9.3990 44.3990 4.8000
      vertex 9.3256 44.4826 2.8000
      vertex 9.3256 44.4826 4.8000
    endloop
  endfacet
  facet normal 0.659346 -0.751840 0.000000
    outer loop
      vertex 9.3990 25.6010 4.8000
      vertex 9.3990 25.6010 2.8000
      vertex 9.4826 25.6744 2.8000
    endloop
  endfacet
  facet normal 0.659346 -0.751840 0.000000
    outer loop
      vertex 9.3990 25.6010 4.8000
      vertex 9.4826 25.6744 2.8000
      vertex 9.4826 25.6744 4.8000
    endloop
  endfacet
  facet normal 0.659346 0.751840 0.000000
    outer loop
      vertex 9.4826 24.3256 4.8000
      vertex 9.4826 24.3256 2.8000
      vertex 9.3990 24.3990 2.8000
    endloop
  endfacet
  facet normal 0.659346 0.751840 0.000000
    outer loop
      vertex 9.4826 24.3256 4.8000
      vertex 9.3990 24.3990 2.8000
      vertex 9.3990 24.3990 4.8000
    endloop
  endfacet
  facet normal -0.980785 0.195090 0.000000
    outer loop
      vertex 10.8427 24.8891 4.8000
      vertex 10.8427 24.8891 2.8000
      vertex 10.8210 24.7800 2.8000
    endloop
  endfacet
  facet normal -0.980785 0.195090 0.000000
    outer loop
      vertex 10.8427 24.8891 4.8000
      vertex 10.8210 24.7800 2.8000
      vertex 10.8210 24.7800 4.8000
    endloop
  endfacet
  facet normal 0.997859 -0.065403 0.000000
    outer loop
      vertex 9.1500 25.0000 4.8000
      vertex 9.1500 25.0000 2.8000
      vertex 9.1573 25.1109 2.8000
    endloop
  endfacet
  facet normal 0.997859 -0.065403 0.000000
    outer loop
      vertex 9.1500 25.0000 4.8000
      vertex 9.1573 25.1109 2.8000
      vertex 9.1573 25.1109 4.8000
    endloop
  endfacet
  facet normal 0.321439 -0.946930 0.000000
    outer loop
      vertex 9.6747 25.7853 4.8000
      vertex 9.6747 25.7853 2.8000
      vertex 9.7800 25.8210 2.8000
    endloop
  endfacet
  facet normal 0.321439 -0.946930 0.000000
    outer loop
      vertex 9.6747 25.7853 4.8000
      vertex 9.7800 25.8210 2.8000
      vertex 9.7800 25.8210 4.8000
    endloop
  endfacet
  facet normal 0.831470 -0.555570 0.000000
    outer loop
      vertex 9.2639 45.4250 4.8000
      vertex 9.2639 45.4250 2.8000
      vertex 9.3256 45.5174 2.8000
    endloop
  endfacet
  facet normal 0.831470 -0.555570 0.000000
    outer loop
      vertex 9.2639 45.4250 4.8000
      vertex 9.3256 45.5174 2.8000
      vertex 9.3256 45.5174 4.8000
    endloop
  endfacet
  facet normal 0.896873 -0.442289 0.000000
    outer loop
      vertex 9.2147 25.3253 4.8000
      vertex 9.2147 25.3253 2.8000
      vertex 9.2639 25.4250 2.8000
    endloop
  endfacet
  facet normal 0.896873 -0.442289 0.000000
    outer loop
      vertex 9.2147 25.3253 4.8000
      vertex 9.2639 25.4250 2.8000
      vertex 9.2639 25.4250 4.8000
    endloop
  endfacet
  facet normal -0.659346 -0.751840 -0.000000
    outer loop
      vertex 10.5174 45.6744 4.8000
      vertex 10.5174 45.6744 2.8000
      vertex 10.6010 45.6010 2.8000
    endloop
  endfacet
  facet normal -0.659346 -0.751840 0.000000
    outer loop
      vertex 10.5174 45.6744 4.8000
      vertex 10.6010 45.6010 2.8000
      vertex 10.6010 45.6010 4.8000
    endloop
  endfacet
  facet normal 0.000000 1.000000 0.000000
    outer loop
      vertex 7.6500 76.2000 4.8000
      vertex 7.6500 76.2000 2.8000
      vertex 0.0000 76.2000 2.8000
    endloop
  endfacet
  facet normal 0.000000 1.000000 0.000000
    outer loop
      vertex 7.6500 76.2000 4.8000
      vertex 0.0000 76.2000 2.8000
      vertex 0.0000 76.2000 4.8000
    endloop
  endfacet
  facet normal 0.000000 1.000000 0.000000
    outer loop
      vertex 20.0000 76.2000 4.8000
      vertex 20.0000 76.2000 2.8000
      vertex 12.3500 76.2000 2.8000
    endloop
  endfacet
  facet normal 0.000000 1.000000 0.000000
    outer loop
      vertex 20.0000 76.2000 4.8000
      vertex 12.3500 76.2000 2.8000
      vertex 12.3500 76.2000 4.8000
    endloop
  endfacet
  facet normal -0.831470 0.555570 0.000000
    outer loop
      vertex 10.7361 24.5750 4.8000
      vertex 10.7361 24.5750 2.8000
      vertex 10.6744 24.4826 2.8000
    endloop
  endfacet
  facet normal -0.831470 0.555570 0.000000
    outer loop
      vertex 10.7361 24.5750 4.8000
      vertex 10.6744 24.4826 2.8000
      vertex 10.6744 24.4826 4.8000
    endloop
  endfacet
  facet normal -0.896873 -0.442289 -0.000000
    outer loop
      vertex 10.7361 25.4250 4.8000
      vertex 10.7361 25.4250 2.8000
      vertex 10.7853 25.3253 2.8000
    endloop
  endfacet
  facet normal -0.896873 -0.442289 0.000000
    outer loop
      vertex 10.7361 25.4250 4.8000
      vertex 10.7853 25.3253 2.8000
      vertex 10.7853 25.3253 4.8000
    endloop
  endfacet
  facet normal 0.065403 0.997859 0.000000
    outer loop
      vertex 10.0000 44.1500 4.8000
      vertex 10.0000 44.1500 2.8000
      vertex 9.8891 44.1573 2.8000
    endloop
  endfacet
  facet normal 0.065403 0.997859 0.000000
    outer loop
      vertex 10.0000 44.1500 4.8000
      vertex 9.8891 44.1573 2.8000
      vertex 9.8891 44.1573 4.8000
    endloop
  endfacet
  facet normal -0.195090 -0.980785 -0.000000
    outer loop
      vertex 10.1109 45.8427 4.8000
      vertex 10.1109 45.8427 2.8000
      vertex 10.2200 45.8210 2.8000
    endloop
  endfacet
  facet normal -0.195090 -0.980785 0.000000
    outer loop
      vertex 10.1109 45.8427 4.8000
      vertex 10.2200 45.8210 2.8000
      vertex 10.2200 45.8210 4.8000
    endloop
  endfacet
  facet normal 0.980785 -0.195090 0.000000
    outer loop
      vertex 9.1573 45.1109 4.8000
      vertex 9.1573 45.1109 2.8000
      vertex 9.1790 45.2200 2.8000
    endloop
  endfacet
  facet normal 0.980785 -0.195090 0.000000
    outer loop
      vertex 9.1573 45.1109 4.8000
      vertex 9.1790 45.2200 2.8000
      vertex 9.1790 45.2200 4.8000
    endloop
  endfacet
  facet normal -0.442289 0.896873 0.000000
    outer loop
      vertex 10.4250 44.2639 4.8000
      vertex 10.4250 44.2639 2.8000
      vertex 10.3253 44.2147 2.8000
    endloop
  endfacet
  facet normal -0.442289 0.896873 0.000000
    outer loop
      vertex 10.4250 44.2639 4.8000
      vertex 10.3253 44.2147 2.8000
      vertex 10.3253 44.2147 4.8000
    endloop
  endfacet
  facet normal -0.195090 -0.980785 -0.000000
    outer loop
      vertex 10.1109 25.8427 4.8000
      vertex 10.1109 25.8427 2.8000
      vertex 10.2200 25.8210 2.8000
    endloop
  endfacet
  facet normal -0.195090 -0.980785 0.000000
    outer loop
      vertex 10.1109 25.8427 4.8000
      vertex 10.2200 25.8210 2.8000
      vertex 10.2200 25.8210 4.8000
    endloop
  endfacet
  facet normal 0.065403 -0.997859 0.000000
    outer loop
      vertex 9.8891 45.8427 4.8000
      vertex 9.8891 45.8427 2.8000
      vertex 10.0000 45.8500 2.8000
    endloop
  endfacet
  facet normal 0.065403 -0.997859 0.000000
    outer loop
      vertex 9.8891 45.8427 4.8000
      vertex 10.0000 45.8500 2.8000
      vertex 10.0000 45.8500 4.8000
    endloop
  endfacet
  facet normal -0.195090 0.980785 0.000000
    outer loop
      vertex 10.2200 24.1790 4.8000
      vertex 10.2200 24.1790 2.8000
      vertex 10.1109 24.1573 2.8000
    endloop
  endfacet
  facet normal -0.195090 0.980785 0.000000
    outer loop
      vertex 10.2200 24.1790 4.8000
      vertex 10.1109 24.1573 2.8000
      vertex 10.1109 24.1573 4.8000
    endloop
  endfacet
  facet normal -0.659346 0.751840 0.000000
    outer loop
      vertex 10.6010 44.3990 4.8000
      vertex 10.6010 44.3990 2.8000
      vertex 10.5174 44.3256 2.8000
    endloop
  endfacet
  facet normal -0.659346 0.751840 0.000000
    outer loop
      vertex 10.6010 44.3990 4.8000
      vertex 10.5174 44.3256 2.8000
      vertex 10.5174 44.3256 4.8000
    endloop
  endfacet
  facet normal -0.065403 -0.997859 -0.000000
    outer loop
      vertex 10.0000 45.8500 4.8000
      vertex 10.0000 45.8500 2.8000
      vertex 10.1109 45.8427 2.8000
    endloop
  endfacet
  facet normal -0.065403 -0.997859 0.000000
    outer loop
      vertex 10.0000 45.8500 4.8000
      vertex 10.1109 45.8427 2.8000
      vertex 10.1109 45.8427 4.8000
    endloop
  endfacet
  facet normal 0.896873 0.442289 0.000000
    outer loop
      vertex 9.2639 44.5750 4.8000
      vertex 9.2639 44.5750 2.8000
      vertex 9.2147 44.6747 2.8000
    endloop
  endfacet
  facet normal 0.896873 0.442289 0.000000
    outer loop
      vertex 9.2639 44.5750 4.8000
      vertex 9.2147 44.6747 2.8000
      vertex 9.2147 44.6747 4.8000
    endloop
  endfacet
  facet normal -0.321439 -0.946930 -0.000000
    outer loop
      vertex 10.2200 25.8210 4.8000
      vertex 10.2200 25.8210 2.8000
      vertex 10.3253 25.7853 2.8000
    endloop
  endfacet
  facet normal -0.321439 -0.946930 0.000000
    outer loop
      vertex 10.2200 25.8210 4.8000
      vertex 10.3253 25.7853 2.8000
      vertex 10.3253 25.7853 4.8000
    endloop
  endfacet
  facet normal -0.321439 0.946930 0.000000
    outer loop
      vertex 10.3253 24.2147 4.8000
      vertex 10.3253 24.2147 2.8000
      vertex 10.2200 24.1790 2.8000
    endloop
  endfacet
  facet normal -0.321439 0.946930 0.000000
    outer loop
      vertex 10.3253 24.2147 4.8000
      vertex 10.2200 24.1790 2.8000
      vertex 10.2200 24.1790 4.8000
    endloop
  endfacet
  facet normal -0.896873 -0.442289 -0.000000
    outer loop
      vertex 10.7361 45.4250 4.8000
      vertex 10.7361 45.4250 2.8000
      vertex 10.7853 45.3253 2.8000
    endloop
  endfacet
  facet normal -0.896873 -0.442289 0.000000
    outer loop
      vertex 10.7361 45.4250 4.8000
      vertex 10.7853 45.3253 2.8000
      vertex 10.7853 45.3253 4.8000
    endloop
  endfacet
  facet normal -0.831470 -0.555570 -0.000000
    outer loop
      vertex 10.6744 45.5174 4.8000
      vertex 10.6744 45.5174 2.8000
      vertex 10.7361 45.4250 2.8000
    endloop
  endfacet
  facet normal -0.831470 -0.555570 0.000000
    outer loop
      vertex 10.6744 45.5174 4.8000
      vertex 10.7361 45.4250 2.8000
      vertex 10.7361 45.4250 4.8000
    endloop
  endfacet
  facet normal -0.321439 -0.946930 -0.000000
    outer loop
      vertex 10.2200 45.8210 4.8000
      vertex 10.2200 45.8210 2.8000
      vertex 10.3253 45.7853 2.8000
    endloop
  endfacet
  facet normal -0.321439 -0.946930 0.000000
    outer loop
      vertex 10.2200 45.8210 4.8000
      vertex 10.3253 45.7853 2.8000
      vertex 10.3253 45.7853 4.8000
    endloop
  endfacet
  facet normal 0.065403 -0.997859 0.000000
    outer loop
      vertex 9.8891 25.8427 4.8000
      vertex 9.8891 25.8427 2.8000
      vertex 10.0000 25.8500 2.8000
    endloop
  endfacet
  facet normal 0.065403 -0.997859 0.000000
    outer loop
      vertex 9.8891 25.8427 4.8000
      vertex 10.0000 25.8500 2.8000
      vertex 10.0000 25.8500 4.8000
    endloop
  endfacet
  facet normal 0.831470 -0.555570 0.000000
    outer loop
      vertex 9.2639 25.4250 4.8000
      vertex 9.2639 25.4250 2.8000
      vertex 9.3256 25.5174 2.8000
    endloop
  endfacet
  facet normal 0.831470 -0.555570 0.000000
    outer loop
      vertex 9.2639 25.4250 4.8000
      vertex 9.3256 25.5174 2.8000
      vertex 9.3256 25.5174 4.8000
    endloop
  endfacet
  facet normal -0.751840 0.659346 0.000000
    outer loop
      vertex 10.6744 44.4826 4.8000
      vertex 10.6744 44.4826 2.8000
      vertex 10.6010 44.3990 2.8000
    endloop
  endfacet
  facet normal -0.751840 0.659346 0.000000
    outer loop
      vertex 10.6744 44.4826 4.8000
      vertex 10.6010 44.3990 2.8000
      vertex 10.6010 44.3990 4.8000
    endloop
  endfacet
  facet normal -0.659346 0.751840 0.000000
    outer loop
      vertex 10.6010 24.3990 4.8000
      vertex 10.6010 24.3990 2.8000
      vertex 10.5174 24.3256 2.8000
    endloop
  endfacet
  facet normal -0.659346 0.751840 0.000000
    outer loop
      vertex 10.6010 24.3990 4.8000
      vertex 10.5174 24.3256 2.8000
      vertex 10.5174 24.3256 4.8000
    endloop
  endfacet
  facet normal 0.896873 -0.442289 0.000000
    outer loop
      vertex 9.2147 45.3253 4.8000
      vertex 9.2147 45.3253 2.8000
      vertex 9.2639 45.4250 2.8000
    endloop
  endfacet
  facet normal 0.896873 -0.442289 0.000000
    outer loop
      vertex 9.2147 45.3253 4.8000
      vertex 9.2639 45.4250 2.8000
      vertex 9.2639 45.4250 4.8000
    endloop
  endfacet
  facet normal -0.946930 -0.321439 -0.000000
    outer loop
      vertex 10.7853 25.3253 4.8000
      vertex 10.7853 25.3253 2.8000
      vertex 10.8210 25.2200 2.8000
    endloop
  endfacet
  facet normal -0.946930 -0.321439 0.000000
    outer loop
      vertex 10.7853 25.3253 4.8000
      vertex 10.8210 25.2200 2.8000
      vertex 10.8210 25.2200 4.8000
    endloop
  endfacet
  facet normal 0.751840 -0.659346 0.000000
    outer loop
      vertex 9.3256 25.5174 4.8000
      vertex 9.3256 25.5174 2.8000
      vertex 9.3990 25.6010 2.8000
    endloop
  endfacet
  facet normal 0.751840 -0.659346 0.000000
    outer loop
      vertex 9.3256 25.5174 4.8000
      vertex 9.3990 25.6010 2.8000
      vertex 9.3990 25.6010 4.8000
    endloop
  endfacet
  facet normal 0.946930 -0.321439 0.000000
    outer loop
      vertex 9.1790 25.2200 4.8000
      vertex 9.1790 25.2200 2.8000
      vertex 9.2147 25.3253 2.8000
    endloop
  endfacet
  facet normal 0.946930 -0.321439 0.000000
    outer loop
      vertex 9.1790 25.2200 4.8000
      vertex 9.2147 25.3253 2.8000
      vertex 9.2147 25.3253 4.8000
    endloop
  endfacet
  facet normal -0.065403 -0.997859 -0.000000
    outer loop
      vertex 10.0000 25.8500 4.8000
      vertex 10.0000 25.8500 2.8000
      vertex 10.1109 25.8427 2.8000
    endloop
  endfacet
  facet normal -0.065403 -0.997859 0.000000
    outer loop
      vertex 10.0000 25.8500 4.8000
      vertex 10.1109 25.8427 2.8000
      vertex 10.1109 25.8427 4.8000
    endloop
  endfacet
  facet normal -0.555570 0.831470 0.000000
    outer loop
      vertex 10.5174 24.3256 4.8000
      vertex 10.5174 24.3256 2.8000
      vertex 10.4250 24.2639 2.8000
    endloop
  endfacet
  facet normal -0.555570 0.831470 0.000000
    outer loop
      vertex 10.5174 24.3256 4.8000
      vertex 10.4250 24.2639 2.8000
      vertex 10.4250 24.2639 4.8000
    endloop
  endfacet
  facet normal -0.980785 -0.195090 -0.000000
    outer loop
      vertex 10.8210 45.2200 4.8000
      vertex 10.8210 45.2200 2.8000
      vertex 10.8427 45.1109 2.8000
    endloop
  endfacet
  facet normal -0.980785 -0.195090 0.000000
    outer loop
      vertex 10.8210 45.2200 4.8000
      vertex 10.8427 45.1109 2.8000
      vertex 10.8427 45.1109 4.8000
    endloop
  endfacet
  facet normal -0.751840 -0.659346 -0.000000
    outer loop
      vertex 10.6010 25.6010 4.8000
      vertex 10.6010 25.6010 2.8000
      vertex 10.6744 25.5174 2.8000
    endloop
  endfacet
  facet normal -0.751840 -0.659346 0.000000
    outer loop
      vertex 10.6010 25.6010 4.8000
      vertex 10.6744 25.5174 2.8000
      vertex 10.6744 25.5174 4.8000
    endloop
  endfacet
  facet normal -0.751840 0.659346 0.000000
    outer loop
      vertex 10.6744 24.4826 4.8000
      vertex 10.6744 24.4826 2.8000
      vertex 10.6010 24.3990 2.8000
    endloop
  endfacet
  facet normal -0.751840 0.659346 0.000000
    outer loop
      vertex 10.6744 24.4826 4.8000
      vertex 10.6010 24.3990 2.8000
      vertex 10.6010 24.3990 4.8000
    endloop
  endfacet
  facet normal -0.946930 0.321439 0.000000
    outer loop
      vertex 10.8210 44.7800 4.8000
      vertex 10.8210 44.7800 2.8000
      vertex 10.7853 44.6747 2.8000
    endloop
  endfacet
  facet normal -0.946930 0.321439 0.000000
    outer loop
      vertex 10.8210 44.7800 4.8000
      vertex 10.7853 44.6747 2.8000
      vertex 10.7853 44.6747 4.8000
    endloop
  endfacet
  facet normal 0.195090 0.980785 0.000000
    outer loop
      vertex 9.8891 24.1573 4.8000
      vertex 9.8891 24.1573 2.8000
      vertex 9.7800 24.1790 2.8000
    endloop
  endfacet
  facet normal 0.195090 0.980785 0.000000
    outer loop
      vertex 9.8891 24.1573 4.8000
      vertex 9.7800 24.1790 2.8000
      vertex 9.7800 24.1790 4.8000
    endloop
  endfacet
  facet normal 0.065403 0.997859 0.000000
    outer loop
      vertex 10.0000 24.1500 4.8000
      vertex 10.0000 24.1500 2.8000
      vertex 9.8891 24.1573 2.8000
    endloop
  endfacet
  facet normal 0.065403 0.997859 0.000000
    outer loop
      vertex 10.0000 24.1500 4.8000
      vertex 9.8891 24.1573 2.8000
      vertex 9.8891 24.1573 4.8000
    endloop
  endfacet
  facet normal 0.946930 0.321439 0.000000
    outer loop
      vertex 9.2147 44.6747 4.8000
      vertex 9.2147 44.6747 2.8000
      vertex 9.1790 44.7800 2.8000
    endloop
  endfacet
  facet normal 0.946930 0.321439 0.000000
    outer loop
      vertex 9.2147 44.6747 4.8000
      vertex 9.1790 44.7800 2.8000
      vertex 9.1790 44.7800 4.8000
    endloop
  endfacet
  facet normal 0.997859 -0.065403 0.000000
    outer loop
      vertex 9.1500 45.0000 4.8000
      vertex 9.1500 45.0000 2.8000
      vertex 9.1573 45.1109 2.8000
    endloop
  endfacet
  facet normal 0.997859 -0.065403 0.000000
    outer loop
      vertex 9.1500 45.0000 4.8000
      vertex 9.1573 45.1109 2.8000
      vertex 9.1573 45.1109 4.8000
    endloop
  endfacet
  facet normal 0.442289 -0.896873 0.000000
    outer loop
      vertex 9.5750 45.7361 4.8000
      vertex 9.5750 45.7361 2.8000
      vertex 9.6747 45.7853 2.8000
    endloop
  endfacet
  facet normal 0.442289 -0.896873 0.000000
    outer loop
      vertex 9.5750 45.7361 4.8000
      vertex 9.6747 45.7853 2.8000
      vertex 9.6747 45.7853 4.8000
    endloop
  endfacet
  facet normal 0.751840 0.659346 0.000000
    outer loop
      vertex 9.3990 24.3990 4.8000
      vertex 9.3990 24.3990 2.8000
      vertex 9.3256 24.4826 2.8000
    endloop
  endfacet
  facet normal 0.751840 0.659346 0.000000
    outer loop
      vertex 9.3990 24.3990 4.8000
      vertex 9.3256 24.4826 2.8000
      vertex 9.3256 24.4826 4.8000
    endloop
  endfacet
  facet normal 0.980785 0.195090 0.000000
    outer loop
      vertex 9.1790 24.7800 4.8000
      vertex 9.1790 24.7800 2.8000
      vertex 9.1573 24.8891 2.8000
    endloop
  endfacet
  facet normal 0.980785 0.195090 0.000000
    outer loop
      vertex 9.1790 24.7800 4.8000
      vertex 9.1573 24.8891 2.8000
      vertex 9.1573 24.8891 4.8000
    endloop
  endfacet
  facet normal -0.555570 -0.831470 -0.000000
    outer loop
      vertex 10.4250 25.7361 4.8000
      vertex 10.4250 25.7361 2.8000
      vertex 10.5174 25.6744 2.8000
    endloop
  endfacet
  facet normal -0.555570 -0.831470 0.000000
    outer loop
      vertex 10.4250 25.7361 4.8000
      vertex 10.5174 25.6744 2.8000
      vertex 10.5174 25.6744 4.8000
    endloop
  endfacet
  facet normal -0.555570 -0.831470 -0.000000
    outer loop
      vertex 10.4250 45.7361 4.8000
      vertex 10.4250 45.7361 2.8000
      vertex 10.5174 45.6744 2.8000
    endloop
  endfacet
  facet normal -0.555570 -0.831470 0.000000
    outer loop
      vertex 10.4250 45.7361 4.8000
      vertex 10.5174 45.6744 2.8000
      vertex 10.5174 45.6744 4.8000
    endloop
  endfacet
  facet normal -1.000000 0.000000 -0.000000
    outer loop
      vertex 0.0000 76.2000 4.8000
      vertex 0.0000 76.2000 2.8000
      vertex 0.0000 0.0000 2.8000
    endloop
  endfacet
  facet normal -1.000000 -0.000000 0.000000
    outer loop
      vertex 0.0000 76.2000 4.8000
      vertex 0.0000 0.0000 2.8000
      vertex 0.0000 0.0000 4.8000
    endloop
  endfacet
  facet normal -0.997859 0.065403 0.000000
    outer loop
      vertex 10.8500 45.0000 4.8000
      vertex 10.8500 45.0000 2.8000
      vertex 10.8427 44.8891 2.8000
    endloop
  endfacet
  facet normal -0.997859 0.065403 0.000000
    outer loop
      vertex 10.8500 45.0000 4.8000
      vertex 10.8427 44.8891 2.8000
      vertex 10.8427 44.8891 4.8000
    endloop
  endfacet
  facet normal -0.896873 0.442289 0.000000
    outer loop
      vertex 10.7853 24.6747 4.8000
      vertex 10.7853 24.6747 2.8000
      vertex 10.7361 24.5750 2.8000
    endloop
  endfacet
  facet normal -0.896873 0.442289 0.000000
    outer loop
      vertex 10.7853 24.6747 4.8000
      vertex 10.7361 24.5750 2.8000
      vertex 10.7361 24.5750 4.8000
    endloop
  endfacet
  facet normal -0.065403 0.997859 0.000000
    outer loop
      vertex 10.1109 44.1573 4.8000
      vertex 10.1109 44.1573 2.8000
      vertex 10.0000 44.1500 2.8000
    endloop
  endfacet
  facet normal -0.065403 0.997859 0.000000
    outer loop
      vertex 10.1109 44.1573 4.8000
      vertex 10.0000 44.1500 2.8000
      vertex 10.0000 44.1500 4.8000
    endloop
  endfacet
  facet normal -0.659346 -0.751840 -0.000000
    outer loop
      vertex 10.5174 25.6744 4.8000
      vertex 10.5174 25.6744 2.8000
      vertex 10.6010 25.6010 2.8000
    endloop
  endfacet
  facet normal -0.659346 -0.751840 0.000000
    outer loop
      vertex 10.5174 25.6744 4.8000
      vertex 10.6010 25.6010 2.8000
      vertex 10.6010 25.6010 4.8000
    endloop
  endfacet
  facet normal -0.896873 0.442289 0.000000
    outer loop
      vertex 10.7853 44.6747 4.8000
      vertex 10.7853 44.6747 2.8000
      vertex 10.7361 44.5750 2.8000
    endloop
  endfacet
  facet normal -0.896873 0.442289 0.000000
    outer loop
      vertex 10.7853 44.6747 4.8000
      vertex 10.7361 44.5750 2.8000
      vertex 10.7361 44.5750 4.8000
    endloop
  endfacet
  facet normal -0.946930 0.321439 0.000000
    outer loop
      vertex 10.8210 24.7800 4.8000
      vertex 10.8210 24.7800 2.8000
      vertex 10.7853 24.6747 2.8000
    endloop
  endfacet
  facet normal -0.946930 0.321439 0.000000
    outer loop
      vertex 10.8210 24.7800 4.8000
      vertex 10.7853 24.6747 2.8000
      vertex 10.7853 24.6747 4.8000
    endloop
  endfacet
  facet normal -0.997859 0.065403 0.000000
    outer loop
      vertex 10.8500 25.0000 4.8000
      vertex 10.8500 25.0000 2.8000
      vertex 10.8427 24.8891 2.8000
    endloop
  endfacet
  facet normal -0.997859 0.065403 0.000000
    outer loop
      vertex 10.8500 25.0000 4.8000
      vertex 10.8427 24.8891 2.8000
      vertex 10.8427 24.8891 4.8000
    endloop
  endfacet
  facet normal -0.442289 -0.896873 -0.000000
    outer loop
      vertex 10.3253 25.7853 4.8000
      vertex 10.3253 25.7853 2.8000
      vertex 10.4250 25.7361 2.8000
    endloop
  endfacet
  facet normal -0.442289 -0.896873 0.000000
    outer loop
      vertex 10.3253 25.7853 4.8000
      vertex 10.4250 25.7361 2.8000
      vertex 10.4250 25.7361 4.8000
    endloop
  endfacet
  facet normal 0.442289 0.896873 0.000000
    outer loop
      vertex 9.6747 24.2147 4.8000
      vertex 9.6747 24.2147 2.8000
      vertex 9.5750 24.2639 2.8000
    endloop
  endfacet
  facet normal 0.442289 0.896873 0.000000
    outer loop
      vertex 9.6747 24.2147 4.8000
      vertex 9.5750 24.2639 2.8000
      vertex 9.5750 24.2639 4.8000
    endloop
  endfacet
  facet normal 0.321439 0.946930 0.000000
    outer loop
      vertex 9.7800 24.1790 4.8000
      vertex 9.7800 24.1790 2.8000
      vertex 9.6747 24.2147 2.8000
    endloop
  endfacet
  facet normal 0.321439 0.946930 0.000000
    outer loop
      vertex 9.7800 24.1790 4.8000
      vertex 9.6747 24.2147 2.8000
      vertex 9.6747 24.2147 4.8000
    endloop
  endfacet
  facet normal -0.980785 -0.195090 -0.000000
    outer loop
      vertex 10.8210 25.2200 4.8000
      vertex 10.8210 25.2200 2.8000
      vertex 10.8427 25.1109 2.8000
    endloop
  endfacet
  facet normal -0.980785 -0.195090 0.000000
    outer loop
      vertex 10.8210 25.2200 4.8000
      vertex 10.8427 25.1109 2.8000
      vertex 10.8427 25.1109 4.8000
    endloop
  endfacet
  facet normal 0.000000 -1.000000 0.000000
    outer loop
      vertex 0.0000 0.0000 4.8000
      vertex 0.0000 0.0000 2.8000
      vertex 7.6500 0.0000 2.8000
    endloop
  endfacet
  facet normal 0.000000 -1.000000 0.000000
    outer loop
      vertex 0.0000 0.0000 4.8000
      vertex 7.6500 0.0000 2.8000
      vertex 7.6500 0.0000 4.8000
    endloop
  endfacet
  facet normal -0.321439 0.946930 0.000000
    outer loop
      vertex 10.3253 44.2147 4.8000
      vertex 10.3253 44.2147 2.8000
      vertex 10.2200 44.1790 2.8000
    endloop
  endfacet
  facet normal -0.321439 0.946930 0.000000
    outer loop
      vertex 10.3253 44.2147 4.8000
      vertex 10.2200 44.1790 2.8000
      vertex 10.2200 44.1790 4.8000
    endloop
  endfacet
  facet normal 0.555570 0.831470 0.000000
    outer loop
      vertex 9.5750 44.2639 4.8000
      vertex 9.5750 44.2639 2.8000
      vertex 9.4826 44.3256 2.8000
    endloop
  endfacet
  facet normal 0.555570 0.831470 0.000000
    outer loop
      vertex 9.5750 44.2639 4.8000
      vertex 9.4826 44.3256 2.8000
      vertex 9.4826 44.3256 4.8000
    endloop
  endfacet
  facet normal 0.000000 1.000000 0.000000
    outer loop
      vertex 12.3500 76.2000 4.8000
      vertex 12.3500 76.2000 2.8000
      vertex 7.6500 76.2000 2.8000
    endloop
  endfacet
  facet normal 0.000000 1.000000 0.000000
    outer loop
      vertex 12.3500 76.2000 4.8000
      vertex 7.6500 76.2000 2.8000
      vertex 7.6500 76.2000 4.8000
    endloop
  endfacet
  facet normal -0.555570 0.831470 0.000000
    outer loop
      vertex 10.5174 44.3256 4.8000
      vertex 10.5174 44.3256 2.8000
      vertex 10.4250 44.2639 2.8000
    endloop
  endfacet
  facet normal -0.555570 0.831470 0.000000
    outer loop
      vertex 10.5174 44.3256 4.8000
      vertex 10.4250 44.2639 2.8000
      vertex 10.4250 44.2639 4.8000
    endloop
  endfacet
  facet normal -0.831470 -0.555570 -0.000000
    outer loop
      vertex 10.6744 25.5174 4.8000
      vertex 10.6744 25.5174 2.8000
      vertex 10.7361 25.4250 2.8000
    endloop
  endfacet
  facet normal -0.831470 -0.555570 0.000000
    outer loop
      vertex 10.6744 25.5174 4.8000
      vertex 10.7361 25.4250 2.8000
      vertex 10.7361 25.4250 4.8000
    endloop
  endfacet
  facet normal 0.000000 -1.000000 0.000000
    outer loop
      vertex 7.6500 0.0000 4.8000
      vertex 7.6500 0.0000 2.8000
      vertex 12.3500 0.0000 2.8000
    endloop
  endfacet
  facet normal 0.000000 -1.000000 0.000000
    outer loop
      vertex 7.6500 0.0000 4.8000
      vertex 12.3500 0.0000 2.8000
      vertex 12.3500 0.0000 4.8000
    endloop
  endfacet
  facet normal 0.321439 -0.946930 0.000000
    outer loop
      vertex 9.6747 45.7853 4.8000
      vertex 9.6747 45.7853 2.8000
      vertex 9.7800 45.8210 2.8000
    endloop
  endfacet
  facet normal 0.321439 -0.946930 0.000000
    outer loop
      vertex 9.6747 45.7853 4.8000
      vertex 9.7800 45.8210 2.8000
      vertex 9.7800 45.8210 4.8000
    endloop
  endfacet
  facet normal 0.946930 -0.321439 0.000000
    outer loop
      vertex 9.1790 45.2200 4.8000
      vertex 9.1790 45.2200 2.8000
      vertex 9.2147 45.3253 2.8000
    endloop
  endfacet
  facet normal 0.946930 -0.321439 0.000000
    outer loop
      vertex 9.1790 45.2200 4.8000
      vertex 9.2147 45.3253 2.8000
      vertex 9.2147 45.3253 4.8000
    endloop
  endfacet
  facet normal 0.555570 -0.831470 0.000000
    outer loop
      vertex 9.4826 45.6744 4.8000
      vertex 9.4826 45.6744 2.8000
      vertex 9.5750 45.7361 2.8000
    endloop
  endfacet
  facet normal 0.555570 -0.831470 0.000000
    outer loop
      vertex 9.4826 45.6744 4.8000
      vertex 9.5750 45.7361 2.8000
      vertex 9.5750 45.7361 4.8000
    endloop
  endfacet
  facet normal -0.946930 -0.321439 -0.000000
    outer loop
      vertex 10.7853 45.3253 4.8000
      vertex 10.7853 45.3253 2.8000
      vertex 10.8210 45.2200 2.8000
    endloop
  endfacet
  facet normal -0.946930 -0.321439 0.000000
    outer loop
      vertex 10.7853 45.3253 4.8000
      vertex 10.8210 45.2200 2.8000
      vertex 10.8210 45.2200 4.8000
    endloop
  endfacet
  facet normal 0.980785 -0.195090 0.000000
    outer loop
      vertex 9.1573 25.1109 4.8000
      vertex 9.1573 25.1109 2.8000
      vertex 9.1790 25.2200 2.8000
    endloop
  endfacet
  facet normal 0.980785 -0.195090 0.000000
    outer loop
      vertex 9.1573 25.1109 4.8000
      vertex 9.1790 25.2200 2.8000
      vertex 9.1790 25.2200 4.8000
    endloop
  endfacet
  facet normal 0.946930 0.321439 0.000000
    outer loop
      vertex 9.2147 24.6747 4.8000
      vertex 9.2147 24.6747 2.8000
      vertex 9.1790 24.7800 2.8000
    endloop
  endfacet
  facet normal 0.946930 0.321439 0.000000
    outer loop
      vertex 9.2147 24.6747 4.8000
      vertex 9.1790 24.7800 2.8000
      vertex 9.1790 24.7800 4.8000
    endloop
  endfacet
  facet normal 0.442289 0.896873 0.000000
    outer loop
      vertex 9.6747 44.2147 4.8000
      vertex 9.6747 44.2147 2.8000
      vertex 9.5750 44.2639 2.8000
    endloop
  endfacet
  facet normal 0.442289 0.896873 0.000000
    outer loop
      vertex 9.6747 44.2147 4.8000
      vertex 9.5750 44.2639 2.8000
      vertex 9.5750 44.2639 4.8000
    endloop
  endfacet
  facet normal 1.000000 0.000000 0.000000
    outer loop
      vertex 20.0000 0.0000 4.8000
      vertex 20.0000 0.0000 2.8000
      vertex 20.0000 76.2000 2.8000
    endloop
  endfacet
  facet normal 1.000000 -0.000000 0.000000
    outer loop
      vertex 20.0000 0.0000 4.8000
      vertex 20.0000 76.2000 2.8000
      vertex 20.0000 76.2000 4.8000
    endloop
  endfacet
  facet normal 0.751840 -0.659346 0.000000
    outer loop
      vertex 9.3256 45.5174 4.8000
      vertex 9.3256 45.5174 2.8000
      vertex 9.3990 45.6010 2.8000
    endloop
  endfacet
  facet normal 0.751840 -0.659346 0.000000
    outer loop
      vertex 9.3256 45.5174 4.8000
      vertex 9.3990 45.6010 2.8000
      vertex 9.3990 45.6010 4.8000
    endloop
  endfacet
  facet normal -0.442289 -0.896873 -0.000000
    outer loop
      vertex 10.3253 45.7853 4.8000
      vertex 10.3253 45.7853 2.8000
      vertex 10.4250 45.7361 2.8000
    endloop
  endfacet
  facet normal -0.442289 -0.896873 0.000000
    outer loop
      vertex 10.3253 45.7853 4.8000
      vertex 10.4250 45.7361 2.8000
      vertex 10.4250 45.7361 4.8000
    endloop
  endfacet
endsolid magnet_bar
