solid pir_bracket
  facet normal 0.000000 0.000000 1.000000
    outer loop
      vertex 0.0000 0.0000 3.0000
      vertex 2.4000 0.0000 3.0000
      vertex 1.8667 10.4444 3.0000
    endloop
  endfacet
  facet normal 0.000000 -0.000000 1.000000
    outer loop
      vertex 2.4000 0.0000 3.0000
      vertex 2.4000 2.4000 3.0000
      vertex 1.8667 10.4444 3.0000
    endloop
  endfacet
  facet normal 0.000000 -0.000000 1.000000
    outer loop
      vertex 2.4000 2.4000 3.0000
      vertex 2.4000 7.6000 3.0000
      vertex 1.8667 10.4444 3.0000
    endloop
  endfacet
  facet normal 0.000000 -0.000000 1.000000
    outer loop
      vertex 2.4000 7.6000 3.0000
      vertex 2.4000 10.0000 3.0000
      vertex 1.8667 10.4444 3.0000
    endloop
  endfacet
  facet normal 0.000000 -0.000000 1.000000
    outer loop
      vertex 2.4000 10.0000 3.0000
      vertex 2.4000 12.4000 3.0000
      vertex 1.8667 10.4444 3.0000
    endloop
  endfacet
  facet normal 0.000000 -0.000000 1.000000
    outer loop
      vertex 2.4000 12.4000 3.0000
      vertex 2.4000 17.6000 3.0000
      vertex 1.8667 10.4444 3.0000
    endloop
  endfacet
  facet normal 0.000000 -0.000000 1.000000
    outer loop
      vertex 2.4000 17.6000 3.0000
      vertex 2.4000 22.0000 3.0000
      vertex 1.8667 10.4444 3.0000
    endloop
  endfacet
  facet normal 0.000000 0.000000 1.000000
    outer loop
      vertex 2.4000 22.0000 3.0000
      vertex 0.0000 22.0000 3.0000
      vertex 1.8667 10.4444 3.0000
    endloop
  endfacet
  facet normal 0.000000 0.000000 1.000000
    outer loop
      vertex 0.0000 22.0000 3.0000
      vertex 0.0000 0.0000 3.0000
      vertex 1.8667 10.4444 3.0000
    endloop
  endfacet
  facet normal 0.000000 0.000000 1.000000
    outer loop
      vertex 2.4000 0.0000 3.0000
      vertex 7.6000 0.0000 3.0000
      vertex 5.0000 1.2000 3.0000
    endloop
  endfacet
  facet normal 0.000000 -0.000000 1.000000
    outer loop
      vertex 7.6000 0.0000 3.0000
      vertex 7.6000 2.4000 3.0000
      vertex 5.0000 1.2000 3.0000
    endloop
  endfacet
  facet normal 0.000000 0.000000 1.000000
    outer loop
      vertex 7.6000 2.4000 3.0000
      vertex 2.4000 2.4000 3.0000
      vertex 5.0000 1.2000 3.0000
    endloop
  endfacet
  facet normal 0.000000 0.000000 1.000000
    outer loop
      vertex 2.4000 2.4000 3.0000
      vertex 2.4000 0.0000 3.0000
      vertex 5.0000 1.2000 3.0000
    endloop
  endfacet
  facet normal 0.000000 0.000000 1.000000
    outer loop
      vertex 2.4000 2.4000 3.0000
      vertex 4.4500 4.0474 3.0000
      vertex 4.3304 4.1273 3.0000
    endloop
  endfacet
  facet normal 0.000000 0.000000 1.000000
    outer loop
      vertex 2.4000 2.4000 3.0000
      vertex 4.5790 3.9837 3.0000
      vertex 4.4500 4.0474 3.0000
    endloop
  endfacet
  facet normal 0.000000 0.000000 1.000000
    outer loop
      vertex 2.4000 2.4000 3.0000
      vertex 4.7153 3.9375 3.0000
      vertex 4.5790 3.9837 3.0000
    endloop
  endfacet
  facet normal 0.000000 0.000000 1.000000
    outer loop
      vertex 2.4000 2.4000 3.0000
      vertex 4.8564 3.9094 3.0000
      vertex 4.7153 3.9375 3.0000
    endloop
  endfacet
  facet normal 0.000000 0.000000 1.000000
    outer loop
      vertex 2.4000 2.4000 3.0000
      vertex 5.0000 3.9000 3.0000
      vertex 4.8564 3.9094 3.0000
    endloop
  endfacet
  facet normal 0.000000 0.000000 1.000000
    outer loop
      vertex 2.4000 2.4000 3.0000
      vertex 5.1436 3.9094 3.0000
      vertex 5.0000 3.9000 3.0000
    endloop
  endfacet
  facet normal 0.000000 0.000000 1.000000
    outer loop
      vertex 2.4000 2.4000 3.0000
      vertex 5.2847 3.9375 3.0000
      vertex 5.1436 3.9094 3.0000
    endloop
  endfacet
  facet normal 0.000000 0.000000 1.000000
    outer loop
      vertex 2.4000 2.4000 3.0000
      vertex 5.4210 3.9837 3.0000
      vertex 5.2847 3.9375 3.0000
    endloop
  endfacet
  facet normal 0.000000 0.000000 1.000000
    outer loop
      vertex 2.4000 2.4000 3.0000
      vertex 5.5500 4.0474 3.0000
      vertex 5.4210 3.9837 3.0000
    endloop
  endfacet
  facet normal 0.000000 0.000000 -1.000000
    outer loop
      vertex 2.4000 2.4000 3.0000
      vertex 5.6696 4.1273 3.0000
      vertex 5.5500 4.0474 3.0000
    endloop
  endfacet
  facet normal 0.000000 0.000000 1.000000
    outer loop
      vertex 2.4000 2.4000 3.0000
      vertex 7.6000 2.4000 3.0000
      vertex 5.6696 4.1273 3.0000
    endloop
  endfacet
  facet normal 0.000000 0.000000 1.000000
    outer loop
      vertex 7.6000 2.4000 3.0000
      vertex 5.7778 4.2222 3.0000
      vertex 5.6696 4.1273 3.0000
    endloop
  endfacet
  facet normal 0.000000 0.000000 1.000000
    outer loop
      vertex 7.6000 2.4000 3.0000
      vertex 5.8727 4.3304 3.0000
      vertex 5.7778 4.2222 3.0000
    endloop
  endfacet
  facet normal 0.000000 0.000000 1.000000
    outer loop
      vertex 7.6000 2.4000 3.0000
      vertex 5.9526 4.4500 3.0000
      vertex 5.8727 4.3304 3.0000
    endloop
  endfacet
  facet normal 0.000000 0.000000 1.000000
    outer loop
      vertex 7.6000 2.4000 3.0000
      vertex 6.0163 4.5790 3.0000
      vertex 5.9526 4.4500 3.0000
    endloop
  endfacet
  facet normal 0.000000 0.000000 1.000000
    outer loop
      vertex 7.6000 2.4000 3.0000
      vertex 6.0625 4.7153 3.0000
      vertex 6.0163 4.5790 3.0000
    endloop
  endfacet
  facet normal 0.000000 0.000000 1.000000
    outer loop
      vertex 7.6000 2.4000 3.0000
      vertex 6.0906 4.8564 3.0000
      vertex 6.0625 4.7153 3.0000
    endloop
  endfacet
  facet normal 0.000000 0.000000 1.000000
    outer loop
      vertex 7.6000 2.4000 3.0000
      vertex 6.1000 5.0000 3.0000
      vertex 6.0906 4.8564 3.0000
    endloop
  endfacet
  facet normal 0.000000 0.000000 1.000000
    outer loop
      vertex 7.6000 2.4000 3.0000
      vertex 6.0906 5.1436 3.0000
      vertex 6.1000 5.0000 3.0000
    endloop
  endfacet
  facet normal 0.000000 0.000000 1.000000
    outer loop
      vertex 7.6000 2.4000 3.0000
      vertex 6.0625 5.2847 3.0000
      vertex 6.0906 5.1436 3.0000
    endloop
  endfacet
  facet normal 0.000000 0.000000 1.000000
    outer loop
      vertex 7.6000 2.4000 3.0000
      vertex 6.0163 5.4210 3.0000
      vertex 6.0625 5.2847 3.0000
    endloop
  endfacet
  facet normal 0.000000 0.000000 1.000000
    outer loop
      vertex 7.6000 2.4000 3.0000
      vertex 5.9526 5.5500 3.0000
      vertex 6.0163 5.4210 3.0000
    endloop
  endfacet
  facet normal 0.000000 0.000000 -1.000000
    outer loop
      vertex 7.6000 2.4000 3.0000
      vertex 5.8727 5.6696 3.0000
      vertex 5.9526 5.5500 3.0000
    endloop
  endfacet
  facet normal 0.000000 -0.000000 1.000000
    outer loop
      vertex 7.6000 2.4000 3.0000
      vertex 7.6000 7.6000 3.0000
      vertex 5.8727 5.6696 3.0000
    endloop
  endfacet
  facet normal 0.000000 0.000000 1.000000
    outer loop
      vertex 7.6000 7.6000 3.0000
      vertex 5.7778 5.7778 3.0000
      vertex 5.8727 5.6696 3.0000
    endloop
  endfacet
  facet normal 0.000000 0.000000 1.000000
    outer loop
      vertex 7.6000 7.6000 3.0000
      vertex 5.6696 5.8727 3.0000
      vertex 5.7778 5.7778 3.0000
    endloop
  endfacet
  facet normal 0.000000 0.000000 1.000000
    outer loop
      vertex 7.6000 7.6000 3.0000
      vertex 5.5500 5.9526 3.0000
      vertex 5.6696 5.8727 3.0000
    endloop
  endfacet
  facet normal 0.000000 0.000000 1.000000
    outer loop
      vertex 7.6000 7.6000 3.0000
      vertex 5.4210 6.0163 3.0000
      vertex 5.5500 5.9526 3.0000
    endloop
  endfacet
  facet normal 0.000000 0.000000 1.000000
    outer loop
      vertex 7.6000 7.6000 3.0000
      vertex 5.2847 6.0625 3.0000
      vertex 5.4210 6.0163 3.0000
    endloop
  endfacet
  facet normal 0.000000 0.000000 1.000000
    outer loop
      vertex 7.6000 7.6000 3.0000
      vertex 5.1436 6.0906 3.0000
      vertex 5.2847 6.0625 3.0000
    endloop
  endfacet
  facet normal 0.000000 0.000000 1.000000
    outer loop
      vertex 7.6000 7.6000 3.0000
      vertex 5.0000 6.1000 3.0000
      vertex 5.1436 6.0906 3.0000
    endloop
  endfacet
  facet normal 0.000000 0.000000 1.000000
    outer loop
      vertex 7.6000 7.6000 3.0000
      vertex 4.8564 6.0906 3.0000
      vertex 5.0000 6.1000 3.0000
    endloop
  endfacet
  facet normal 0.000000 0.000000 1.000000
    outer loop
      vertex 7.6000 7.6000 3.0000
      vertex 4.7153 6.0625 3.0000
      vertex 4.8564 6.0906 3.0000
    endloop
  endfacet
  facet normal 0.000000 0.000000 1.000000
    outer loop
      vertex 7.6000 7.6000 3.0000
      vertex 4.5790 6.0163 3.0000
      vertex 4.7153 6.0625 3.0000
    endloop
  endfacet
  facet normal 0.000000 0.000000 1.000000
    outer loop
      vertex 7.6000 7.6000 3.0000
      vertex 4.4500 5.9526 3.0000
      vertex 4.5790 6.0163 3.0000
    endloop
  endfacet
  facet normal 0.000000 0.000000 -1.000000
    outer loop
      vertex 7.6000 7.6000 3.0000
      vertex 4.3304 5.8727 3.0000
      vertex 4.4500 5.9526 3.0000
    endloop
  endfacet
  facet normal 0.000000 0.000000 1.000000
    outer loop
      vertex 7.6000 7.6000 3.0000
      vertex 2.4000 7.6000 3.0000
      vertex 4.3304 5.8727 3.0000
    endloop
  endfacet
  facet normal 0.000000 0.000000 1.000000
    outer loop
      vertex 2.4000 7.6000 3.0000
      vertex 4.2222 5.7778 3.0000
      vertex 4.3304 5.8727 3.0000
    endloop
  endfacet
  facet normal 0.000000 0.000000 1.000000
    outer loop
      vertex 2.4000 7.6000 3.0000
      vertex 4.1273 5.6696 3.0000
      vertex 4.2222 5.7778 3.0000
    endloop
  endfacet
  facet normal 0.000000 0.000000 1.000000
    outer loop
      vertex 2.4000 7.6000 3.0000
      vertex 4.0474 5.5500 3.0000
      vertex 4.1273 5.6696 3.0000
    endloop
  endfacet
  facet normal 0.000000 0.000000 1.000000
    outer loop
      vertex 2.4000 7.6000 3.0000
      vertex 3.9837 5.4210 3.0000
      vertex 4.0474 5.5500 3.0000
    endloop
  endfacet
  facet normal 0.000000 0.000000 1.000000
    outer loop
      vertex 2.4000 7.6000 3.0000
      vertex 3.9375 5.2847 3.0000
      vertex 3.9837 5.4210 3.0000
    endloop
  endfacet
  facet normal 0.000000 0.000000 1.000000
    outer loop
      vertex 2.4000 7.6000 3.0000
      vertex 3.9094 5.1436 3.0000
      vertex 3.9375 5.2847 3.0000
    endloop
  endfacet
  facet normal 0.000000 0.000000 1.000000
    outer loop
      vertex 2.4000 7.6000 3.0000
      vertex 3.9000 5.0000 3.0000
      vertex 3.9094 5.1436 3.0000
    endloop
  endfacet
  facet normal 0.000000 0.000000 1.000000
    outer loop
      vertex 2.4000 7.6000 3.0000
      vertex 3.9094 4.8564 3.0000
      vertex 3.9000 5.0000 3.0000
    endloop
  endfacet
  facet normal 0.000000 0.000000 1.000000
    outer loop
      vertex 2.4000 7.6000 3.0000
      vertex 3.9375 4.7153 3.0000
      vertex 3.9094 4.8564 3.0000
    endloop
  endfacet
  facet normal 0.000000 0.000000 1.000000
    outer loop
      vertex 2.4000 7.6000 3.0000
      vertex 3.9837 4.5790 3.0000
      vertex 3.9375 4.7153 3.0000
    endloop
  endfacet
  facet normal 0.000000 0.000000 1.000000
    outer loop
      vertex 2.4000 7.6000 3.0000
      vertex 4.0474 4.4500 3.0000
      vertex 3.9837 4.5790 3.0000
    endloop
  endfacet
  facet normal 0.000000 0.000000 -1.000000
    outer loop
      vertex 2.4000 7.6000 3.0000
      vertex 4.1273 4.3304 3.0000
      vertex 4.0474 4.4500 3.0000
    endloop
  endfacet
  facet normal 0.000000 0.000000 1.000000
    outer loop
      vertex 2.4000 7.6000 3.0000
      vertex 2.4000 2.4000 3.0000
      vertex 4.1273 4.3304 3.0000
    endloop
  endfacet
  facet normal 0.000000 0.000000 1.000000
    outer loop
      vertex 2.4000 2.4000 3.0000
      vertex 4.2222 4.2222 3.0000
      vertex 4.1273 4.3304 3.0000
    endloop
  endfacet
  facet normal 0.000000 0.000000 1.000000
    outer loop
      vertex 2.4000 2.4000 3.0000
      vertex 4.3304 4.1273 3.0000
      vertex 4.2222 4.2222 3.0000
    endloop
  endfacet
  facet normal 0.000000 0.000000 1.000000
    outer loop
      vertex 2.4000 7.6000 3.0000
      vertex 7.6000 7.6000 3.0000
      vertex 5.0000 8.8000 3.0000
    endloop
  endfacet
  facet normal 0.000000 -0.000000 1.000000
    outer loop
      vertex 7.6000 7.6000 3.0000
      vertex 7.6000 10.0000 3.0000
      vertex 5.0000 8.8000 3.0000
    endloop
  endfacet
  facet normal 0.000000 0.000000 1.000000
    outer loop
      vertex 7.6000 10.0000 3.0000
      vertex 2.4000 10.0000 3.0000
      vertex 5.0000 8.8000 3.0000
    endloop
  endfacet
  facet normal 0.000000 0.000000 1.000000
    outer loop
      vertex 2.4000 10.0000 3.0000
      vertex 2.4000 7.6000 3.0000
      vertex 5.0000 8.8000 3.0000
    endloop
  endfacet
  facet normal 0.000000 0.000000 1.000000
    outer loop
      vertex 2.4000 10.0000 3.0000
      vertex 7.6000 10.0000 3.0000
      vertex 5.0000 11.2000 3.0000
    endloop
  endfacet
  facet normal 0.000000 -0.000000 1.000000
    outer loop
      vertex 7.6000 10.0000 3.0000
      vertex 7.6000 12.4000 3.0000
      vertex 5.0000 11.2000 3.0000
    endloop
  endfacet
  facet normal 0.000000 0.000000 1.000000
    outer loop
      vertex 7.6000 12.4000 3.0000
      vertex 2.4000 12.4000 3.0000
      vertex 5.0000 11.2000 3.0000
    endloop
  endfacet
  facet normal 0.000000 0.000000 1.000000
    outer loop
      vertex 2.4000 12.4000 3.0000
      vertex 2.4000 10.0000 3.0000
      vertex 5.0000 11.2000 3.0000
    endloop
  endfacet
  facet normal 0.000000 0.000000 1.000000
    outer loop
      vertex 2.4000 12.4000 3.0000
      vertex 4.3304 14.1273 3.0000
      vertex 4.2222 14.2222 3.0000
    endloop
  endfacet
  facet normal 0.000000 0.000000 1.000000
    outer loop
      vertex 2.4000 12.4000 3.0000
      vertex 4.4500 14.0474 3.0000
      vertex 4.3304 14.1273 3.0000
    endloop
  endfacet
  facet normal 0.000000 0.000000 1.000000
    outer loop
      vertex 2.4000 12.4000 3.0000
      vertex 4.5790 13.9837 3.0000
      vertex 4.4500 14.0474 3.0000
    endloop
  endfacet
  facet normal 0.000000 0.000000 1.000000
    outer loop
      vertex 2.4000 12.4000 3.0000
      vertex 4.7153 13.9375 3.0000
      vertex 4.5790 13.9837 3.0000
    endloop
  endfacet
  facet normal 0.000000 0.000000 1.000000
    outer loop
      vertex 2.4000 12.4000 3.0000
      vertex 4.8564 13.9094 3.0000
      vertex 4.7153 13.9375 3.0000
    endloop
  endfacet
  facet normal 0.000000 0.000000 1.000000
    outer loop
      vertex 2.4000 12.4000 3.0000
      vertex 5.0000 13.9000 3.0000
      vertex 4.8564 13.9094 3.0000
    endloop
  endfacet
  facet normal 0.000000 0.000000 1.000000
    outer loop
      vertex 2.4000 12.4000 3.0000
      vertex 5.1436 13.9094 3.0000
      vertex 5.0000 13.9000 3.0000
    endloop
  endfacet
  facet normal 0.000000 0.000000 1.000000
    outer loop
      vertex 2.4000 12.4000 3.0000
      vertex 5.2847 13.9375 3.0000
      vertex 5.1436 13.9094 3.0000
    endloop
  endfacet
  facet normal 0.000000 0.000000 1.000000
    outer loop
      vertex 2.4000 12.4000 3.0000
      vertex 5.4210 13.9837 3.0000
      vertex 5.2847 13.9375 3.0000
    endloop
  endfacet
  facet normal 0.000000 0.000000 1.000000
    outer loop
      vertex 2.4000 12.4000 3.0000
      vertex 5.5500 14.0474 3.0000
      vertex 5.4210 13.9837 3.0000
    endloop
  endfacet
  facet normal 0.000000 0.000000 -1.000000
    outer loop
      vertex 2.4000 12.4000 3.0000
      vertex 5.6696 14.1273 3.0000
      vertex 5.5500 14.0474 3.0000
    endloop
  endfacet
  facet normal 0.000000 0.000000 1.000000
    outer loop
      vertex 2.4000 12.4000 3.0000
      vertex 7.6000 12.4000 3.0000
      vertex 5.6696 14.1273 3.0000
    endloop
  endfacet
  facet normal 0.000000 0.000000 1.000000
    outer loop
      vertex 7.6000 12.4000 3.0000
      vertex 5.7778 14.2222 3.0000
      vertex 5.6696 14.1273 3.0000
    endloop
  endfacet
  facet normal 0.000000 0.000000 1.000000
    outer loop
      vertex 7.6000 12.4000 3.0000
      vertex 5.8727 14.3304 3.0000
      vertex 5.7778 14.2222 3.0000
    endloop
  endfacet
  facet normal 0.000000 0.000000 1.000000
    outer loop
      vertex 7.6000 12.4000 3.0000
      vertex 5.9526 14.4500 3.0000
      vertex 5.8727 14.3304 3.0000
    endloop
  endfacet
  facet normal 0.000000 0.000000 1.000000
    outer loop
      vertex 7.6000 12.4000 3.0000
      vertex 6.0163 14.5790 3.0000
      vertex 5.9526 14.4500 3.0000
    endloop
  endfacet
  facet normal 0.000000 0.000000 1.000000
    outer loop
      vertex 7.6000 12.4000 3.0000
      vertex 6.0625 14.7153 3.0000
      vertex 6.0163 14.5790 3.0000
    endloop
  endfacet
  facet normal 0.000000 0.000000 1.000000
    outer loop
      vertex 7.6000 12.4000 3.0000
      vertex 6.0906 14.8564 3.0000
      vertex 6.0625 14.7153 3.0000
    endloop
  endfacet
  facet normal 0.000000 0.000000 1.000000
    outer loop
      vertex 7.6000 12.4000 3.0000
      vertex 6.1000 15.0000 3.0000
      vertex 6.0906 14.8564 3.0000
    endloop
  endfacet
  facet normal 0.000000 0.000000 1.000000
    outer loop
      vertex 7.6000 12.4000 3.0000
      vertex 6.0906 15.1436 3.0000
      vertex 6.1000 15.0000 3.0000
    endloop
  endfacet
  facet normal 0.000000 0.000000 1.000000
    outer loop
      vertex 7.6000 12.4000 3.0000
      vertex 6.0625 15.2847 3.0000
      vertex 6.0906 15.1436 3.0000
    endloop
  endfacet
  facet normal 0.000000 0.000000 1.000000
    outer loop
      vertex 7.6000 12.4000 3.0000
      vertex 6.0163 15.4210 3.0000
      vertex 6.0625 15.2847 3.0000
    endloop
  endfacet
  facet normal 0.000000 0.000000 1.000000
    outer loop
      vertex 7.6000 12.4000 3.0000
      vertex 5.9526 15.5500 3.0000
      vertex 6.0163 15.4210 3.0000
    endloop
  endfacet
  facet normal 0.000000 0.000000 -1.000000
    outer loop
      vertex 7.6000 12.4000 3.0000
      vertex 5.8727 15.6696 3.0000
      vertex 5.9526 15.5500 3.0000
    endloop
  endfacet
  facet normal 0.000000 0.000000 -1.000000
    outer loop
      vertex 7.6000 12.4000 3.0000
      vertex 5.7778 15.7778 3.0000
      vertex 5.8727 15.6696 3.0000
    endloop
  endfacet
  facet normal 0.000000 -0.000000 1.000000
    outer loop
      vertex 7.6000 12.4000 3.0000
      vertex 7.6000 17.6000 3.0000
      vertex 5.7778 15.7778 3.0000
    endloop
  endfacet
  facet normal 0.000000 0.000000 1.000000
    outer loop
      vertex 7.6000 17.6000 3.0000
      vertex 5.6696 15.8727 3.0000
      vertex 5.7778 15.7778 3.0000
    endloop
  endfacet
  facet normal 0.000000 0.000000 1.000000
    outer loop
      vertex 7.6000 17.6000 3.0000
      vertex 5.5500 15.9526 3.0000
      vertex 5.6696 15.8727 3.0000
    endloop
  endfacet
  facet normal 0.000000 0.000000 1.000000
    outer loop
      vertex 7.6000 17.6000 3.0000
      vertex 5.4210 16.0163 3.0000
      vertex 5.5500 15.9526 3.0000
    endloop
  endfacet
  facet normal 0.000000 0.000000 1.000000
    outer loop
      vertex 7.6000 17.6000 3.0000
      vertex 5.2847 16.0625 3.0000
      vertex 5.4210 16.0163 3.0000
    endloop
  endfacet
  facet normal 0.000000 0.000000 1.000000
    outer loop
      vertex 7.6000 17.6000 3.0000
      vertex 5.1436 16.0906 3.0000
      vertex 5.2847 16.0625 3.0000
    endloop
  endfacet
  facet normal 0.000000 0.000000 1.000000
    outer loop
      vertex 7.6000 17.6000 3.0000
      vertex 5.0000 16.1000 3.0000
      vertex 5.1436 16.0906 3.0000
    endloop
  endfacet
  facet normal 0.000000 0.000000 1.000000
    outer loop
      vertex 7.6000 17.6000 3.0000
      vertex 4.8564 16.0906 3.0000
      vertex 5.0000 16.1000 3.0000
    endloop
  endfacet
  facet normal 0.000000 0.000000 1.000000
    outer loop
      vertex 7.6000 17.6000 3.0000
      vertex 4.7153 16.0625 3.0000
      vertex 4.8564 16.0906 3.0000
    endloop
  endfacet
  facet normal 0.000000 0.000000 1.000000
    outer loop
      vertex 7.6000 17.6000 3.0000
      vertex 4.5790 16.0163 3.0000
      vertex 4.7153 16.0625 3.0000
    endloop
  endfacet
  facet normal 0.000000 0.000000 1.000000
    outer loop
      vertex 7.6000 17.6000 3.0000
      vertex 4.4500 15.9526 3.0000
      vertex 4.5790 16.0163 3.0000
    endloop
  endfacet
  facet normal 0.000000 0.000000 -1.000000
    outer loop
      vertex 7.6000 17.6000 3.0000
      vertex 4.3304 15.8727 3.0000
      vertex 4.4500 15.9526 3.0000
    endloop
  endfacet
  facet normal 0.000000 0.000000 1.000000
    outer loop
      vertex 7.6000 17.6000 3.0000
      vertex 2.4000 17.6000 3.0000
      vertex 4.3304 15.8727 3.0000
    endloop
  endfacet
  facet normal 0.000000 0.000000 1.000000
    outer loop
      vertex 2.4000 17.6000 3.0000
      vertex 4.2222 15.7778 3.0000
      vertex 4.3304 15.8727 3.0000
    endloop
  endfacet
  facet normal 0.000000 0.000000 1.000000
    outer loop
      vertex 2.4000 17.6000 3.0000
      vertex 4.1273 15.6696 3.0000
      vertex 4.2222 15.7778 3.0000
    endloop
  endfacet
  facet normal 0.000000 0.000000 1.000000
    outer loop
      vertex 2.4000 17.6000 3.0000
      vertex 4.0474 15.5500 3.0000
      vertex 4.1273 15.6696 3.0000
    endloop
  endfacet
  facet normal 0.000000 0.000000 1.000000
    outer loop
      vertex 2.4000 17.6000 3.0000
      vertex 3.9837 15.4210 3.0000
      vertex 4.0474 15.5500 3.0000
    endloop
  endfacet
  facet normal 0.000000 0.000000 1.000000
    outer loop
      vertex 2.4000 17.6000 3.0000
      vertex 3.9375 15.2847 3.0000
      vertex 3.9837 15.4210 3.0000
    endloop
  endfacet
  facet normal 0.000000 0.000000 1.000000
    outer loop
      vertex 2.4000 17.6000 3.0000
      vertex 3.9094 15.1436 3.0000
      vertex 3.9375 15.2847 3.0000
    endloop
  endfacet
  facet normal 0.000000 0.000000 1.000000
    outer loop
      vertex 2.4000 17.6000 3.0000
      vertex 3.9000 15.0000 3.0000
      vertex 3.9094 15.1436 3.0000
    endloop
  endfacet
  facet normal 0.000000 0.000000 1.000000
    outer loop
      vertex 2.4000 17.6000 3.0000
      vertex 3.9094 14.8564 3.0000
      vertex 3.9000 15.0000 3.0000
    endloop
  endfacet
  facet normal 0.000000 0.000000 1.000000
    outer loop
      vertex 2.4000 17.6000 3.0000
      vertex 3.9375 14.7153 3.0000
      vertex 3.9094 14.8564 3.0000
    endloop
  endfacet
  facet normal 0.000000 0.000000 1.000000
    outer loop
      vertex 2.4000 17.6000 3.0000
      vertex 3.9837 14.5790 3.0000
      vertex 3.9375 14.7153 3.0000
    endloop
  endfacet
  facet normal 0.000000 0.000000 1.000000
    outer loop
      vertex 2.4000 17.6000 3.0000
      vertex 4.0474 14.4500 3.0000
      vertex 3.9837 14.5790 3.0000
    endloop
  endfacet
  facet normal 0.000000 0.000000 -1.000000
    outer loop
      vertex 2.4000 17.6000 3.0000
      vertex 4.1273 14.3304 3.0000
      vertex 4.0474 14.4500 3.0000
    endloop
  endfacet
  facet normal 0.000000 0.000000 1.000000
    outer loop
      vertex 2.4000 17.6000 3.0000
      vertex 2.4000 12.4000 3.0000
      vertex 4.1273 14.3304 3.0000
    endloop
  endfacet
  facet normal 0.000000 0.000000 1.000000
    outer loop
      vertex 2.4000 12.4000 3.0000
      vertex 4.2222 14.2222 3.0000
      vertex 4.1273 14.3304 3.0000
    endloop
  endfacet
  facet normal 0.000000 0.000000 1.000000
    outer loop
      vertex 2.4000 17.6000 3.0000
      vertex 7.6000 17.6000 3.0000
      vertex 5.0000 19.8000 3.0000
    endloop
  endfacet
  facet normal 0.000000 -0.000000 1.000000
    outer loop
      vertex 7.6000 17.6000 3.0000
      vertex 7.6000 22.0000 3.0000
      vertex 5.0000 19.8000 3.0000
    endloop
  endfacet
  facet normal 0.000000 0.000000 1.000000
    outer loop
      vertex 7.6000 22.0000 3.0000
      vertex 2.4000 22.0000 3.0000
      vertex 5.0000 19.8000 3.0000
    endloop
  endfacet
  facet normal 0.000000 0.000000 1.000000
    outer loop
      vertex 2.4000 22.0000 3.0000
      vertex 2.4000 17.6000 3.0000
      vertex 5.0000 19.8000 3.0000
    endloop
  endfacet
  facet normal 0.000000 0.000000 1.000000
    outer loop
      vertex 7.6000 0.0000 3.0000
      vertex 25.0000 0.0000 3.0000
      vertex 11.4667 10.4444 3.0000
    endloop
  endfacet
  facet normal 0.000000 -0.000000 1.000000
    outer loop
      vertex 25.0000 0.0000 3.0000
      vertex 25.0000 22.0000 3.0000
      vertex 11.4667 10.4444 3.0000
    endloop
  endfacet
  facet normal 0.000000 0.000000 1.000000
    outer loop
      vertex 25.0000 22.0000 3.0000
      vertex 7.6000 22.0000 3.0000
      vertex 11.4667 10.4444 3.0000
    endloop
  endfacet
  facet normal 0.000000 0.000000 1.000000
    outer loop
      vertex 7.6000 22.0000 3.0000
      vertex 7.6000 17.6000 3.0000
      vertex 11.4667 10.4444 3.0000
    endloop
  endfacet
  facet normal 0.000000 0.000000 1.000000
    outer loop
      vertex 7.6000 17.6000 3.0000
      vertex 7.6000 12.4000 3.0000
      vertex 11.4667 10.4444 3.0000
    endloop
  endfacet
  facet normal 0.000000 0.000000 1.000000
    outer loop
      vertex 7.6000 12.4000 3.0000
      vertex 7.6000 10.0000 3.0000
      vertex 11.4667 10.4444 3.0000
    endloop
  endfacet
  facet normal -0.000000 0.000000 1.000000
    outer loop
      vertex 7.6000 10.0000 3.0000
      vertex 7.6000 7.6000 3.0000
      vertex 11.4667 10.4444 3.0000
    endloop
  endfacet
  facet normal -0.000000 0.000000 1.000000
    outer loop
      vertex 7.6000 7.6000 3.0000
      vertex 7.6000 2.4000 3.0000
      vertex 11.4667 10.4444 3.0000
    endloop
  endfacet
  facet normal -0.000000 0.000000 1.000000
    outer loop
      vertex 7.6000 2.4000 3.0000
      vertex 7.6000 0.0000 3.0000
      vertex 11.4667 10.4444 3.0000
    endloop
  endfacet
  facet normal 0.000000 0.000000 1.000000
    outer loop
      vertex 25.0000 0.0000 3.0000
      vertex 42.4000 0.0000 3.0000
      vertex 38.5333 10.4444 3.0000
    endloop
  endfacet
  facet normal 0.000000 -0.000000 1.000000
    outer loop
      vertex 42.4000 0.0000 3.0000
      vertex 42.4000 2.4000 3.0000
      vertex 38.5333 10.4444 3.0000
    endloop
  endfacet
  facet normal 0.000000 -0.000000 1.000000
    outer loop
      vertex 42.4000 2.4000 3.0000
      vertex 42.4000 7.6000 3.0000
      vertex 38.5333 10.4444 3.0000
    endloop
  endfacet
  facet normal 0.000000 -0.000000 1.000000
    outer loop
      vertex 42.4000 7.6000 3.0000
      vertex 42.4000 10.0000 3.0000
      vertex 38.5333 10.4444 3.0000
    endloop
  endfacet
  facet normal 0.000000 -0.000000 1.000000
    outer loop
      vertex 42.4000 10.0000 3.0000
      vertex 42.4000 12.4000 3.0000
      vertex 38.5333 10.4444 3.0000
    endloop
  endfacet
  facet normal 0.000000 -0.000000 1.000000
    outer loop
      vertex 42.4000 12.4000 3.0000
      vertex 42.4000 17.6000 3.0000
      vertex 38.5333 10.4444 3.0000
    endloop
  endfacet
  facet normal 0.000000 -0.000000 1.000000
    outer loop
      vertex 42.4000 17.6000 3.0000
      vertex 42.4000 22.0000 3.0000
      vertex 38.5333 10.4444 3.0000
    endloop
  endfacet
  facet normal 0.000000 0.000000 1.000000
    outer loop
      vertex 42.4000 22.0000 3.0000
      vertex 25.0000 22.0000 3.0000
      vertex 38.5333 10.4444 3.0000
    endloop
  endfacet
  facet normal 0.000000 0.000000 1.000000
    outer loop
      vertex 25.0000 22.0000 3.0000
      vertex 25.0000 0.0000 3.0000
      vertex 38.5333 10.4444 3.0000
    endloop
  endfacet
  facet normal 0.000000 0.000000 1.000000
    outer loop
      vertex 42.4000 0.0000 3.0000
      vertex 47.6000 0.0000 3.0000
      vertex 45.0000 1.2000 3.0000
    endloop
  endfacet
  facet normal 0.000000 -0.000000 1.000000
    outer loop
      vertex 47.6000 0.0000 3.0000
      vertex 47.6000 2.4000 3.0000
      vertex 45.0000 1.2000 3.0000
    endloop
  endfacet
  facet normal 0.000000 0.000000 1.000000
    outer loop
      vertex 47.6000 2.4000 3.0000
      vertex 42.4000 2.4000 3.0000
      vertex 45.0000 1.2000 3.0000
    endloop
  endfacet
  facet normal 0.000000 0.000000 1.000000
    outer loop
      vertex 42.4000 2.4000 3.0000
      vertex 42.4000 0.0000 3.0000
      vertex 45.0000 1.2000 3.0000
    endloop
  endfacet
  facet normal 0.000000 0.000000 1.000000
    outer loop
      vertex 42.4000 2.4000 3.0000
      vertex 44.4500 4.0474 3.0000
      vertex 44.3304 4.1273 3.0000
    endloop
  endfacet
  facet normal 0.000000 0.000000 1.000000
    outer loop
      vertex 42.4000 2.4000 3.0000
      vertex 44.5790 3.9837 3.0000
      vertex 44.4500 4.0474 3.0000
    endloop
  endfacet
  facet normal 0.000000 0.000000 1.000000
    outer loop
      vertex 42.4000 2.4000 3.0000
      vertex 44.7153 3.9375 3.0000
      vertex 44.5790 3.9837 3.0000
    endloop
  endfacet
  facet normal 0.000000 0.000000 1.000000
    outer loop
      vertex 42.4000 2.4000 3.0000
      vertex 44.8564 3.9094 3.0000
      vertex 44.7153 3.9375 3.0000
    endloop
  endfacet
  facet normal 0.000000 0.000000 1.000000
    outer loop
      vertex 42.4000 2.4000 3.0000
      vertex 45.0000 3.9000 3.0000
      vertex 44.8564 3.9094 3.0000
    endloop
  endfacet
  facet normal 0.000000 0.000000 1.000000
    outer loop
      vertex 42.4000 2.4000 3.0000
      vertex 45.1436 3.9094 3.0000
      vertex 45.0000 3.9000 3.0000
    endloop
  endfacet
  facet normal 0.000000 0.000000 1.000000
    outer loop
      vertex 42.4000 2.4000 3.0000
      vertex 45.2847 3.9375 3.0000
      vertex 45.1436 3.9094 3.0000
    endloop
  endfacet
  facet normal 0.000000 0.000000 1.000000
    outer loop
      vertex 42.4000 2.4000 3.0000
      vertex 45.4210 3.9837 3.0000
      vertex 45.2847 3.9375 3.0000
    endloop
  endfacet
  facet normal 0.000000 0.000000 1.000000
    outer loop
      vertex 42.4000 2.4000 3.0000
      vertex 45.5500 4.0474 3.0000
      vertex 45.4210 3.9837 3.0000
    endloop
  endfacet
  facet normal 0.000000 0.000000 -1.000000
    outer loop
      vertex 42.4000 2.4000 3.0000
      vertex 45.6696 4.1273 3.0000
      vertex 45.5500 4.0474 3.0000
    endloop
  endfacet
  facet normal 0.000000 0.000000 1.000000
    outer loop
      vertex 42.4000 2.4000 3.0000
      vertex 47.6000 2.4000 3.0000
      vertex 45.6696 4.1273 3.0000
    endloop
  endfacet
  facet normal 0.000000 0.000000 1.000000
    outer loop
      vertex 47.6000 2.4000 3.0000
      vertex 45.7778 4.2222 3.0000
      vertex 45.6696 4.1273 3.0000
    endloop
  endfacet
  facet normal 0.000000 0.000000 1.000000
    outer loop
      vertex 47.6000 2.4000 3.0000
      vertex 45.8727 4.3304 3.0000
      vertex 45.7778 4.2222 3.0000
    endloop
  endfacet
  facet normal 0.000000 0.000000 1.000000
    outer loop
      vertex 47.6000 2.4000 3.0000
      vertex 45.9526 4.4500 3.0000
      vertex 45.8727 4.3304 3.0000
    endloop
  endfacet
  facet normal 0.000000 0.000000 1.000000
    outer loop
      vertex 47.6000 2.4000 3.0000
      vertex 46.0163 4.5790 3.0000
      vertex 45.9526 4.4500 3.0000
    endloop
  endfacet
  facet normal 0.000000 0.000000 1.000000
    outer loop
      vertex 47.6000 2.4000 3.0000
      vertex 46.0625 4.7153 3.0000
      vertex 46.0163 4.5790 3.0000
    endloop
  endfacet
  facet normal 0.000000 0.000000 1.000000
    outer loop
      vertex 47.6000 2.4000 3.0000
      vertex 46.0906 4.8564 3.0000
      vertex 46.0625 4.7153 3.0000
    endloop
  endfacet
  facet normal 0.000000 0.000000 1.000000
    outer loop
      vertex 47.6000 2.4000 3.0000
      vertex 46.1000 5.0000 3.0000
      vertex 46.0906 4.8564 3.0000
    endloop
  endfacet
  facet normal 0.000000 0.000000 1.000000
    outer loop
      vertex 47.6000 2.4000 3.0000
      vertex 46.0906 5.1436 3.0000
      vertex 46.1000 5.0000 3.0000
    endloop
  endfacet
  facet normal 0.000000 0.000000 1.000000
    outer loop
      vertex 47.6000 2.4000 3.0000
      vertex 46.0625 5.2847 3.0000
      vertex 46.0906 5.1436 3.0000
    endloop
  endfacet
  facet normal 0.000000 0.000000 1.000000
    outer loop
      vertex 47.6000 2.4000 3.0000
      vertex 46.0163 5.4210 3.0000
      vertex 46.0625 5.2847 3.0000
    endloop
  endfacet
  facet normal 0.000000 0.000000 1.000000
    outer loop
      vertex 47.6000 2.4000 3.0000
      vertex 45.9526 5.5500 3.0000
      vertex 46.0163 5.4210 3.0000
    endloop
  endfacet
  facet normal 0.000000 0.000000 -1.000000
    outer loop
      vertex 47.6000 2.4000 3.0000
      vertex 45.8727 5.6696 3.0000
      vertex 45.9526 5.5500 3.0000
    endloop
  endfacet
  facet normal 0.000000 0.000000 -1.000000
    outer loop
      vertex 47.6000 2.4000 3.0000
      vertex 45.7778 5.7778 3.0000
      vertex 45.8727 5.6696 3.0000
    endloop
  endfacet
  facet normal 0.000000 -0.000000 1.000000
    outer loop
      vertex 47.6000 2.4000 3.0000
      vertex 47.6000 7.6000 3.0000
      vertex 45.7778 5.7778 3.0000
    endloop
  endfacet
  facet normal 0.000000 0.000000 1.000000
    outer loop
      vertex 47.6000 7.6000 3.0000
      vertex 45.6696 5.8727 3.0000
      vertex 45.7778 5.7778 3.0000
    endloop
  endfacet
  facet normal 0.000000 0.000000 1.000000
    outer loop
      vertex 47.6000 7.6000 3.0000
      vertex 45.5500 5.9526 3.0000
      vertex 45.6696 5.8727 3.0000
    endloop
  endfacet
  facet normal 0.000000 0.000000 1.000000
    outer loop
      vertex 47.6000 7.6000 3.0000
      vertex 45.4210 6.0163 3.0000
      vertex 45.5500 5.9526 3.0000
    endloop
  endfacet
  facet normal 0.000000 0.000000 1.000000
    outer loop
      vertex 47.6000 7.6000 3.0000
      vertex 45.2847 6.0625 3.0000
      vertex 45.4210 6.0163 3.0000
    endloop
  endfacet
  facet normal 0.000000 0.000000 1.000000
    outer loop
      vertex 47.6000 7.6000 3.0000
      vertex 45.1436 6.0906 3.0000
      vertex 45.2847 6.0625 3.0000
    endloop
  endfacet
  facet normal 0.000000 0.000000 1.000000
    outer loop
      vertex 47.6000 7.6000 3.0000
      vertex 45.0000 6.1000 3.0000
      vertex 45.1436 6.0906 3.0000
    endloop
  endfacet
  facet normal 0.000000 0.000000 1.000000
    outer loop
      vertex 47.6000 7.6000 3.0000
      vertex 44.8564 6.0906 3.0000
      vertex 45.0000 6.1000 3.0000
    endloop
  endfacet
  facet normal 0.000000 0.000000 1.000000
    outer loop
      vertex 47.6000 7.6000 3.0000
      vertex 44.7153 6.0625 3.0000
      vertex 44.8564 6.0906 3.0000
    endloop
  endfacet
  facet normal 0.000000 0.000000 1.000000
    outer loop
      vertex 47.6000 7.6000 3.0000
      vertex 44.5790 6.0163 3.0000
      vertex 44.7153 6.0625 3.0000
    endloop
  endfacet
  facet normal 0.000000 0.000000 1.000000
    outer loop
      vertex 47.6000 7.6000 3.0000
      vertex 44.4500 5.9526 3.0000
      vertex 44.5790 6.0163 3.0000
    endloop
  endfacet
  facet normal 0.000000 0.000000 -1.000000
    outer loop
      vertex 47.6000 7.6000 3.0000
      vertex 44.3304 5.8727 3.0000
      vertex 44.4500 5.9526 3.0000
    endloop
  endfacet
  facet normal 0.000000 0.000000 1.000000
    outer loop
      vertex 47.6000 7.6000 3.0000
      vertex 42.4000 7.6000 3.0000
      vertex 44.3304 5.8727 3.0000
    endloop
  endfacet
  facet normal 0.000000 0.000000 1.000000
    outer loop
      vertex 42.4000 7.6000 3.0000
      vertex 44.2222 5.7778 3.0000
      vertex 44.3304 5.8727 3.0000
    endloop
  endfacet
  facet normal 0.000000 0.000000 1.000000
    outer loop
      vertex 42.4000 7.6000 3.0000
      vertex 44.1273 5.6696 3.0000
      vertex 44.2222 5.7778 3.0000
    endloop
  endfacet
  facet normal 0.000000 0.000000 1.000000
    outer loop
      vertex 42.4000 7.6000 3.0000
      vertex 44.0474 5.5500 3.0000
      vertex 44.1273 5.6696 3.0000
    endloop
  endfacet
  facet normal 0.000000 0.000000 1.000000
    outer loop
      vertex 42.4000 7.6000 3.0000
      vertex 43.9837 5.4210 3.0000
      vertex 44.0474 5.5500 3.0000
    endloop
  endfacet
  facet normal 0.000000 0.000000 1.000000
    outer loop
      vertex 42.4000 7.6000 3.0000
      vertex 43.9375 5.2847 3.0000
      vertex 43.9837 5.4210 3.0000
    endloop
  endfacet
  facet normal 0.000000 0.000000 1.000000
    outer loop
      vertex 42.4000 7.6000 3.0000
      vertex 43.9094 5.1436 3.0000
      vertex 43.9375 5.2847 3.0000
    endloop
  endfacet
  facet normal 0.000000 0.000000 1.000000
    outer loop
      vertex 42.4000 7.6000 3.0000
      vertex 43.9000 5.0000 3.0000
      vertex 43.9094 5.1436 3.0000
    endloop
  endfacet
  facet normal 0.000000 0.000000 1.000000
    outer loop
      vertex 42.4000 7.6000 3.0000
      vertex 43.9094 4.8564 3.0000
      vertex 43.9000 5.0000 3.0000
    endloop
  endfacet
  facet normal 0.000000 0.000000 1.000000
    outer loop
      vertex 42.4000 7.6000 3.0000
      vertex 43.9375 4.7153 3.0000
      vertex 43.9094 4.8564 3.0000
    endloop
  endfacet
  facet normal 0.000000 0.000000 1.000000
    outer loop
      vertex 42.4000 7.6000 3.0000
      vertex 43.9837 4.5790 3.0000
      vertex 43.9375 4.7153 3.0000
    endloop
  endfacet
  facet normal 0.000000 0.000000 1.000000
    outer loop
      vertex 42.4000 7.6000 3.0000
      vertex 44.0474 4.4500 3.0000
      vertex 43.9837 4.5790 3.0000
    endloop
  endfacet
  facet normal 0.000000 0.000000 -1.000000
    outer loop
      vertex 42.4000 7.6000 3.0000
      vertex 44.1273 4.3304 3.0000
      vertex 44.0474 4.4500 3.0000
    endloop
  endfacet
  facet normal 0.000000 0.000000 -1.000000
    outer loop
      vertex 42.4000 7.6000 3.0000
      vertex 44.2222 4.2222 3.0000
      vertex 44.1273 4.3304 3.0000
    endloop
  endfacet
  facet normal 0.000000 0.000000 1.000000
    outer loop
      vertex 42.4000 7.6000 3.0000
      vertex 42.4000 2.4000 3.0000
      vertex 44.2222 4.2222 3.0000
    endloop
  endfacet
  facet normal 0.000000 0.000000 1.000000
    outer loop
      vertex 42.4000 2.4000 3.0000
      vertex 44.3304 4.1273 3.0000
      vertex 44.2222 4.2222 3.0000
    endloop
  endfacet
  facet normal 0.000000 0.000000 1.000000
    outer loop
      vertex 42.4000 7.6000 3.0000
      vertex 47.6000 7.6000 3.0000
      vertex 45.0000 8.8000 3.0000
    endloop
  endfacet
  facet normal 0.000000 -0.000000 1.000000
    outer loop
      vertex 47.6000 7.6000 3.0000
      vertex 47.6000 10.0000 3.0000
      vertex 45.0000 8.8000 3.0000
    endloop
  endfacet
  facet normal 0.000000 0.000000 1.000000
    outer loop
      vertex 47.6000 10.0000 3.0000
      vertex 42.4000 10.0000 3.0000
      vertex 45.0000 8.8000 3.0000
    endloop
  endfacet
  facet normal 0.000000 0.000000 1.000000
    outer loop
      vertex 42.4000 10.0000 3.0000
      vertex 42.4000 7.6000 3.0000
      vertex 45.0000 8.8000 3.0000
    endloop
  endfacet
  facet normal 0.000000 0.000000 1.000000
    outer loop
      vertex 42.4000 10.0000 3.0000
      vertex 47.6000 10.0000 3.0000
      vertex 45.0000 11.2000 3.0000
    endloop
  endfacet
  facet normal 0.000000 -0.000000 1.000000
    outer loop
      vertex 47.6000 10.0000 3.0000
      vertex 47.6000 12.4000 3.0000
      vertex 45.0000 11.2000 3.0000
    endloop
  endfacet
  facet normal 0.000000 0.000000 1.000000
    outer loop
      vertex 47.6000 12.4000 3.0000
      vertex 42.4000 12.4000 3.0000
      vertex 45.0000 11.2000 3.0000
    endloop
  endfacet
  facet normal 0.000000 0.000000 1.000000
    outer loop
      vertex 42.4000 12.4000 3.0000
      vertex 42.4000 10.0000 3.0000
      vertex 45.0000 11.2000 3.0000
    endloop
  endfacet
  facet normal 0.000000 0.000000 1.000000
    outer loop
      vertex 42.4000 12.4000 3.0000
      vertex 44.4500 14.0474 3.0000
      vertex 44.3304 14.1273 3.0000
    endloop
  endfacet
  facet normal 0.000000 0.000000 1.000000
    outer loop
      vertex 42.4000 12.4000 3.0000
      vertex 44.5790 13.9837 3.0000
      vertex 44.4500 14.0474 3.0000
    endloop
  endfacet
  facet normal 0.000000 0.000000 1.000000
    outer loop
      vertex 42.4000 12.4000 3.0000
      vertex 44.7153 13.9375 3.0000
      vertex 44.5790 13.9837 3.0000
    endloop
  endfacet
  facet normal 0.000000 0.000000 1.000000
    outer loop
      vertex 42.4000 12.4000 3.0000
      vertex 44.8564 13.9094 3.0000
      vertex 44.7153 13.9375 3.0000
    endloop
  endfacet
  facet normal 0.000000 0.000000 1.000000
    outer loop
      vertex 42.4000 12.4000 3.0000
      vertex 45.0000 13.9000 3.0000
      vertex 44.8564 13.9094 3.0000
    endloop
  endfacet
  facet normal 0.000000 0.000000 1.000000
    outer loop
      vertex 42.4000 12.4000 3.0000
      vertex 45.1436 13.9094 3.0000
      vertex 45.0000 13.9000 3.0000
    endloop
  endfacet
  facet normal 0.000000 0.000000 1.000000
    outer loop
      vertex 42.4000 12.4000 3.0000
      vertex 45.2847 13.9375 3.0000
      vertex 45.1436 13.9094 3.0000
    endloop
  endfacet
  facet normal 0.000000 0.000000 1.000000
    outer loop
      vertex 42.4000 12.4000 3.0000
      vertex 45.4210 13.9837 3.0000
      vertex 45.2847 13.9375 3.0000
    endloop
  endfacet
  facet normal 0.000000 0.000000 1.000000
    outer loop
      vertex 42.4000 12.4000 3.0000
      vertex 45.5500 14.0474 3.0000
      vertex 45.4210 13.9837 3.0000
    endloop
  endfacet
  facet normal 0.000000 0.000000 -1.000000
    outer loop
      vertex 42.4000 12.4000 3.0000
      vertex 45.6696 14.1273 3.0000
      vertex 45.5500 14.0474 3.0000
    endloop
  endfacet
  facet normal 0.000000 0.000000 1.000000
    outer loop
      vertex 42.4000 12.4000 3.0000
      vertex 47.6000 12.4000 3.0000
      vertex 45.6696 14.1273 3.0000
    endloop
  endfacet
  facet normal 0.000000 0.000000 1.000000
    outer loop
      vertex 47.6000 12.4000 3.0000
      vertex 45.7778 14.2222 3.0000
      vertex 45.6696 14.1273 3.0000
    endloop
  endfacet
  facet normal 0.000000 0.000000 1.000000
    outer loop
      vertex 47.6000 12.4000 3.0000
      vertex 45.8727 14.3304 3.0000
      vertex 45.7778 14.2222 3.0000
    endloop
  endfacet
  facet normal 0.000000 0.000000 1.000000
    outer loop
      vertex 47.6000 12.4000 3.0000
      vertex 45.9526 14.4500 3.0000
      vertex 45.8727 14.3304 3.0000
    endloop
  endfacet
  facet normal 0.000000 0.000000 1.000000
    outer loop
      vertex 47.6000 12.4000 3.0000
      vertex 46.0163 14.5790 3.0000
      vertex 45.9526 14.4500 3.0000
    endloop
  endfacet
  facet normal 0.000000 0.000000 1.000000
    outer loop
      vertex 47.6000 12.4000 3.0000
      vertex 46.0625 14.7153 3.0000
      vertex 46.0163 14.5790 3.0000
    endloop
  endfacet
  facet normal 0.000000 0.000000 1.000000
    outer loop
      vertex 47.6000 12.4000 3.0000
      vertex 46.0906 14.8564 3.0000
      vertex 46.0625 14.7153 3.0000
    endloop
  endfacet
  facet normal 0.000000 0.000000 1.000000
    outer loop
      vertex 47.6000 12.4000 3.0000
      vertex 46.1000 15.0000 3.0000
      vertex 46.0906 14.8564 3.0000
    endloop
  endfacet
  facet normal 0.000000 0.000000 1.000000
    outer loop
      vertex 47.6000 12.4000 3.0000
      vertex 46.0906 15.1436 3.0000
      vertex 46.1000 15.0000 3.0000
    endloop
  endfacet
  facet normal 0.000000 0.000000 1.000000
    outer loop
      vertex 47.6000 12.4000 3.0000
      vertex 46.0625 15.2847 3.0000
      vertex 46.0906 15.1436 3.0000
    endloop
  endfacet
  facet normal 0.000000 0.000000 1.000000
    outer loop
      vertex 47.6000 12.4000 3.0000
      vertex 46.0163 15.4210 3.0000
      vertex 46.0625 15.2847 3.0000
    endloop
  endfacet
  facet normal 0.000000 0.000000 1.000000
    outer loop
      vertex 47.6000 12.4000 3.0000
      vertex 45.9526 15.5500 3.0000
      vertex 46.0163 15.4210 3.0000
    endloop
  endfacet
  facet normal 0.000000 0.000000 -1.000000
    outer loop
      vertex 47.6000 12.4000 3.0000
      vertex 45.8727 15.6696 3.0000
      vertex 45.9526 15.5500 3.0000
    endloop
  endfacet
  facet normal 0.000000 0.000000 -1.000000
    outer loop
      vertex 47.6000 12.4000 3.0000
      vertex 45.7778 15.7778 3.0000
      vertex 45.8727 15.6696 3.0000
    endloop
  endfacet
  facet normal 0.000000 -0.000000 1.000000
    outer loop
      vertex 47.6000 12.4000 3.0000
      vertex 47.6000 17.6000 3.0000
      vertex 45.7778 15.7778 3.0000
    endloop
  endfacet
  facet normal 0.000000 0.000000 1.000000
    outer loop
      vertex 47.6000 17.6000 3.0000
      vertex 45.6696 15.8727 3.0000
      vertex 45.7778 15.7778 3.0000
    endloop
  endfacet
  facet normal 0.000000 0.000000 1.000000
    outer loop
      vertex 47.6000 17.6000 3.0000
      vertex 45.5500 15.9526 3.0000
      vertex 45.6696 15.8727 3.0000
    endloop
  endfacet
  facet normal 0.000000 0.000000 1.000000
    outer loop
      vertex 47.6000 17.6000 3.0000
      vertex 45.4210 16.0163 3.0000
      vertex 45.5500 15.9526 3.0000
    endloop
  endfacet
  facet normal 0.000000 0.000000 1.000000
    outer loop
      vertex 47.6000 17.6000 3.0000
      vertex 45.2847 16.0625 3.0000
      vertex 45.4210 16.0163 3.0000
    endloop
  endfacet
  facet normal 0.000000 0.000000 1.000000
    outer loop
      vertex 47.6000 17.6000 3.0000
      vertex 45.1436 16.0906 3.0000
      vertex 45.2847 16.0625 3.0000
    endloop
  endfacet
  facet normal 0.000000 0.000000 1.000000
    outer loop
      vertex 47.6000 17.6000 3.0000
      vertex 45.0000 16.1000 3.0000
      vertex 45.1436 16.0906 3.0000
    endloop
  endfacet
  facet normal 0.000000 0.000000 1.000000
    outer loop
      vertex 47.6000 17.6000 3.0000
      vertex 44.8564 16.0906 3.0000
      vertex 45.0000 16.1000 3.0000
    endloop
  endfacet
  facet normal 0.000000 0.000000 1.000000
    outer loop
      vertex 47.6000 17.6000 3.0000
      vertex 44.7153 16.0625 3.0000
      vertex 44.8564 16.0906 3.0000
    endloop
  endfacet
  facet normal 0.000000 0.000000 1.000000
    outer loop
      vertex 47.6000 17.6000 3.0000
      vertex 44.5790 16.0163 3.0000
      vertex 44.7153 16.0625 3.0000
    endloop
  endfacet
  facet normal 0.000000 0.000000 1.000000
    outer loop
      vertex 47.6000 17.6000 3.0000
      vertex 44.4500 15.9526 3.0000
      vertex 44.5790 16.0163 3.0000
    endloop
  endfacet
  facet normal 0.000000 0.000000 -1.000000
    outer loop
      vertex 47.6000 17.6000 3.0000
      vertex 44.3304 15.8727 3.0000
      vertex 44.4500 15.9526 3.0000
    endloop
  endfacet
  facet normal 0.000000 0.000000 1.000000
    outer loop
      vertex 47.6000 17.6000 3.0000
      vertex 42.4000 17.6000 3.0000
      vertex 44.3304 15.8727 3.0000
    endloop
  endfacet
  facet normal 0.000000 0.000000 1.000000
    outer loop
      vertex 42.4000 17.6000 3.0000
      vertex 44.2222 15.7778 3.0000
      vertex 44.3304 15.8727 3.0000
    endloop
  endfacet
  facet normal 0.000000 0.000000 1.000000
    outer loop
      vertex 42.4000 17.6000 3.0000
      vertex 44.1273 15.6696 3.0000
      vertex 44.2222 15.7778 3.0000
    endloop
  endfacet
  facet normal 0.000000 0.000000 1.000000
    outer loop
      vertex 42.4000 17.6000 3.0000
      vertex 44.0474 15.5500 3.0000
      vertex 44.1273 15.6696 3.0000
    endloop
  endfacet
  facet normal 0.000000 0.000000 1.000000
    outer loop
      vertex 42.4000 17.6000 3.0000
      vertex 43.9837 15.4210 3.0000
      vertex 44.0474 15.5500 3.0000
    endloop
  endfacet
  facet normal 0.000000 0.000000 1.000000
    outer loop
      vertex 42.4000 17.6000 3.0000
      vertex 43.9375 15.2847 3.0000
      vertex 43.9837 15.4210 3.0000
    endloop
  endfacet
  facet normal 0.000000 0.000000 1.000000
    outer loop
      vertex 42.4000 17.6000 3.0000
      vertex 43.9094 15.1436 3.0000
      vertex 43.9375 15.2847 3.0000
    endloop
  endfacet
  facet normal 0.000000 0.000000 1.000000
    outer loop
      vertex 42.4000 17.6000 3.0000
      vertex 43.9000 15.0000 3.0000
      vertex 43.9094 15.1436 3.0000
    endloop
  endfacet
  facet normal 0.000000 0.000000 1.000000
    outer loop
      vertex 42.4000 17.6000 3.0000
      vertex 43.9094 14.8564 3.0000
      vertex 43.9000 15.0000 3.0000
    endloop
  endfacet
  facet normal 0.000000 0.000000 1.000000
    outer loop
      vertex 42.4000 17.6000 3.0000
      vertex 43.9375 14.7153 3.0000
      vertex 43.9094 14.8564 3.0000
    endloop
  endfacet
  facet normal 0.000000 0.000000 1.000000
    outer loop
      vertex 42.4000 17.6000 3.0000
      vertex 43.9837 14.5790 3.0000
      vertex 43.9375 14.7153 3.0000
    endloop
  endfacet
  facet normal 0.000000 0.000000 1.000000
    outer loop
      vertex 42.4000 17.6000 3.0000
      vertex 44.0474 14.4500 3.0000
      vertex 43.9837 14.5790 3.0000
    endloop
  endfacet
  facet normal 0.000000 0.000000 -1.000000
    outer loop
      vertex 42.4000 17.6000 3.0000
      vertex 44.1273 14.3304 3.0000
      vertex 44.0474 14.4500 3.0000
    endloop
  endfacet
  facet normal 0.000000 0.000000 -1.000000
    outer loop
      vertex 42.4000 17.6000 3.0000
      vertex 44.2222 14.2222 3.0000
      vertex 44.1273 14.3304 3.0000
    endloop
  endfacet
  facet normal 0.000000 0.000000 1.000000
    outer loop
      vertex 42.4000 17.6000 3.0000
      vertex 42.4000 12.4000 3.0000
      vertex 44.2222 14.2222 3.0000
    endloop
  endfacet
  facet normal 0.000000 0.000000 1.000000
    outer loop
      vertex 42.4000 12.4000 3.0000
      vertex 44.3304 14.1273 3.0000
      vertex 44.2222 14.2222 3.0000
    endloop
  endfacet
  facet normal 0.000000 0.000000 1.000000
    outer loop
      vertex 42.4000 17.6000 3.0000
      vertex 47.6000 17.6000 3.0000
      vertex 45.0000 19.8000 3.0000
    endloop
  endfacet
  facet normal 0.000000 -0.000000 1.000000
    outer loop
      vertex 47.6000 17.6000 3.0000
      vertex 47.6000 22.0000 3.0000
      vertex 45.0000 19.8000 3.0000
    endloop
  endfacet
  facet normal 0.000000 0.000000 1.000000
    outer loop
      vertex 47.6000 22.0000 3.0000
      vertex 42.4000 22.0000 3.0000
      vertex 45.0000 19.8000 3.0000
    endloop
  endfacet
  facet normal 0.000000 0.000000 1.000000
    outer loop
      vertex 42.4000 22.0000 3.0000
      vertex 42.4000 17.6000 3.0000
      vertex 45.0000 19.8000 3.0000
    endloop
  endfacet
  facet normal 0.000000 0.000000 1.000000
    outer loop
      vertex 47.6000 0.0000 3.0000
      vertex 50.0000 0.0000 3.0000
      vertex 48.1333 10.4444 3.0000
    endloop
  endfacet
  facet normal 0.000000 -0.000000 1.000000
    outer loop
      vertex 50.0000 0.0000 3.0000
      vertex 50.0000 22.0000 3.0000
      vertex 48.1333 10.4444 3.0000
    endloop
  endfacet
  facet normal 0.000000 0.000000 1.000000
    outer loop
      vertex 50.0000 22.0000 3.0000
      vertex 47.6000 22.0000 3.0000
      vertex 48.1333 10.4444 3.0000
    endloop
  endfacet
  facet normal 0.000000 0.000000 1.000000
    outer loop
      vertex 47.6000 22.0000 3.0000
      vertex 47.6000 17.6000 3.0000
      vertex 48.1333 10.4444 3.0000
    endloop
  endfacet
  facet normal 0.000000 0.000000 1.000000
    outer loop
      vertex 47.6000 17.6000 3.0000
      vertex 47.6000 12.4000 3.0000
      vertex 48.1333 10.4444 3.0000
    endloop
  endfacet
  facet normal 0.000000 0.000000 1.000000
    outer loop
      vertex 47.6000 12.4000 3.0000
      vertex 47.6000 10.0000 3.0000
      vertex 48.1333 10.4444 3.0000
    endloop
  endfacet
  facet normal -0.000000 0.000000 1.000000
    outer loop
      vertex 47.6000 10.0000 3.0000
      vertex 47.6000 7.6000 3.0000
      vertex 48.1333 10.4444 3.0000
    endloop
  endfacet
  facet normal -0.000000 0.000000 1.000000
    outer loop
      vertex 47.6000 7.6000 3.0000
      vertex 47.6000 2.4000 3.0000
      vertex 48.1333 10.4444 3.0000
    endloop
  endfacet
  facet normal -0.000000 0.000000 1.000000
    outer loop
      vertex 47.6000 2.4000 3.0000
      vertex 47.6000 0.0000 3.0000
      vertex 48.1333 10.4444 3.0000
    endloop
  endfacet
  facet normal 0.000000 -0.000000 -1.000000
    outer loop
      vertex 1.8667 10.4444 0.0000
      vertex 2.4000 0.0000 0.0000
      vertex 0.0000 0.0000 0.0000
    endloop
  endfacet
  facet normal 0.000000 0.000000 -1.000000
    outer loop
      vertex 1.8667 10.4444 0.0000
      vertex 2.4000 2.4000 0.0000
      vertex 2.4000 0.0000 0.0000
    endloop
  endfacet
  facet normal 0.000000 0.000000 -1.000000
    outer loop
      vertex 1.8667 10.4444 0.0000
      vertex 2.4000 7.6000 0.0000
      vertex 2.4000 2.4000 0.0000
    endloop
  endfacet
  facet normal 0.000000 0.000000 -1.000000
    outer loop
      vertex 1.8667 10.4444 0.0000
      vertex 2.4000 10.0000 0.0000
      vertex 2.4000 7.6000 0.0000
    endloop
  endfacet
  facet normal 0.000000 0.000000 -1.000000
    outer loop
      vertex 1.8667 10.4444 0.0000
      vertex 2.4000 12.4000 0.0000
      vertex 2.4000 10.0000 0.0000
    endloop
  endfacet
  facet normal 0.000000 0.000000 -1.000000
    outer loop
      vertex 1.8667 10.4444 0.0000
      vertex 2.4000 17.6000 0.0000
      vertex 2.4000 12.4000 0.0000
    endloop
  endfacet
  facet normal 0.000000 0.000000 -1.000000
    outer loop
      vertex 1.8667 10.4444 0.0000
      vertex 2.4000 22.0000 0.0000
      vertex 2.4000 17.6000 0.0000
    endloop
  endfacet
  facet normal 0.000000 0.000000 -1.000000
    outer loop
      vertex 1.8667 10.4444 0.0000
      vertex 0.0000 22.0000 0.0000
      vertex 2.4000 22.0000 0.0000
    endloop
  endfacet
  facet normal -0.000000 0.000000 -1.000000
    outer loop
      vertex 1.8667 10.4444 0.0000
      vertex 0.0000 0.0000 0.0000
      vertex 0.0000 22.0000 0.0000
    endloop
  endfacet
  facet normal 0.000000 -0.000000 -1.000000
    outer loop
      vertex 5.0000 1.2000 0.0000
      vertex 7.6000 0.0000 0.0000
      vertex 2.4000 0.0000 0.0000
    endloop
  endfacet
  facet normal 0.000000 0.000000 -1.000000
    outer loop
      vertex 5.0000 1.2000 0.0000
      vertex 7.6000 2.4000 0.0000
      vertex 7.6000 0.0000 0.0000
    endloop
  endfacet
  facet normal 0.000000 0.000000 -1.000000
    outer loop
      vertex 5.0000 1.2000 0.0000
      vertex 2.4000 2.4000 0.0000
      vertex 7.6000 2.4000 0.0000
    endloop
  endfacet
  facet normal -0.000000 0.000000 -1.000000
    outer loop
      vertex 5.0000 1.2000 0.0000
      vertex 2.4000 0.0000 0.0000
      vertex 2.4000 2.4000 0.0000
    endloop
  endfacet
  facet normal 0.000000 -0.000000 -1.000000
    outer loop
      vertex 4.3304 4.1273 0.0000
      vertex 4.4500 4.0474 0.0000
      vertex 2.4000 2.4000 0.0000
    endloop
  endfacet
  facet normal 0.000000 -0.000000 -1.000000
    outer loop
      vertex 4.4500 4.0474 0.0000
      vertex 4.5790 3.9837 0.0000
      vertex 2.4000 2.4000 0.0000
    endloop
  endfacet
  facet normal 0.000000 -0.000000 -1.000000
    outer loop
      vertex 4.5790 3.9837 0.0000
      vertex 4.7153 3.9375 0.0000
      vertex 2.4000 2.4000 0.0000
    endloop
  endfacet
  facet normal 0.000000 -0.000000 -1.000000
    outer loop
      vertex 4.7153 3.9375 0.0000
      vertex 4.8564 3.9094 0.0000
      vertex 2.4000 2.4000 0.0000
    endloop
  endfacet
  facet normal 0.000000 -0.000000 -1.000000
    outer loop
      vertex 4.8564 3.9094 0.0000
      vertex 5.0000 3.9000 0.0000
      vertex 2.4000 2.4000 0.0000
    endloop
  endfacet
  facet normal 0.000000 -0.000000 -1.000000
    outer loop
      vertex 5.0000 3.9000 0.0000
      vertex 5.1436 3.9094 0.0000
      vertex 2.4000 2.4000 0.0000
    endloop
  endfacet
  facet normal 0.000000 -0.000000 -1.000000
    outer loop
      vertex 5.1436 3.9094 0.0000
      vertex 5.2847 3.9375 0.0000
      vertex 2.4000 2.4000 0.0000
    endloop
  endfacet
  facet normal 0.000000 -0.000000 -1.000000
    outer loop
      vertex 5.2847 3.9375 0.0000
      vertex 5.4210 3.9837 0.0000
      vertex 2.4000 2.4000 0.0000
    endloop
  endfacet
  facet normal 0.000000 -0.000000 -1.000000
    outer loop
      vertex 5.4210 3.9837 0.0000
      vertex 5.5500 4.0474 0.0000
      vertex 2.4000 2.4000 0.0000
    endloop
  endfacet
  facet normal 0.000000 -0.000000 1.000000
    outer loop
      vertex 5.5500 4.0474 0.0000
      vertex 5.6696 4.1273 0.0000
      vertex 2.4000 2.4000 0.0000
    endloop
  endfacet
  facet normal 0.000000 -0.000000 -1.000000
    outer loop
      vertex 5.6696 4.1273 0.0000
      vertex 7.6000 2.4000 0.0000
      vertex 2.4000 2.4000 0.0000
    endloop
  endfacet
  facet normal 0.000000 0.000000 -1.000000
    outer loop
      vertex 5.6696 4.1273 0.0000
      vertex 5.7778 4.2222 0.0000
      vertex 7.6000 2.4000 0.0000
    endloop
  endfacet
  facet normal 0.000000 0.000000 -1.000000
    outer loop
      vertex 5.7778 4.2222 0.0000
      vertex 5.8727 4.3304 0.0000
      vertex 7.6000 2.4000 0.0000
    endloop
  endfacet
  facet normal 0.000000 0.000000 -1.000000
    outer loop
      vertex 5.8727 4.3304 0.0000
      vertex 5.9526 4.4500 0.0000
      vertex 7.6000 2.4000 0.0000
    endloop
  endfacet
  facet normal 0.000000 0.000000 -1.000000
    outer loop
      vertex 5.9526 4.4500 0.0000
      vertex 6.0163 4.5790 0.0000
      vertex 7.6000 2.4000 0.0000
    endloop
  endfacet
  facet normal 0.000000 0.000000 -1.000000
    outer loop
      vertex 6.0163 4.5790 0.0000
      vertex 6.0625 4.7153 0.0000
      vertex 7.6000 2.4000 0.0000
    endloop
  endfacet
  facet normal 0.000000 0.000000 -1.000000
    outer loop
      vertex 6.0625 4.7153 0.0000
      vertex 6.0906 4.8564 0.0000
      vertex 7.6000 2.4000 0.0000
    endloop
  endfacet
  facet normal 0.000000 0.000000 -1.000000
    outer loop
      vertex 6.0906 4.8564 0.0000
      vertex 6.1000 5.0000 0.0000
      vertex 7.6000 2.4000 0.0000
    endloop
  endfacet
  facet normal 0.000000 0.000000 -1.000000
    outer loop
      vertex 6.1000 5.0000 0.0000
      vertex 6.0906 5.1436 0.0000
      vertex 7.6000 2.4000 0.0000
    endloop
  endfacet
  facet normal 0.000000 0.000000 -1.000000
    outer loop
      vertex 6.0906 5.1436 0.0000
      vertex 6.0625 5.2847 0.0000
      vertex 7.6000 2.4000 0.0000
    endloop
  endfacet
  facet normal 0.000000 0.000000 -1.000000
    outer loop
      vertex 6.0625 5.2847 0.0000
      vertex 6.0163 5.4210 0.0000
      vertex 7.6000 2.4000 0.0000
    endloop
  endfacet
  facet normal 0.000000 0.000000 -1.000000
    outer loop
      vertex 6.0163 5.4210 0.0000
      vertex 5.9526 5.5500 0.0000
      vertex 7.6000 2.4000 0.0000
    endloop
  endfacet
  facet normal 0.000000 0.000000 1.000000
    outer loop
      vertex 5.9526 5.5500 0.0000
      vertex 5.8727 5.6696 0.0000
      vertex 7.6000 2.4000 0.0000
    endloop
  endfacet
  facet normal 0.000000 0.000000 -1.000000
    outer loop
      vertex 5.8727 5.6696 0.0000
      vertex 7.6000 7.6000 0.0000
      vertex 7.6000 2.4000 0.0000
    endloop
  endfacet
  facet normal 0.000000 0.000000 -1.000000
    outer loop
      vertex 5.8727 5.6696 0.0000
      vertex 5.7778 5.7778 0.0000
      vertex 7.6000 7.6000 0.0000
    endloop
  endfacet
  facet normal 0.000000 0.000000 -1.000000
    outer loop
      vertex 5.7778 5.7778 0.0000
      vertex 5.6696 5.8727 0.0000
      vertex 7.6000 7.6000 0.0000
    endloop
  endfacet
  facet normal 0.000000 0.000000 -1.000000
    outer loop
      vertex 5.6696 5.8727 0.0000
      vertex 5.5500 5.9526 0.0000
      vertex 7.6000 7.6000 0.0000
    endloop
  endfacet
  facet normal 0.000000 0.000000 -1.000000
    outer loop
      vertex 5.5500 5.9526 0.0000
      vertex 5.4210 6.0163 0.0000
      vertex 7.6000 7.6000 0.0000
    endloop
  endfacet
  facet normal 0.000000 0.000000 -1.000000
    outer loop
      vertex 5.4210 6.0163 0.0000
      vertex 5.2847 6.0625 0.0000
      vertex 7.6000 7.6000 0.0000
    endloop
  endfacet
  facet normal 0.000000 0.000000 -1.000000
    outer loop
      vertex 5.2847 6.0625 0.0000
      vertex 5.1436 6.0906 0.0000
      vertex 7.6000 7.6000 0.0000
    endloop
  endfacet
  facet normal 0.000000 0.000000 -1.000000
    outer loop
      vertex 5.1436 6.0906 0.0000
      vertex 5.0000 6.1000 0.0000
      vertex 7.6000 7.6000 0.0000
    endloop
  endfacet
  facet normal -0.000000 0.000000 -1.000000
    outer loop
      vertex 5.0000 6.1000 0.0000
      vertex 4.8564 6.0906 0.0000
      vertex 7.6000 7.6000 0.0000
    endloop
  endfacet
  facet normal -0.000000 0.000000 -1.000000
    outer loop
      vertex 4.8564 6.0906 0.0000
      vertex 4.7153 6.0625 0.0000
      vertex 7.6000 7.6000 0.0000
    endloop
  endfacet
  facet normal -0.000000 0.000000 -1.000000
    outer loop
      vertex 4.7153 6.0625 0.0000
      vertex 4.5790 6.0163 0.0000
      vertex 7.6000 7.6000 0.0000
    endloop
  endfacet
  facet normal -0.000000 0.000000 -1.000000
    outer loop
      vertex 4.5790 6.0163 0.0000
      vertex 4.4500 5.9526 0.0000
      vertex 7.6000 7.6000 0.0000
    endloop
  endfacet
  facet normal -0.000000 0.000000 1.000000
    outer loop
      vertex 4.4500 5.9526 0.0000
      vertex 4.3304 5.8727 0.0000
      vertex 7.6000 7.6000 0.0000
    endloop
  endfacet
  facet normal 0.000000 0.000000 -1.000000
    outer loop
      vertex 4.3304 5.8727 0.0000
      vertex 2.4000 7.6000 0.0000
      vertex 7.6000 7.6000 0.0000
    endloop
  endfacet
  facet normal -0.000000 0.000000 -1.000000
    outer loop
      vertex 4.3304 5.8727 0.0000
      vertex 4.2222 5.7778 0.0000
      vertex 2.4000 7.6000 0.0000
    endloop
  endfacet
  facet normal -0.000000 0.000000 -1.000000
    outer loop
      vertex 4.2222 5.7778 0.0000
      vertex 4.1273 5.6696 0.0000
      vertex 2.4000 7.6000 0.0000
    endloop
  endfacet
  facet normal -0.000000 0.000000 -1.000000
    outer loop
      vertex 4.1273 5.6696 0.0000
      vertex 4.0474 5.5500 0.0000
      vertex 2.4000 7.6000 0.0000
    endloop
  endfacet
  facet normal -0.000000 0.000000 -1.000000
    outer loop
      vertex 4.0474 5.5500 0.0000
      vertex 3.9837 5.4210 0.0000
      vertex 2.4000 7.6000 0.0000
    endloop
  endfacet
  facet normal -0.000000 0.000000 -1.000000
    outer loop
      vertex 3.9837 5.4210 0.0000
      vertex 3.9375 5.2847 0.0000
      vertex 2.4000 7.6000 0.0000
    endloop
  endfacet
  facet normal -0.000000 0.000000 -1.000000
    outer loop
      vertex 3.9375 5.2847 0.0000
      vertex 3.9094 5.1436 0.0000
      vertex 2.4000 7.6000 0.0000
    endloop
  endfacet
  facet normal -0.000000 0.000000 -1.000000
    outer loop
      vertex 3.9094 5.1436 0.0000
      vertex 3.9000 5.0000 0.0000
      vertex 2.4000 7.6000 0.0000
    endloop
  endfacet
  facet normal -0.000000 -0.000000 -1.000000
    outer loop
      vertex 3.9000 5.0000 0.0000
      vertex 3.9094 4.8564 0.0000
      vertex 2.4000 7.6000 0.0000
    endloop
  endfacet
  facet normal -0.000000 -0.000000 -1.000000
    outer loop
      vertex 3.9094 4.8564 0.0000
      vertex 3.9375 4.7153 0.0000
      vertex 2.4000 7.6000 0.0000
    endloop
  endfacet
  facet normal -0.000000 -0.000000 -1.000000
    outer loop
      vertex 3.9375 4.7153 0.0000
      vertex 3.9837 4.5790 0.0000
      vertex 2.4000 7.6000 0.0000
    endloop
  endfacet
  facet normal -0.000000 -0.000000 -1.000000
    outer loop
      vertex 3.9837 4.5790 0.0000
      vertex 4.0474 4.4500 0.0000
      vertex 2.4000 7.6000 0.0000
    endloop
  endfacet
  facet normal -0.000000 -0.000000 1.000000
    outer loop
      vertex 4.0474 4.4500 0.0000
      vertex 4.1273 4.3304 0.0000
      vertex 2.4000 7.6000 0.0000
    endloop
  endfacet
  facet normal -0.000000 0.000000 -1.000000
    outer loop
      vertex 4.1273 4.3304 0.0000
      vertex 2.4000 2.4000 0.0000
      vertex 2.4000 7.6000 0.0000
    endloop
  endfacet
  facet normal 0.000000 -0.000000 -1.000000
    outer loop
      vertex 4.1273 4.3304 0.0000
      vertex 4.2222 4.2222 0.0000
      vertex 2.4000 2.4000 0.0000
    endloop
  endfacet
  facet normal 0.000000 -0.000000 -1.000000
    outer loop
      vertex 4.2222 4.2222 0.0000
      vertex 4.3304 4.1273 0.0000
      vertex 2.4000 2.4000 0.0000
    endloop
  endfacet
  facet normal 0.000000 -0.000000 -1.000000
    outer loop
      vertex 5.0000 8.8000 0.0000
      vertex 7.6000 7.6000 0.0000
      vertex 2.4000 7.6000 0.0000
    endloop
  endfacet
  facet normal 0.000000 0.000000 -1.000000
    outer loop
      vertex 5.0000 8.8000 0.0000
      vertex 7.6000 10.0000 0.0000
      vertex 7.6000 7.6000 0.0000
    endloop
  endfacet
  facet normal 0.000000 0.000000 -1.000000
    outer loop
      vertex 5.0000 8.8000 0.0000
      vertex 2.4000 10.0000 0.0000
      vertex 7.6000 10.0000 0.0000
    endloop
  endfacet
  facet normal -0.000000 0.000000 -1.000000
    outer loop
      vertex 5.0000 8.8000 0.0000
      vertex 2.4000 7.6000 0.0000
      vertex 2.4000 10.0000 0.0000
    endloop
  endfacet
  facet normal 0.000000 -0.000000 -1.000000
    outer loop
      vertex 5.0000 11.2000 0.0000
      vertex 7.6000 10.0000 0.0000
      vertex 2.4000 10.0000 0.0000
    endloop
  endfacet
  facet normal 0.000000 0.000000 -1.000000
    outer loop
      vertex 5.0000 11.2000 0.0000
      vertex 7.6000 12.4000 0.0000
      vertex 7.6000 10.0000 0.0000
    endloop
  endfacet
  facet normal 0.000000 0.000000 -1.000000
    outer loop
      vertex 5.0000 11.2000 0.0000
      vertex 2.4000 12.4000 0.0000
      vertex 7.6000 12.4000 0.0000
    endloop
  endfacet
  facet normal -0.000000 0.000000 -1.000000
    outer loop
      vertex 5.0000 11.2000 0.0000
      vertex 2.4000 10.0000 0.0000
      vertex 2.4000 12.4000 0.0000
    endloop
  endfacet
  facet normal 0.000000 -0.000000 -1.000000
    outer loop
      vertex 4.2222 14.2222 0.0000
      vertex 4.3304 14.1273 0.0000
      vertex 2.4000 12.4000 0.0000
    endloop
  endfacet
  facet normal 0.000000 -0.000000 -1.000000
    outer loop
      vertex 4.3304 14.1273 0.0000
      vertex 4.4500 14.0474 0.0000
      vertex 2.4000 12.4000 0.0000
    endloop
  endfacet
  facet normal 0.000000 -0.000000 -1.000000
    outer loop
      vertex 4.4500 14.0474 0.0000
      vertex 4.5790 13.9837 0.0000
      vertex 2.4000 12.4000 0.0000
    endloop
  endfacet
  facet normal 0.000000 -0.000000 -1.000000
    outer loop
      vertex 4.5790 13.9837 0.0000
      vertex 4.7153 13.9375 0.0000
      vertex 2.4000 12.4000 0.0000
    endloop
  endfacet
  facet normal 0.000000 -0.000000 -1.000000
    outer loop
      vertex 4.7153 13.9375 0.0000
      vertex 4.8564 13.9094 0.0000
      vertex 2.4000 12.4000 0.0000
    endloop
  endfacet
  facet normal 0.000000 -0.000000 -1.000000
    outer loop
      vertex 4.8564 13.9094 0.0000
      vertex 5.0000 13.9000 0.0000
      vertex 2.4000 12.4000 0.0000
    endloop
  endfacet
  facet normal 0.000000 -0.000000 -1.000000
    outer loop
      vertex 5.0000 13.9000 0.0000
      vertex 5.1436 13.9094 0.0000
      vertex 2.4000 12.4000 0.0000
    endloop
  endfacet
  facet normal 0.000000 -0.000000 -1.000000
    outer loop
      vertex 5.1436 13.9094 0.0000
      vertex 5.2847 13.9375 0.0000
      vertex 2.4000 12.4000 0.0000
    endloop
  endfacet
  facet normal 0.000000 -0.000000 -1.000000
    outer loop
      vertex 5.2847 13.9375 0.0000
      vertex 5.4210 13.9837 0.0000
      vertex 2.4000 12.4000 0.0000
    endloop
  endfacet
  facet normal 0.000000 -0.000000 -1.000000
    outer loop
      vertex 5.4210 13.9837 0.0000
      vertex 5.5500 14.0474 0.0000
      vertex 2.4000 12.4000 0.0000
    endloop
  endfacet
  facet normal 0.000000 -0.000000 1.000000
    outer loop
      vertex 5.5500 14.0474 0.0000
      vertex 5.6696 14.1273 0.0000
      vertex 2.4000 12.4000 0.0000
    endloop
  endfacet
  facet normal 0.000000 -0.000000 -1.000000
    outer loop
      vertex 5.6696 14.1273 0.0000
      vertex 7.6000 12.4000 0.0000
      vertex 2.4000 12.4000 0.0000
    endloop
  endfacet
  facet normal 0.000000 0.000000 -1.000000
    outer loop
      vertex 5.6696 14.1273 0.0000
      vertex 5.7778 14.2222 0.0000
      vertex 7.6000 12.4000 0.0000
    endloop
  endfacet
  facet normal 0.000000 0.000000 -1.000000
    outer loop
      vertex 5.7778 14.2222 0.0000
      vertex 5.8727 14.3304 0.0000
      vertex 7.6000 12.4000 0.0000
    endloop
  endfacet
  facet normal 0.000000 0.000000 -1.000000
    outer loop
      vertex 5.8727 14.3304 0.0000
      vertex 5.9526 14.4500 0.0000
      vertex 7.6000 12.4000 0.0000
    endloop
  endfacet
  facet normal 0.000000 0.000000 -1.000000
    outer loop
      vertex 5.9526 14.4500 0.0000
      vertex 6.0163 14.5790 0.0000
      vertex 7.6000 12.4000 0.0000
    endloop
  endfacet
  facet normal 0.000000 0.000000 -1.000000
    outer loop
      vertex 6.0163 14.5790 0.0000
      vertex 6.0625 14.7153 0.0000
      vertex 7.6000 12.4000 0.0000
    endloop
  endfacet
  facet normal 0.000000 0.000000 -1.000000
    outer loop
      vertex 6.0625 14.7153 0.0000
      vertex 6.0906 14.8564 0.0000
      vertex 7.6000 12.4000 0.0000
    endloop
  endfacet
  facet normal 0.000000 0.000000 -1.000000
    outer loop
      vertex 6.0906 14.8564 0.0000
      vertex 6.1000 15.0000 0.0000
      vertex 7.6000 12.4000 0.0000
    endloop
  endfacet
  facet normal 0.000000 0.000000 -1.000000
    outer loop
      vertex 6.1000 15.0000 0.0000
      vertex 6.0906 15.1436 0.0000
      vertex 7.6000 12.4000 0.0000
    endloop
  endfacet
  facet normal 0.000000 0.000000 -1.000000
    outer loop
      vertex 6.0906 15.1436 0.0000
      vertex 6.0625 15.2847 0.0000
      vertex 7.6000 12.4000 0.0000
    endloop
  endfacet
  facet normal 0.000000 0.000000 -1.000000
    outer loop
      vertex 6.0625 15.2847 0.0000
      vertex 6.0163 15.4210 0.0000
      vertex 7.6000 12.4000 0.0000
    endloop
  endfacet
  facet normal 0.000000 0.000000 -1.000000
    outer loop
      vertex 6.0163 15.4210 0.0000
      vertex 5.9526 15.5500 0.0000
      vertex 7.6000 12.4000 0.0000
    endloop
  endfacet
  facet normal 0.000000 0.000000 1.000000
    outer loop
      vertex 5.9526 15.5500 0.0000
      vertex 5.8727 15.6696 0.0000
      vertex 7.6000 12.4000 0.0000
    endloop
  endfacet
  facet normal 0.000000 0.000000 1.000000
    outer loop
      vertex 5.8727 15.6696 0.0000
      vertex 5.7778 15.7778 0.0000
      vertex 7.6000 12.4000 0.0000
    endloop
  endfacet
  facet normal 0.000000 0.000000 -1.000000
    outer loop
      vertex 5.7778 15.7778 0.0000
      vertex 7.6000 17.6000 0.0000
      vertex 7.6000 12.4000 0.0000
    endloop
  endfacet
  facet normal 0.000000 0.000000 -1.000000
    outer loop
      vertex 5.7778 15.7778 0.0000
      vertex 5.6696 15.8727 0.0000
      vertex 7.6000 17.6000 0.0000
    endloop
  endfacet
  facet normal 0.000000 0.000000 -1.000000
    outer loop
      vertex 5.6696 15.8727 0.0000
      vertex 5.5500 15.9526 0.0000
      vertex 7.6000 17.6000 0.0000
    endloop
  endfacet
  facet normal 0.000000 0.000000 -1.000000
    outer loop
      vertex 5.5500 15.9526 0.0000
      vertex 5.4210 16.0163 0.0000
      vertex 7.6000 17.6000 0.0000
    endloop
  endfacet
  facet normal 0.000000 0.000000 -1.000000
    outer loop
      vertex 5.4210 16.0163 0.0000
      vertex 5.2847 16.0625 0.0000
      vertex 7.6000 17.6000 0.0000
    endloop
  endfacet
  facet normal 0.000000 0.000000 -1.000000
    outer loop
      vertex 5.2847 16.0625 0.0000
      vertex 5.1436 16.0906 0.0000
      vertex 7.6000 17.6000 0.0000
    endloop
  endfacet
  facet normal 0.000000 0.000000 -1.000000
    outer loop
      vertex 5.1436 16.0906 0.0000
      vertex 5.0000 16.1000 0.0000
      vertex 7.6000 17.6000 0.0000
    endloop
  endfacet
  facet normal -0.000000 0.000000 -1.000000
    outer loop
      vertex 5.0000 16.1000 0.0000
      vertex 4.8564 16.0906 0.0000
      vertex 7.6000 17.6000 0.0000
    endloop
  endfacet
  facet normal -0.000000 0.000000 -1.000000
    outer loop
      vertex 4.8564 16.0906 0.0000
      vertex 4.7153 16.0625 0.0000
      vertex 7.6000 17.6000 0.0000
    endloop
  endfacet
  facet normal -0.000000 0.000000 -1.000000
    outer loop
      vertex 4.7153 16.0625 0.0000
      vertex 4.5790 16.0163 0.0000
      vertex 7.6000 17.6000 0.0000
    endloop
  endfacet
  facet normal -0.000000 0.000000 -1.000000
    outer loop
      vertex 4.5790 16.0163 0.0000
      vertex 4.4500 15.9526 0.0000
      vertex 7.6000 17.6000 0.0000
    endloop
  endfacet
  facet normal -0.000000 0.000000 1.000000
    outer loop
      vertex 4.4500 15.9526 0.0000
      vertex 4.3304 15.8727 0.0000
      vertex 7.6000 17.6000 0.0000
    endloop
  endfacet
  facet normal 0.000000 0.000000 -1.000000
    outer loop
      vertex 4.3304 15.8727 0.0000
      vertex 2.4000 17.6000 0.0000
      vertex 7.6000 17.6000 0.0000
    endloop
  endfacet
  facet normal -0.000000 0.000000 -1.000000
    outer loop
      vertex 4.3304 15.8727 0.0000
      vertex 4.2222 15.7778 0.0000
      vertex 2.4000 17.6000 0.0000
    endloop
  endfacet
  facet normal -0.000000 0.000000 -1.000000
    outer loop
      vertex 4.2222 15.7778 0.0000
      vertex 4.1273 15.6696 0.0000
      vertex 2.4000 17.6000 0.0000
    endloop
  endfacet
  facet normal -0.000000 0.000000 -1.000000
    outer loop
      vertex 4.1273 15.6696 0.0000
      vertex 4.0474 15.5500 0.0000
      vertex 2.4000 17.6000 0.0000
    endloop
  endfacet
  facet normal -0.000000 0.000000 -1.000000
    outer loop
      vertex 4.0474 15.5500 0.0000
      vertex 3.9837 15.4210 0.0000
      vertex 2.4000 17.6000 0.0000
    endloop
  endfacet
  facet normal -0.000000 0.000000 -1.000000
    outer loop
      vertex 3.9837 15.4210 0.0000
      vertex 3.9375 15.2847 0.0000
      vertex 2.4000 17.6000 0.0000
    endloop
  endfacet
  facet normal -0.000000 0.000000 -1.000000
    outer loop
      vertex 3.9375 15.2847 0.0000
      vertex 3.9094 15.1436 0.0000
      vertex 2.4000 17.6000 0.0000
    endloop
  endfacet
  facet normal -0.000000 0.000000 -1.000000
    outer loop
      vertex 3.9094 15.1436 0.0000
      vertex 3.9000 15.0000 0.0000
      vertex 2.4000 17.6000 0.0000
    endloop
  endfacet
  facet normal -0.000000 -0.000000 -1.000000
    outer loop
      vertex 3.9000 15.0000 0.0000
      vertex 3.9094 14.8564 0.0000
      vertex 2.4000 17.6000 0.0000
    endloop
  endfacet
  facet normal -0.000000 -0.000000 -1.000000
    outer loop
      vertex 3.9094 14.8564 0.0000
      vertex 3.9375 14.7153 0.0000
      vertex 2.4000 17.6000 0.0000
    endloop
  endfacet
  facet normal -0.000000 -0.000000 -1.000000
    outer loop
      vertex 3.9375 14.7153 0.0000
      vertex 3.9837 14.5790 0.0000
      vertex 2.4000 17.6000 0.0000
    endloop
  endfacet
  facet normal -0.000000 -0.000000 -1.000000
    outer loop
      vertex 3.9837 14.5790 0.0000
      vertex 4.0474 14.4500 0.0000
      vertex 2.4000 17.6000 0.0000
    endloop
  endfacet
  facet normal -0.000000 -0.000000 1.000000
    outer loop
      vertex 4.0474 14.4500 0.0000
      vertex 4.1273 14.3304 0.0000
      vertex 2.4000 17.6000 0.0000
    endloop
  endfacet
  facet normal -0.000000 0.000000 -1.000000
    outer loop
      vertex 4.1273 14.3304 0.0000
      vertex 2.4000 12.4000 0.0000
      vertex 2.4000 17.6000 0.0000
    endloop
  endfacet
  facet normal 0.000000 -0.000000 -1.000000
    outer loop
      vertex 4.1273 14.3304 0.0000
      vertex 4.2222 14.2222 0.0000
      vertex 2.4000 12.4000 0.0000
    endloop
  endfacet
  facet normal 0.000000 -0.000000 -1.000000
    outer loop
      vertex 5.0000 19.8000 0.0000
      vertex 7.6000 17.6000 0.0000
      vertex 2.4000 17.6000 0.0000
    endloop
  endfacet
  facet normal 0.000000 0.000000 -1.000000
    outer loop
      vertex 5.0000 19.8000 0.0000
      vertex 7.6000 22.0000 0.0000
      vertex 7.6000 17.6000 0.0000
    endloop
  endfacet
  facet normal 0.000000 0.000000 -1.000000
    outer loop
      vertex 5.0000 19.8000 0.0000
      vertex 2.4000 22.0000 0.0000
      vertex 7.6000 22.0000 0.0000
    endloop
  endfacet
  facet normal -0.000000 0.000000 -1.000000
    outer loop
      vertex 5.0000 19.8000 0.0000
      vertex 2.4000 17.6000 0.0000
      vertex 2.4000 22.0000 0.0000
    endloop
  endfacet
  facet normal 0.000000 -0.000000 -1.000000
    outer loop
      vertex 11.4667 10.4444 0.0000
      vertex 25.0000 0.0000 0.0000
      vertex 7.6000 0.0000 0.0000
    endloop
  endfacet
  facet normal 0.000000 0.000000 -1.000000
    outer loop
      vertex 11.4667 10.4444 0.0000
      vertex 25.0000 22.0000 0.0000
      vertex 25.0000 0.0000 0.0000
    endloop
  endfacet
  facet normal 0.000000 0.000000 -1.000000
    outer loop
      vertex 11.4667 10.4444 0.0000
      vertex 7.6000 22.0000 0.0000
      vertex 25.0000 22.0000 0.0000
    endloop
  endfacet
  facet normal 0.000000 0.000000 -1.000000
    outer loop
      vertex 11.4667 10.4444 0.0000
      vertex 7.6000 17.6000 0.0000
      vertex 7.6000 22.0000 0.0000
    endloop
  endfacet
  facet normal 0.000000 0.000000 -1.000000
    outer loop
      vertex 11.4667 10.4444 0.0000
      vertex 7.6000 12.4000 0.0000
      vertex 7.6000 17.6000 0.0000
    endloop
  endfacet
  facet normal -0.000000 0.000000 -1.000000
    outer loop
      vertex 11.4667 10.4444 0.0000
      vertex 7.6000 10.0000 0.0000
      vertex 7.6000 12.4000 0.0000
    endloop
  endfacet
  facet normal 0.000000 0.000000 -1.000000
    outer loop
      vertex 11.4667 10.4444 0.0000
      vertex 7.6000 7.6000 0.0000
      vertex 7.6000 10.0000 0.0000
    endloop
  endfacet
  facet normal 0.000000 0.000000 -1.000000
    outer loop
      vertex 11.4667 10.4444 0.0000
      vertex 7.6000 2.4000 0.0000
      vertex 7.6000 7.6000 0.0000
    endloop
  endfacet
  facet normal 0.000000 0.000000 -1.000000
    outer loop
      vertex 11.4667 10.4444 0.0000
      vertex 7.6000 0.0000 0.0000
      vertex 7.6000 2.4000 0.0000
    endloop
  endfacet
  facet normal 0.000000 -0.000000 -1.000000
    outer loop
      vertex 38.5333 10.4444 0.0000
      vertex 42.4000 0.0000 0.0000
      vertex 25.0000 0.0000 0.0000
    endloop
  endfacet
  facet normal 0.000000 0.000000 -1.000000
    outer loop
      vertex 38.5333 10.4444 0.0000
      vertex 42.4000 2.4000 0.0000
      vertex 42.4000 0.0000 0.0000
    endloop
  endfacet
  facet normal 0.000000 0.000000 -1.000000
    outer loop
      vertex 38.5333 10.4444 0.0000
      vertex 42.4000 7.6000 0.0000
      vertex 42.4000 2.4000 0.0000
    endloop
  endfacet
  facet normal 0.000000 0.000000 -1.000000
    outer loop
      vertex 38.5333 10.4444 0.0000
      vertex 42.4000 10.0000 0.0000
      vertex 42.4000 7.6000 0.0000
    endloop
  endfacet
  facet normal 0.000000 0.000000 -1.000000
    outer loop
      vertex 38.5333 10.4444 0.0000
      vertex 42.4000 12.4000 0.0000
      vertex 42.4000 10.0000 0.0000
    endloop
  endfacet
  facet normal 0.000000 0.000000 -1.000000
    outer loop
      vertex 38.5333 10.4444 0.0000
      vertex 42.4000 17.6000 0.0000
      vertex 42.4000 12.4000 0.0000
    endloop
  endfacet
  facet normal 0.000000 0.000000 -1.000000
    outer loop
      vertex 38.5333 10.4444 0.0000
      vertex 42.4000 22.0000 0.0000
      vertex 42.4000 17.6000 0.0000
    endloop
  endfacet
  facet normal 0.000000 0.000000 -1.000000
    outer loop
      vertex 38.5333 10.4444 0.0000
      vertex 25.0000 22.0000 0.0000
      vertex 42.4000 22.0000 0.0000
    endloop
  endfacet
  facet normal -0.000000 0.000000 -1.000000
    outer loop
      vertex 38.5333 10.4444 0.0000
      vertex 25.0000 0.0000 0.0000
      vertex 25.0000 22.0000 0.0000
    endloop
  endfacet
  facet normal 0.000000 -0.000000 -1.000000
    outer loop
      vertex 45.0000 1.2000 0.0000
      vertex 47.6000 0.0000 0.0000
      vertex 42.4000 0.0000 0.0000
    endloop
  endfacet
  facet normal 0.000000 0.000000 -1.000000
    outer loop
      vertex 45.0000 1.2000 0.0000
      vertex 47.6000 2.4000 0.0000
      vertex 47.6000 0.0000 0.0000
    endloop
  endfacet
  facet normal 0.000000 0.000000 -1.000000
    outer loop
      vertex 45.0000 1.2000 0.0000
      vertex 42.4000 2.4000 0.0000
      vertex 47.6000 2.4000 0.0000
    endloop
  endfacet
  facet normal -0.000000 0.000000 -1.000000
    outer loop
      vertex 45.0000 1.2000 0.0000
      vertex 42.4000 0.0000 0.0000
      vertex 42.4000 2.4000 0.0000
    endloop
  endfacet
  facet normal 0.000000 -0.000000 -1.000000
    outer loop
      vertex 44.3304 4.1273 0.0000
      vertex 44.4500 4.0474 0.0000
      vertex 42.4000 2.4000 0.0000
    endloop
  endfacet
  facet normal 0.000000 -0.000000 -1.000000
    outer loop
      vertex 44.4500 4.0474 0.0000
      vertex 44.5790 3.9837 0.0000
      vertex 42.4000 2.4000 0.0000
    endloop
  endfacet
  facet normal 0.000000 -0.000000 -1.000000
    outer loop
      vertex 44.5790 3.9837 0.0000
      vertex 44.7153 3.9375 0.0000
      vertex 42.4000 2.4000 0.0000
    endloop
  endfacet
  facet normal 0.000000 -0.000000 -1.000000
    outer loop
      vertex 44.7153 3.9375 0.0000
      vertex 44.8564 3.9094 0.0000
      vertex 42.4000 2.4000 0.0000
    endloop
  endfacet
  facet normal 0.000000 -0.000000 -1.000000
    outer loop
      vertex 44.8564 3.9094 0.0000
      vertex 45.0000 3.9000 0.0000
      vertex 42.4000 2.4000 0.0000
    endloop
  endfacet
  facet normal 0.000000 -0.000000 -1.000000
    outer loop
      vertex 45.0000 3.9000 0.0000
      vertex 45.1436 3.9094 0.0000
      vertex 42.4000 2.4000 0.0000
    endloop
  endfacet
  facet normal 0.000000 -0.000000 -1.000000
    outer loop
      vertex 45.1436 3.9094 0.0000
      vertex 45.2847 3.9375 0.0000
      vertex 42.4000 2.4000 0.0000
    endloop
  endfacet
  facet normal 0.000000 -0.000000 -1.000000
    outer loop
      vertex 45.2847 3.9375 0.0000
      vertex 45.4210 3.9837 0.0000
      vertex 42.4000 2.4000 0.0000
    endloop
  endfacet
  facet normal 0.000000 -0.000000 -1.000000
    outer loop
      vertex 45.4210 3.9837 0.0000
      vertex 45.5500 4.0474 0.0000
      vertex 42.4000 2.4000 0.0000
    endloop
  endfacet
  facet normal 0.000000 -0.000000 1.000000
    outer loop
      vertex 45.5500 4.0474 0.0000
      vertex 45.6696 4.1273 0.0000
      vertex 42.4000 2.4000 0.0000
    endloop
  endfacet
  facet normal 0.000000 -0.000000 -1.000000
    outer loop
      vertex 45.6696 4.1273 0.0000
      vertex 47.6000 2.4000 0.0000
      vertex 42.4000 2.4000 0.0000
    endloop
  endfacet
  facet normal 0.000000 0.000000 -1.000000
    outer loop
      vertex 45.6696 4.1273 0.0000
      vertex 45.7778 4.2222 0.0000
      vertex 47.6000 2.4000 0.0000
    endloop
  endfacet
  facet normal 0.000000 0.000000 -1.000000
    outer loop
      vertex 45.7778 4.2222 0.0000
      vertex 45.8727 4.3304 0.0000
      vertex 47.6000 2.4000 0.0000
    endloop
  endfacet
  facet normal 0.000000 0.000000 -1.000000
    outer loop
      vertex 45.8727 4.3304 0.0000
      vertex 45.9526 4.4500 0.0000
      vertex 47.6000 2.4000 0.0000
    endloop
  endfacet
  facet normal 0.000000 0.000000 -1.000000
    outer loop
      vertex 45.9526 4.4500 0.0000
      vertex 46.0163 4.5790 0.0000
      vertex 47.6000 2.4000 0.0000
    endloop
  endfacet
  facet normal 0.000000 0.000000 -1.000000
    outer loop
      vertex 46.0163 4.5790 0.0000
      vertex 46.0625 4.7153 0.0000
      vertex 47.6000 2.4000 0.0000
    endloop
  endfacet
  facet normal 0.000000 0.000000 -1.000000
    outer loop
      vertex 46.0625 4.7153 0.0000
      vertex 46.0906 4.8564 0.0000
      vertex 47.6000 2.4000 0.0000
    endloop
  endfacet
  facet normal 0.000000 0.000000 -1.000000
    outer loop
      vertex 46.0906 4.8564 0.0000
      vertex 46.1000 5.0000 0.0000
      vertex 47.6000 2.4000 0.0000
    endloop
  endfacet
  facet normal 0.000000 0.000000 -1.000000
    outer loop
      vertex 46.1000 5.0000 0.0000
      vertex 46.0906 5.1436 0.0000
      vertex 47.6000 2.4000 0.0000
    endloop
  endfacet
  facet normal 0.000000 0.000000 -1.000000
    outer loop
      vertex 46.0906 5.1436 0.0000
      vertex 46.0625 5.2847 0.0000
      vertex 47.6000 2.4000 0.0000
    endloop
  endfacet
  facet normal 0.000000 0.000000 -1.000000
    outer loop
      vertex 46.0625 5.2847 0.0000
      vertex 46.0163 5.4210 0.0000
      vertex 47.6000 2.4000 0.0000
    endloop
  endfacet
  facet normal 0.000000 0.000000 -1.000000
    outer loop
      vertex 46.0163 5.4210 0.0000
      vertex 45.9526 5.5500 0.0000
      vertex 47.6000 2.4000 0.0000
    endloop
  endfacet
  facet normal 0.000000 0.000000 1.000000
    outer loop
      vertex 45.9526 5.5500 0.0000
      vertex 45.8727 5.6696 0.0000
      vertex 47.6000 2.4000 0.0000
    endloop
  endfacet
  facet normal 0.000000 0.000000 1.000000
    outer loop
      vertex 45.8727 5.6696 0.0000
      vertex 45.7778 5.7778 0.0000
      vertex 47.6000 2.4000 0.0000
    endloop
  endfacet
  facet normal 0.000000 0.000000 -1.000000
    outer loop
      vertex 45.7778 5.7778 0.0000
      vertex 47.6000 7.6000 0.0000
      vertex 47.6000 2.4000 0.0000
    endloop
  endfacet
  facet normal 0.000000 0.000000 -1.000000
    outer loop
      vertex 45.7778 5.7778 0.0000
      vertex 45.6696 5.8727 0.0000
      vertex 47.6000 7.6000 0.0000
    endloop
  endfacet
  facet normal 0.000000 0.000000 -1.000000
    outer loop
      vertex 45.6696 5.8727 0.0000
      vertex 45.5500 5.9526 0.0000
      vertex 47.6000 7.6000 0.0000
    endloop
  endfacet
  facet normal 0.000000 0.000000 -1.000000
    outer loop
      vertex 45.5500 5.9526 0.0000
      vertex 45.4210 6.0163 0.0000
      vertex 47.6000 7.6000 0.0000
    endloop
  endfacet
  facet normal 0.000000 0.000000 -1.000000
    outer loop
      vertex 45.4210 6.0163 0.0000
      vertex 45.2847 6.0625 0.0000
      vertex 47.6000 7.6000 0.0000
    endloop
  endfacet
  facet normal 0.000000 0.000000 -1.000000
    outer loop
      vertex 45.2847 6.0625 0.0000
      vertex 45.1436 6.0906 0.0000
      vertex 47.6000 7.6000 0.0000
    endloop
  endfacet
  facet normal 0.000000 0.000000 -1.000000
    outer loop
      vertex 45.1436 6.0906 0.0000
      vertex 45.0000 6.1000 0.0000
      vertex 47.6000 7.6000 0.0000
    endloop
  endfacet
  facet normal -0.000000 0.000000 -1.000000
    outer loop
      vertex 45.0000 6.1000 0.0000
      vertex 44.8564 6.0906 0.0000
      vertex 47.6000 7.6000 0.0000
    endloop
  endfacet
  facet normal -0.000000 0.000000 -1.000000
    outer loop
      vertex 44.8564 6.0906 0.0000
      vertex 44.7153 6.0625 0.0000
      vertex 47.6000 7.6000 0.0000
    endloop
  endfacet
  facet normal -0.000000 0.000000 -1.000000
    outer loop
      vertex 44.7153 6.0625 0.0000
      vertex 44.5790 6.0163 0.0000
      vertex 47.6000 7.6000 0.0000
    endloop
  endfacet
  facet normal -0.000000 0.000000 -1.000000
    outer loop
      vertex 44.5790 6.0163 0.0000
      vertex 44.4500 5.9526 0.0000
      vertex 47.6000 7.6000 0.0000
    endloop
  endfacet
  facet normal -0.000000 0.000000 1.000000
    outer loop
      vertex 44.4500 5.9526 0.0000
      vertex 44.3304 5.8727 0.0000
      vertex 47.6000 7.6000 0.0000
    endloop
  endfacet
  facet normal 0.000000 0.000000 -1.000000
    outer loop
      vertex 44.3304 5.8727 0.0000
      vertex 42.4000 7.6000 0.0000
      vertex 47.6000 7.6000 0.0000
    endloop
  endfacet
  facet normal -0.000000 0.000000 -1.000000
    outer loop
      vertex 44.3304 5.8727 0.0000
      vertex 44.2222 5.7778 0.0000
      vertex 42.4000 7.6000 0.0000
    endloop
  endfacet
  facet normal -0.000000 0.000000 -1.000000
    outer loop
      vertex 44.2222 5.7778 0.0000
      vertex 44.1273 5.6696 0.0000
      vertex 42.4000 7.6000 0.0000
    endloop
  endfacet
  facet normal -0.000000 0.000000 -1.000000
    outer loop
      vertex 44.1273 5.6696 0.0000
      vertex 44.0474 5.5500 0.0000
      vertex 42.4000 7.6000 0.0000
    endloop
  endfacet
  facet normal -0.000000 0.000000 -1.000000
    outer loop
      vertex 44.0474 5.5500 0.0000
      vertex 43.9837 5.4210 0.0000
      vertex 42.4000 7.6000 0.0000
    endloop
  endfacet
  facet normal -0.000000 0.000000 -1.000000
    outer loop
      vertex 43.9837 5.4210 0.0000
      vertex 43.9375 5.2847 0.0000
      vertex 42.4000 7.6000 0.0000
    endloop
  endfacet
  facet normal -0.000000 0.000000 -1.000000
    outer loop
      vertex 43.9375 5.2847 0.0000
      vertex 43.9094 5.1436 0.0000
      vertex 42.4000 7.6000 0.0000
    endloop
  endfacet
  facet normal -0.000000 0.000000 -1.000000
    outer loop
      vertex 43.9094 5.1436 0.0000
      vertex 43.9000 5.0000 0.0000
      vertex 42.4000 7.6000 0.0000
    endloop
  endfacet
  facet normal -0.000000 -0.000000 -1.000000
    outer loop
      vertex 43.9000 5.0000 0.0000
      vertex 43.9094 4.8564 0.0000
      vertex 42.4000 7.6000 0.0000
    endloop
  endfacet
  facet normal -0.000000 -0.000000 -1.000000
    outer loop
      vertex 43.9094 4.8564 0.0000
      vertex 43.9375 4.7153 0.0000
      vertex 42.4000 7.6000 0.0000
    endloop
  endfacet
  facet normal -0.000000 -0.000000 -1.000000
    outer loop
      vertex 43.9375 4.7153 0.0000
      vertex 43.9837 4.5790 0.0000
      vertex 42.4000 7.6000 0.0000
    endloop
  endfacet
  facet normal -0.000000 -0.000000 -1.000000
    outer loop
      vertex 43.9837 4.5790 0.0000
      vertex 44.0474 4.4500 0.0000
      vertex 42.4000 7.6000 0.0000
    endloop
  endfacet
  facet normal -0.000000 -0.000000 1.000000
    outer loop
      vertex 44.0474 4.4500 0.0000
      vertex 44.1273 4.3304 0.0000
      vertex 42.4000 7.6000 0.0000
    endloop
  endfacet
  facet normal -0.000000 -0.000000 1.000000
    outer loop
      vertex 44.1273 4.3304 0.0000
      vertex 44.2222 4.2222 0.0000
      vertex 42.4000 7.6000 0.0000
    endloop
  endfacet
  facet normal -0.000000 0.000000 -1.000000
    outer loop
      vertex 44.2222 4.2222 0.0000
      vertex 42.4000 2.4000 0.0000
      vertex 42.4000 7.6000 0.0000
    endloop
  endfacet
  facet normal 0.000000 -0.000000 -1.000000
    outer loop
      vertex 44.2222 4.2222 0.0000
      vertex 44.3304 4.1273 0.0000
      vertex 42.4000 2.4000 0.0000
    endloop
  endfacet
  facet normal 0.000000 -0.000000 -1.000000
    outer loop
      vertex 45.0000 8.8000 0.0000
      vertex 47.6000 7.6000 0.0000
      vertex 42.4000 7.6000 0.0000
    endloop
  endfacet
  facet normal 0.000000 0.000000 -1.000000
    outer loop
      vertex 45.0000 8.8000 0.0000
      vertex 47.6000 10.0000 0.0000
      vertex 47.6000 7.6000 0.0000
    endloop
  endfacet
  facet normal 0.000000 0.000000 -1.000000
    outer loop
      vertex 45.0000 8.8000 0.0000
      vertex 42.4000 10.0000 0.0000
      vertex 47.6000 10.0000 0.0000
    endloop
  endfacet
  facet normal -0.000000 0.000000 -1.000000
    outer loop
      vertex 45.0000 8.8000 0.0000
      vertex 42.4000 7.6000 0.0000
      vertex 42.4000 10.0000 0.0000
    endloop
  endfacet
  facet normal 0.000000 -0.000000 -1.000000
    outer loop
      vertex 45.0000 11.2000 0.0000
      vertex 47.6000 10.0000 0.0000
      vertex 42.4000 10.0000 0.0000
    endloop
  endfacet
  facet normal 0.000000 0.000000 -1.000000
    outer loop
      vertex 45.0000 11.2000 0.0000
      vertex 47.6000 12.4000 0.0000
      vertex 47.6000 10.0000 0.0000
    endloop
  endfacet
  facet normal 0.000000 0.000000 -1.000000
    outer loop
      vertex 45.0000 11.2000 0.0000
      vertex 42.4000 12.4000 0.0000
      vertex 47.6000 12.4000 0.0000
    endloop
  endfacet
  facet normal -0.000000 0.000000 -1.000000
    outer loop
      vertex 45.0000 11.2000 0.0000
      vertex 42.4000 10.0000 0.0000
      vertex 42.4000 12.4000 0.0000
    endloop
  endfacet
  facet normal 0.000000 -0.000000 -1.000000
    outer loop
      vertex 44.3304 14.1273 0.0000
      vertex 44.4500 14.0474 0.0000
      vertex 42.4000 12.4000 0.0000
    endloop
  endfacet
  facet normal 0.000000 -0.000000 -1.000000
    outer loop
      vertex 44.4500 14.0474 0.0000
      vertex 44.5790 13.9837 0.0000
      vertex 42.4000 12.4000 0.0000
    endloop
  endfacet
  facet normal 0.000000 -0.000000 -1.000000
    outer loop
      vertex 44.5790 13.9837 0.0000
      vertex 44.7153 13.9375 0.0000
      vertex 42.4000 12.4000 0.0000
    endloop
  endfacet
  facet normal 0.000000 -0.000000 -1.000000
    outer loop
      vertex 44.7153 13.9375 0.0000
      vertex 44.8564 13.9094 0.0000
      vertex 42.4000 12.4000 0.0000
    endloop
  endfacet
  facet normal 0.000000 -0.000000 -1.000000
    outer loop
      vertex 44.8564 13.9094 0.0000
      vertex 45.0000 13.9000 0.0000
      vertex 42.4000 12.4000 0.0000
    endloop
  endfacet
  facet normal 0.000000 -0.000000 -1.000000
    outer loop
      vertex 45.0000 13.9000 0.0000
      vertex 45.1436 13.9094 0.0000
      vertex 42.4000 12.4000 0.0000
    endloop
  endfacet
  facet normal 0.000000 -0.000000 -1.000000
    outer loop
      vertex 45.1436 13.9094 0.0000
      vertex 45.2847 13.9375 0.0000
      vertex 42.4000 12.4000 0.0000
    endloop
  endfacet
  facet normal 0.000000 -0.000000 -1.000000
    outer loop
      vertex 45.2847 13.9375 0.0000
      vertex 45.4210 13.9837 0.0000
      vertex 42.4000 12.4000 0.0000
    endloop
  endfacet
  facet normal 0.000000 -0.000000 -1.000000
    outer loop
      vertex 45.4210 13.9837 0.0000
      vertex 45.5500 14.0474 0.0000
      vertex 42.4000 12.4000 0.0000
    endloop
  endfacet
  facet normal 0.000000 -0.000000 1.000000
    outer loop
      vertex 45.5500 14.0474 0.0000
      vertex 45.6696 14.1273 0.0000
      vertex 42.4000 12.4000 0.0000
    endloop
  endfacet
  facet normal 0.000000 -0.000000 -1.000000
    outer loop
      vertex 45.6696 14.1273 0.0000
      vertex 47.6000 12.4000 0.0000
      vertex 42.4000 12.4000 0.0000
    endloop
  endfacet
  facet normal 0.000000 0.000000 -1.000000
    outer loop
      vertex 45.6696 14.1273 0.0000
      vertex 45.7778 14.2222 0.0000
      vertex 47.6000 12.4000 0.0000
    endloop
  endfacet
  facet normal 0.000000 0.000000 -1.000000
    outer loop
      vertex 45.7778 14.2222 0.0000
      vertex 45.8727 14.3304 0.0000
      vertex 47.6000 12.4000 0.0000
    endloop
  endfacet
  facet normal 0.000000 0.000000 -1.000000
    outer loop
      vertex 45.8727 14.3304 0.0000
      vertex 45.9526 14.4500 0.0000
      vertex 47.6000 12.4000 0.0000
    endloop
  endfacet
  facet normal 0.000000 0.000000 -1.000000
    outer loop
      vertex 45.9526 14.4500 0.0000
      vertex 46.0163 14.5790 0.0000
      vertex 47.6000 12.4000 0.0000
    endloop
  endfacet
  facet normal 0.000000 0.000000 -1.000000
    outer loop
      vertex 46.0163 14.5790 0.0000
      vertex 46.0625 14.7153 0.0000
      vertex 47.6000 12.4000 0.0000
    endloop
  endfacet
  facet normal 0.000000 0.000000 -1.000000
    outer loop
      vertex 46.0625 14.7153 0.0000
      vertex 46.0906 14.8564 0.0000
      vertex 47.6000 12.4000 0.0000
    endloop
  endfacet
  facet normal 0.000000 0.000000 -1.000000
    outer loop
      vertex 46.0906 14.8564 0.0000
      vertex 46.1000 15.0000 0.0000
      vertex 47.6000 12.4000 0.0000
    endloop
  endfacet
  facet normal 0.000000 0.000000 -1.000000
    outer loop
      vertex 46.1000 15.0000 0.0000
      vertex 46.0906 15.1436 0.0000
      vertex 47.6000 12.4000 0.0000
    endloop
  endfacet
  facet normal 0.000000 0.000000 -1.000000
    outer loop
      vertex 46.0906 15.1436 0.0000
      vertex 46.0625 15.2847 0.0000
      vertex 47.6000 12.4000 0.0000
    endloop
  endfacet
  facet normal 0.000000 0.000000 -1.000000
    outer loop
      vertex 46.0625 15.2847 0.0000
      vertex 46.0163 15.4210 0.0000
      vertex 47.6000 12.4000 0.0000
    endloop
  endfacet
  facet normal 0.000000 0.000000 -1.000000
    outer loop
      vertex 46.0163 15.4210 0.0000
      vertex 45.9526 15.5500 0.0000
      vertex 47.6000 12.4000 0.0000
    endloop
  endfacet
  facet normal 0.000000 0.000000 1.000000
    outer loop
      vertex 45.9526 15.5500 0.0000
      vertex 45.8727 15.6696 0.0000
      vertex 47.6000 12.4000 0.0000
    endloop
  endfacet
  facet normal 0.000000 0.000000 1.000000
    outer loop
      vertex 45.8727 15.6696 0.0000
      vertex 45.7778 15.7778 0.0000
      vertex 47.6000 12.4000 0.0000
    endloop
  endfacet
  facet normal 0.000000 0.000000 -1.000000
    outer loop
      vertex 45.7778 15.7778 0.0000
      vertex 47.6000 17.6000 0.0000
      vertex 47.6000 12.4000 0.0000
    endloop
  endfacet
  facet normal 0.000000 0.000000 -1.000000
    outer loop
      vertex 45.7778 15.7778 0.0000
      vertex 45.6696 15.8727 0.0000
      vertex 47.6000 17.6000 0.0000
    endloop
  endfacet
  facet normal 0.000000 0.000000 -1.000000
    outer loop
      vertex 45.6696 15.8727 0.0000
      vertex 45.5500 15.9526 0.0000
      vertex 47.6000 17.6000 0.0000
    endloop
  endfacet
  facet normal 0.000000 0.000000 -1.000000
    outer loop
      vertex 45.5500 15.9526 0.0000
      vertex 45.4210 16.0163 0.0000
      vertex 47.6000 17.6000 0.0000
    endloop
  endfacet
  facet normal 0.000000 0.000000 -1.000000
    outer loop
      vertex 45.4210 16.0163 0.0000
      vertex 45.2847 16.0625 0.0000
      vertex 47.6000 17.6000 0.0000
    endloop
  endfacet
  facet normal 0.000000 0.000000 -1.000000
    outer loop
      vertex 45.2847 16.0625 0.0000
      vertex 45.1436 16.0906 0.0000
      vertex 47.6000 17.6000 0.0000
    endloop
  endfacet
  facet normal 0.000000 0.000000 -1.000000
    outer loop
      vertex 45.1436 16.0906 0.0000
      vertex 45.0000 16.1000 0.0000
      vertex 47.6000 17.6000 0.0000
    endloop
  endfacet
  facet normal -0.000000 0.000000 -1.000000
    outer loop
      vertex 45.0000 16.1000 0.0000
      vertex 44.8564 16.0906 0.0000
      vertex 47.6000 17.6000 0.0000
    endloop
  endfacet
  facet normal -0.000000 0.000000 -1.000000
    outer loop
      vertex 44.8564 16.0906 0.0000
      vertex 44.7153 16.0625 0.0000
      vertex 47.6000 17.6000 0.0000
    endloop
  endfacet
  facet normal -0.000000 0.000000 -1.000000
    outer loop
      vertex 44.7153 16.0625 0.0000
      vertex 44.5790 16.0163 0.0000
      vertex 47.6000 17.6000 0.0000
    endloop
  endfacet
  facet normal -0.000000 0.000000 -1.000000
    outer loop
      vertex 44.5790 16.0163 0.0000
      vertex 44.4500 15.9526 0.0000
      vertex 47.6000 17.6000 0.0000
    endloop
  endfacet
  facet normal -0.000000 0.000000 1.000000
    outer loop
      vertex 44.4500 15.9526 0.0000
      vertex 44.3304 15.8727 0.0000
      vertex 47.6000 17.6000 0.0000
    endloop
  endfacet
  facet normal 0.000000 0.000000 -1.000000
    outer loop
      vertex 44.3304 15.8727 0.0000
      vertex 42.4000 17.6000 0.0000
      vertex 47.6000 17.6000 0.0000
    endloop
  endfacet
  facet normal -0.000000 0.000000 -1.000000
    outer loop
      vertex 44.3304 15.8727 0.0000
      vertex 44.2222 15.7778 0.0000
      vertex 42.4000 17.6000 0.0000
    endloop
  endfacet
  facet normal -0.000000 0.000000 -1.000000
    outer loop
      vertex 44.2222 15.7778 0.0000
      vertex 44.1273 15.6696 0.0000
      vertex 42.4000 17.6000 0.0000
    endloop
  endfacet
  facet normal -0.000000 0.000000 -1.000000
    outer loop
      vertex 44.1273 15.6696 0.0000
      vertex 44.0474 15.5500 0.0000
      vertex 42.4000 17.6000 0.0000
    endloop
  endfacet
  facet normal -0.000000 0.000000 -1.000000
    outer loop
      vertex 44.0474 15.5500 0.0000
      vertex 43.9837 15.4210 0.0000
      vertex 42.4000 17.6000 0.0000
    endloop
  endfacet
  facet normal -0.000000 0.000000 -1.000000
    outer loop
      vertex 43.9837 15.4210 0.0000
      vertex 43.9375 15.2847 0.0000
      vertex 42.4000 17.6000 0.0000
    endloop
  endfacet
  facet normal -0.000000 0.000000 -1.000000
    outer loop
      vertex 43.9375 15.2847 0.0000
      vertex 43.9094 15.1436 0.0000
      vertex 42.4000 17.6000 0.0000
    endloop
  endfacet
  facet normal -0.000000 0.000000 -1.000000
    outer loop
      vertex 43.9094 15.1436 0.0000
      vertex 43.9000 15.0000 0.0000
      vertex 42.4000 17.6000 0.0000
    endloop
  endfacet
  facet normal -0.000000 -0.000000 -1.000000
    outer loop
      vertex 43.9000 15.0000 0.0000
      vertex 43.9094 14.8564 0.0000
      vertex 42.4000 17.6000 0.0000
    endloop
  endfacet
  facet normal -0.000000 -0.000000 -1.000000
    outer loop
      vertex 43.9094 14.8564 0.0000
      vertex 43.9375 14.7153 0.0000
      vertex 42.4000 17.6000 0.0000
    endloop
  endfacet
  facet normal -0.000000 -0.000000 -1.000000
    outer loop
      vertex 43.9375 14.7153 0.0000
      vertex 43.9837 14.5790 0.0000
      vertex 42.4000 17.6000 0.0000
    endloop
  endfacet
  facet normal -0.000000 -0.000000 -1.000000
    outer loop
      vertex 43.9837 14.5790 0.0000
      vertex 44.0474 14.4500 0.0000
      vertex 42.4000 17.6000 0.0000
    endloop
  endfacet
  facet normal -0.000000 -0.000000 1.000000
    outer loop
      vertex 44.0474 14.4500 0.0000
      vertex 44.1273 14.3304 0.0000
      vertex 42.4000 17.6000 0.0000
    endloop
  endfacet
  facet normal -0.000000 -0.000000 1.000000
    outer loop
      vertex 44.1273 14.3304 0.0000
      vertex 44.2222 14.2222 0.0000
      vertex 42.4000 17.6000 0.0000
    endloop
  endfacet
  facet normal -0.000000 0.000000 -1.000000
    outer loop
      vertex 44.2222 14.2222 0.0000
      vertex 42.4000 12.4000 0.0000
      vertex 42.4000 17.6000 0.0000
    endloop
  endfacet
  facet normal 0.000000 -0.000000 -1.000000
    outer loop
      vertex 44.2222 14.2222 0.0000
      vertex 44.3304 14.1273 0.0000
      vertex 42.4000 12.4000 0.0000
    endloop
  endfacet
  facet normal 0.000000 -0.000000 -1.000000
    outer loop
      vertex 45.0000 19.8000 0.0000
      vertex 47.6000 17.6000 0.0000
      vertex 42.4000 17.6000 0.0000
    endloop
  endfacet
  facet normal 0.000000 0.000000 -1.000000
    outer loop
      vertex 45.0000 19.8000 0.0000
      vertex 47.6000 22.0000 0.0000
      vertex 47.6000 17.6000 0.0000
    endloop
  endfacet
  facet normal 0.000000 0.000000 -1.000000
    outer loop
      vertex 45.0000 19.8000 0.0000
      vertex 42.4000 22.0000 0.0000
      vertex 47.6000 22.0000 0.0000
    endloop
  endfacet
  facet normal -0.000000 0.000000 -1.000000
    outer loop
      vertex 45.0000 19.8000 0.0000
      vertex 42.4000 17.6000 0.0000
      vertex 42.4000 22.0000 0.0000
    endloop
  endfacet
  facet normal 0.000000 -0.000000 -1.000000
    outer loop
      vertex 48.1333 10.4444 0.0000
      vertex 50.0000 0.0000 0.0000
      vertex 47.6000 0.0000 0.0000
    endloop
  endfacet
  facet normal 0.000000 0.000000 -1.000000
    outer loop
      vertex 48.1333 10.4444 0.0000
      vertex 50.0000 22.0000 0.0000
      vertex 50.0000 0.0000 0.0000
    endloop
  endfacet
  facet normal 0.000000 0.000000 -1.000000
    outer loop
      vertex 48.1333 10.4444 0.0000
      vertex 47.6000 22.0000 0.0000
      vertex 50.0000 22.0000 0.0000
    endloop
  endfacet
  facet normal 0.000000 0.000000 -1.000000
    outer loop
      vertex 48.1333 10.4444 0.0000
      vertex 47.6000 17.6000 0.0000
      vertex 47.6000 22.0000 0.0000
    endloop
  endfacet
  facet normal 0.000000 0.000000 -1.000000
    outer loop
      vertex 48.1333 10.4444 0.0000
      vertex 47.6000 12.4000 0.0000
      vertex 47.6000 17.6000 0.0000
    endloop
  endfacet
  facet normal -0.000000 0.000000 -1.000000
    outer loop
      vertex 48.1333 10.4444 0.0000
      vertex 47.6000 10.0000 0.0000
      vertex 47.6000 12.4000 0.0000
    endloop
  endfacet
  facet normal 0.000000 0.000000 -1.000000
    outer loop
      vertex 48.1333 10.4444 0.0000
      vertex 47.6000 7.6000 0.0000
      vertex 47.6000 10.0000 0.0000
    endloop
  endfacet
  facet normal 0.000000 0.000000 -1.000000
    outer loop
      vertex 48.1333 10.4444 0.0000
      vertex 47.6000 2.4000 0.0000
      vertex 47.6000 7.6000 0.0000
    endloop
  endfacet
  facet normal 0.000000 0.000000 -1.000000
    outer loop
      vertex 48.1333 10.4444 0.0000
      vertex 47.6000 0.0000 0.0000
      vertex 47.6000 2.4000 0.0000
    endloop
  endfacet
  facet normal 0.321439 -0.946930 0.000000
    outer loop
      vertex 4.5790 6.0163 3.0000
      vertex 4.5790 6.0163 0.0000
      vertex 4.7153 6.0625 0.0000
    endloop
  endfacet
  facet normal 0.321439 -0.946930 0.000000
    outer loop
      vertex 4.5790 6.0163 3.0000
      vertex 4.7153 6.0625 0.0000
      vertex 4.7153 6.0625 3.0000
    endloop
  endfacet
  facet normal 0.896873 0.442289 0.000000
    outer loop
      vertex 4.0474 4.4500 3.0000
      vertex 4.0474 4.4500 0.0000
      vertex 3.9837 4.5790 0.0000
    endloop
  endfacet
  facet normal 0.896873 0.442289 0.000000
    outer loop
      vertex 4.0474 4.4500 3.0000
      vertex 3.9837 4.5790 0.0000
      vertex 3.9837 4.5790 3.0000
    endloop
  endfacet
  facet normal 0.000000 1.000000 0.000000
    outer loop
      vertex 2.4000 22.0000 3.0000
      vertex 2.4000 22.0000 0.0000
      vertex 0.0000 22.0000 0.0000
    endloop
  endfacet
  facet normal 0.000000 1.000000 0.000000
    outer loop
      vertex 2.4000 22.0000 3.0000
      vertex 0.0000 22.0000 0.0000
      vertex 0.0000 22.0000 3.0000
    endloop
  endfacet
  facet normal 0.555570 0.831470 0.000000
    outer loop
      vertex 44.4500 4.0474 3.0000
      vertex 44.4500 4.0474 0.0000
      vertex 44.3304 4.1273 0.0000
    endloop
  endfacet
  facet normal 0.555570 0.831470 0.000000
    outer loop
      vertex 44.4500 4.0474 3.0000
      vertex 44.3304 4.1273 0.0000
      vertex 44.3304 4.1273 3.0000
    endloop
  endfacet
  facet normal 0.997859 0.065403 0.000000
    outer loop
      vertex 3.9094 4.8564 3.0000
      vertex 3.9094 4.8564 0.0000
      vertex 3.9000 5.0000 0.0000
    endloop
  endfacet
  facet normal 0.997859 0.065403 0.000000
    outer loop
      vertex 3.9094 4.8564 3.0000
      vertex 3.9000 5.0000 0.0000
      vertex 3.9000 5.0000 3.0000
    endloop
  endfacet
  facet normal 0.065403 0.997859 0.000000
    outer loop
      vertex 45.0000 3.9000 3.0000
      vertex 45.0000 3.9000 0.0000
      vertex 44.8564 3.9094 0.0000
    endloop
  endfacet
  facet normal 0.065403 0.997859 0.000000
    outer loop
      vertex 45.0000 3.9000 3.0000
      vertex 44.8564 3.9094 0.0000
      vertex 44.8564 3.9094 3.0000
    endloop
  endfacet
  facet normal 0.997859 0.065403 0.000000
    outer loop
      vertex 43.9094 4.8564 3.0000
      vertex 43.9094 4.8564 0.0000
      vertex 43.9000 5.0000 0.0000
    endloop
  endfacet
  facet normal 0.997859 0.065403 0.000000
    outer loop
      vertex 43.9094 4.8564 3.0000
      vertex 43.9000 5.0000 0.0000
      vertex 43.9000 5.0000 3.0000
    endloop
  endfacet
  facet normal 0.321439 0.946930 0.000000
    outer loop
      vertex 4.7153 3.9375 3.0000
      vertex 4.7153 3.9375 0.0000
      vertex 4.5790 3.9837 0.0000
    endloop
  endfacet
  facet normal 0.321439 0.946930 0.000000
    outer loop
      vertex 4.7153 3.9375 3.0000
      vertex 4.5790 3.9837 0.0000
      vertex 4.5790 3.9837 3.0000
    endloop
  endfacet
  facet normal -0.321439 -0.946930 -0.000000
    outer loop
      vertex 5.2847 6.0625 3.0000
      vertex 5.2847 6.0625 0.0000
      vertex 5.4210 6.0163 0.0000
    endloop
  endfacet
  facet normal -0.321439 -0.946930 0.000000
    outer loop
      vertex 5.2847 6.0625 3.0000
      vertex 5.4210 6.0163 0.0000
      vertex 5.4210 6.0163 3.0000
    endloop
  endfacet
  facet normal 0.000000 -1.000000 0.000000
    outer loop
      vertex 25.0000 0.0000 3.0000
      vertex 25.0000 0.0000 0.0000
      vertex 42.4000 0.0000 0.0000
    endloop
  endfacet
  facet normal 0.000000 -1.000000 0.000000
    outer loop
      vertex 25.0000 0.0000 3.0000
      vertex 42.4000 0.0000 0.0000
      vertex 42.4000 0.0000 3.0000
    endloop
  endfacet
  facet normal -0.980785 -0.195090 -0.000000
    outer loop
      vertex 46.0625 5.2847 3.0000
      vertex 46.0625 5.2847 0.0000
      vertex 46.0906 5.1436 0.0000
    endloop
  endfacet
  facet normal -0.980785 -0.195090 0.000000
    outer loop
      vertex 46.0625 5.2847 3.0000
      vertex 46.0906 5.1436 0.0000
      vertex 46.0906 5.1436 3.0000
    endloop
  endfacet
  facet normal -0.896873 -0.442289 -0.000000
    outer loop
      vertex 5.9526 5.5500 3.0000
      vertex 5.9526 5.5500 0.0000
      vertex 6.0163 5.4210 0.0000
    endloop
  endfacet
  facet normal -0.896873 -0.442289 0.000000
    outer loop
      vertex 5.9526 5.5500 3.0000
      vertex 6.0163 5.4210 0.0000
      vertex 6.0163 5.4210 3.0000
    endloop
  endfacet
  facet normal 0.659346 -0.751840 0.000000
    outer loop
      vertex 44.2222 5.7778 3.0000
      vertex 44.2222 5.7778 0.0000
      vertex 44.3304 5.8727 0.0000
    endloop
  endfacet
  facet normal 0.659346 -0.751840 0.000000
    outer loop
      vertex 44.2222 5.7778 3.0000
      vertex 44.3304 5.8727 0.0000
      vertex 44.3304 5.8727 3.0000
    endloop
  endfacet
  facet normal 0.831470 0.555570 0.000000
    outer loop
      vertex 4.1273 14.3304 3.0000
      vertex 4.1273 14.3304 0.0000
      vertex 4.0474 14.4500 0.0000
    endloop
  endfacet
  facet normal 0.831470 0.555570 0.000000
    outer loop
      vertex 4.1273 14.3304 3.0000
      vertex 4.0474 14.4500 0.0000
      vertex 4.0474 14.4500 3.0000
    endloop
  endfacet
  facet normal 0.659346 -0.751840 0.000000
    outer loop
      vertex 4.2222 5.7778 3.0000
      vertex 4.2222 5.7778 0.0000
      vertex 4.3304 5.8727 0.0000
    endloop
  endfacet
  facet normal 0.659346 -0.751840 0.000000
    outer loop
      vertex 4.2222 5.7778 3.0000
      vertex 4.3304 5.8727 0.0000
      vertex 4.3304 5.8727 3.0000
    endloop
  endfacet
  facet normal 0.195090 0.980785 0.000000
    outer loop
      vertex 44.8564 13.9094 3.0000
      vertex 44.8564 13.9094 0.0000
      vertex 44.7153 13.9375 0.0000
    endloop
  endfacet
  facet normal 0.195090 0.980785 0.000000
    outer loop
      vertex 44.8564 13.9094 3.0000
      vertex 44.7153 13.9375 0.0000
      vertex 44.7153 13.9375 3.0000
    endloop
  endfacet
  facet normal 0.980785 -0.195090 0.000000
    outer loop
      vertex 43.9094 5.1436 3.0000
      vertex 43.9094 5.1436 0.0000
      vertex 43.9375 5.2847 0.0000
    endloop
  endfacet
  facet normal 0.980785 -0.195090 0.000000
    outer loop
      vertex 43.9094 5.1436 3.0000
      vertex 43.9375 5.2847 0.0000
      vertex 43.9375 5.2847 3.0000
    endloop
  endfacet
  facet normal 0.997859 -0.065403 0.000000
    outer loop
      vertex 43.9000 15.0000 3.0000
      vertex 43.9000 15.0000 0.0000
      vertex 43.9094 15.1436 0.0000
    endloop
  endfacet
  facet normal 0.997859 -0.065403 0.000000
    outer loop
      vertex 43.9000 15.0000 3.0000
      vertex 43.9094 15.1436 0.0000
      vertex 43.9094 15.1436 3.0000
    endloop
  endfacet
  facet normal -0.321439 0.946930 0.000000
    outer loop
      vertex 45.4210 3.9837 3.0000
      vertex 45.4210 3.9837 0.0000
      vertex 45.2847 3.9375 0.0000
    endloop
  endfacet
  facet normal -0.321439 0.946930 0.000000
    outer loop
      vertex 45.4210 3.9837 3.0000
      vertex 45.2847 3.9375 0.0000
      vertex 45.2847 3.9375 3.0000
    endloop
  endfacet
  facet normal 0.980785 -0.195090 0.000000
    outer loop
      vertex 43.9094 15.1436 3.0000
      vertex 43.9094 15.1436 0.0000
      vertex 43.9375 15.2847 0.0000
    endloop
  endfacet
  facet normal 0.980785 -0.195090 0.000000
    outer loop
      vertex 43.9094 15.1436 3.0000
      vertex 43.9375 15.2847 0.0000
      vertex 43.9375 15.2847 3.0000
    endloop
  endfacet
  facet normal 0.195090 -0.980785 0.000000
    outer loop
      vertex 4.7153 6.0625 3.0000
      vertex 4.7153 6.0625 0.0000
      vertex 4.8564 6.0906 0.0000
    endloop
  endfacet
  facet normal 0.195090 -0.980785 0.000000
    outer loop
      vertex 4.7153 6.0625 3.0000
      vertex 4.8564 6.0906 0.0000
      vertex 4.8564 6.0906 3.0000
    endloop
  endfacet
  facet normal -0.831470 0.555570 0.000000
    outer loop
      vertex 5.9526 4.4500 3.0000
      vertex 5.9526 4.4500 0.0000
      vertex 5.8727 4.3304 0.0000
    endloop
  endfacet
  facet normal -0.831470 0.555570 0.000000
    outer loop
      vertex 5.9526 4.4500 3.0000
      vertex 5.8727 4.3304 0.0000
      vertex 5.8727 4.3304 3.0000
    endloop
  endfacet
  facet normal -0.751840 -0.659346 -0.000000
    outer loop
      vertex 5.7778 5.7778 3.0000
      vertex 5.7778 5.7778 0.0000
      vertex 5.8727 5.6696 0.0000
    endloop
  endfacet
  facet normal -0.751840 -0.659346 0.000000
    outer loop
      vertex 5.7778 5.7778 3.0000
      vertex 5.8727 5.6696 0.0000
      vertex 5.8727 5.6696 3.0000
    endloop
  endfacet
  facet normal -0.555570 0.831470 0.000000
    outer loop
      vertex 5.6696 4.1273 3.0000
      vertex 5.6696 4.1273 0.0000
      vertex 5.5500 4.0474 0.0000
    endloop
  endfacet
  facet normal -0.555570 0.831470 0.000000
    outer loop
      vertex 5.6696 4.1273 3.0000
      vertex 5.5500 4.0474 0.0000
      vertex 5.5500 4.0474 3.0000
    endloop
  endfacet
  facet normal 0.946930 -0.321439 0.000000
    outer loop
      vertex 3.9375 5.2847 3.0000
      vertex 3.9375 5.2847 0.0000
      vertex 3.9837 5.4210 0.0000
    endloop
  endfacet
  facet normal 0.946930 -0.321439 0.000000
    outer loop
      vertex 3.9375 5.2847 3.0000
      vertex 3.9837 5.4210 0.0000
      vertex 3.9837 5.4210 3.0000
    endloop
  endfacet
  facet normal 0.896873 -0.442289 0.000000
    outer loop
      vertex 3.9837 15.4210 3.0000
      vertex 3.9837 15.4210 0.0000
      vertex 4.0474 15.5500 0.0000
    endloop
  endfacet
  facet normal 0.896873 -0.442289 0.000000
    outer loop
      vertex 3.9837 15.4210 3.0000
      vertex 4.0474 15.5500 0.0000
      vertex 4.0474 15.5500 3.0000
    endloop
  endfacet
  facet normal 0.659346 -0.751840 0.000000
    outer loop
      vertex 44.2222 15.7778 3.0000
      vertex 44.2222 15.7778 0.0000
      vertex 44.3304 15.8727 0.0000
    endloop
  endfacet
  facet normal 0.659346 -0.751840 0.000000
    outer loop
      vertex 44.2222 15.7778 3.0000
      vertex 44.3304 15.8727 0.0000
      vertex 44.3304 15.8727 3.0000
    endloop
  endfacet
  facet normal -0.997859 -0.065403 -0.000000
    outer loop
      vertex 46.0906 5.1436 3.0000
      vertex 46.0906 5.1436 0.0000
      vertex 46.1000 5.0000 0.0000
    endloop
  endfacet
  facet normal -0.997859 -0.065403 0.000000
    outer loop
      vertex 46.0906 5.1436 3.0000
      vertex 46.1000 5.0000 0.0000
      vertex 46.1000 5.0000 3.0000
    endloop
  endfacet
  facet normal -0.195090 0.980785 0.000000
    outer loop
      vertex 5.2847 13.9375 3.0000
      vertex 5.2847 13.9375 0.0000
      vertex 5.1436 13.9094 0.0000
    endloop
  endfacet
  facet normal -0.195090 0.980785 0.000000
    outer loop
      vertex 5.2847 13.9375 3.0000
      vertex 5.1436 13.9094 0.0000
      vertex 5.1436 13.9094 3.0000
    endloop
  endfacet
  facet normal -0.997859 -0.065403 -0.000000
    outer loop
      vertex 46.0906 15.1436 3.0000
      vertex 46.0906 15.1436 0.0000
      vertex 46.1000 15.0000 0.0000
    endloop
  endfacet
  facet normal -0.997859 -0.065403 0.000000
    outer loop
      vertex 46.0906 15.1436 3.0000
      vertex 46.1000 15.0000 0.0000
      vertex 46.1000 15.0000 3.0000
    endloop
  endfacet
  facet normal -0.997859 0.065403 0.000000
    outer loop
      vertex 46.1000 5.0000 3.0000
      vertex 46.1000 5.0000 0.0000
      vertex 46.0906 4.8564 0.0000
    endloop
  endfacet
  facet normal -0.997859 0.065403 0.000000
    outer loop
      vertex 46.1000 5.0000 3.0000
      vertex 46.0906 4.8564 0.0000
      vertex 46.0906 4.8564 3.0000
    endloop
  endfacet
  facet normal -0.980785 -0.195090 -0.000000
    outer loop
      vertex 46.0625 15.2847 3.0000
      vertex 46.0625 15.2847 0.0000
      vertex 46.0906 15.1436 0.0000
    endloop
  endfacet
  facet normal -0.980785 -0.195090 0.000000
    outer loop
      vertex 46.0625 15.2847 3.0000
      vertex 46.0906 15.1436 0.0000
      vertex 46.0906 15.1436 3.0000
    endloop
  endfacet
  facet normal -0.831470 -0.555570 -0.000000
    outer loop
      vertex 5.8727 5.6696 3.0000
      vertex 5.8727 5.6696 0.0000
      vertex 5.9526 5.5500 0.0000
    endloop
  endfacet
  facet normal -0.831470 -0.555570 0.000000
    outer loop
      vertex 5.8727 5.6696 3.0000
      vertex 5.9526 5.5500 0.0000
      vertex 5.9526 5.5500 3.0000
    endloop
  endfacet
  facet normal 0.751840 -0.659346 0.000000
    outer loop
      vertex 44.1273 15.6696 3.0000
      vertex 44.1273 15.6696 0.0000
      vertex 44.2222 15.7778 0.0000
    endloop
  endfacet
  facet normal 0.751840 -0.659346 0.000000
    outer loop
      vertex 44.1273 15.6696 3.0000
      vertex 44.2222 15.7778 0.0000
      vertex 44.2222 15.7778 3.0000
    endloop
  endfacet
  facet normal 0.195090 -0.980785 0.000000
    outer loop
      vertex 44.7153 16.0625 3.0000
      vertex 44.7153 16.0625 0.0000
      vertex 44.8564 16.0906 0.0000
    endloop
  endfacet
  facet normal 0.195090 -0.980785 0.000000
    outer loop
      vertex 44.7153 16.0625 3.0000
      vertex 44.8564 16.0906 0.0000
      vertex 44.8564 16.0906 3.0000
    endloop
  endfacet
  facet normal 0.946930 0.321439 0.000000
    outer loop
      vertex 43.9837 14.5790 3.0000
      vertex 43.9837 14.5790 0.0000
      vertex 43.9375 14.7153 0.0000
    endloop
  endfacet
  facet normal 0.946930 0.321439 0.000000
    outer loop
      vertex 43.9837 14.5790 3.0000
      vertex 43.9375 14.7153 0.0000
      vertex 43.9375 14.7153 3.0000
    endloop
  endfacet
  facet normal -0.997859 0.065403 0.000000
    outer loop
      vertex 46.1000 15.0000 3.0000
      vertex 46.1000 15.0000 0.0000
      vertex 46.0906 14.8564 0.0000
    endloop
  endfacet
  facet normal -0.997859 0.065403 0.000000
    outer loop
      vertex 46.1000 15.0000 3.0000
      vertex 46.0906 14.8564 0.0000
      vertex 46.0906 14.8564 3.0000
    endloop
  endfacet
  facet normal -0.065403 0.997859 0.000000
    outer loop
      vertex 5.1436 3.9094 3.0000
      vertex 5.1436 3.9094 0.0000
      vertex 5.0000 3.9000 0.0000
    endloop
  endfacet
  facet normal -0.065403 0.997859 0.000000
    outer loop
      vertex 5.1436 3.9094 3.0000
      vertex 5.0000 3.9000 0.0000
      vertex 5.0000 3.9000 3.0000
    endloop
  endfacet
  facet normal -0.442289 -0.896873 -0.000000
    outer loop
      vertex 45.4210 16.0163 3.0000
      vertex 45.4210 16.0163 0.0000
      vertex 45.5500 15.9526 0.0000
    endloop
  endfacet
  facet normal -0.442289 -0.896873 0.000000
    outer loop
      vertex 45.4210 16.0163 3.0000
      vertex 45.5500 15.9526 0.0000
      vertex 45.5500 15.9526 3.0000
    endloop
  endfacet
  facet normal -0.065403 -0.997859 -0.000000
    outer loop
      vertex 5.0000 16.1000 3.0000
      vertex 5.0000 16.1000 0.0000
      vertex 5.1436 16.0906 0.0000
    endloop
  endfacet
  facet normal -0.065403 -0.997859 0.000000
    outer loop
      vertex 5.0000 16.1000 3.0000
      vertex 5.1436 16.0906 0.0000
      vertex 5.1436 16.0906 3.0000
    endloop
  endfacet
  facet normal 0.751840 0.659346 0.000000
    outer loop
      vertex 4.2222 14.2222 3.0000
      vertex 4.2222 14.2222 0.0000
      vertex 4.1273 14.3304 0.0000
    endloop
  endfacet
  facet normal 0.751840 0.659346 0.000000
    outer loop
      vertex 4.2222 14.2222 3.0000
      vertex 4.1273 14.3304 0.0000
      vertex 4.1273 14.3304 3.0000
    endloop
  endfacet
  facet normal 0.659346 0.751840 0.000000
    outer loop
      vertex 4.3304 4.1273 3.0000
      vertex 4.3304 4.1273 0.0000
      vertex 4.2222 4.2222 0.0000
    endloop
  endfacet
  facet normal 0.659346 0.751840 0.000000
    outer loop
      vertex 4.3304 4.1273 3.0000
      vertex 4.2222 4.2222 0.0000
      vertex 4.2222 4.2222 3.0000
    endloop
  endfacet
  facet normal -0.321439 0.946930 0.000000
    outer loop
      vertex 5.4210 13.9837 3.0000
      vertex 5.4210 13.9837 0.0000
      vertex 5.2847 13.9375 0.0000
    endloop
  endfacet
  facet normal -0.321439 0.946930 0.000000
    outer loop
      vertex 5.4210 13.9837 3.0000
      vertex 5.2847 13.9375 0.0000
      vertex 5.2847 13.9375 3.0000
    endloop
  endfacet
  facet normal -0.751840 -0.659346 -0.000000
    outer loop
      vertex 5.7778 15.7778 3.0000
      vertex 5.7778 15.7778 0.0000
      vertex 5.8727 15.6696 0.0000
    endloop
  endfacet
  facet normal -0.751840 -0.659346 0.000000
    outer loop
      vertex 5.7778 15.7778 3.0000
      vertex 5.8727 15.6696 0.0000
      vertex 5.8727 15.6696 3.0000
    endloop
  endfacet
  facet normal -0.896873 -0.442289 -0.000000
    outer loop
      vertex 45.9526 5.5500 3.0000
      vertex 45.9526 5.5500 0.0000
      vertex 46.0163 5.4210 0.0000
    endloop
  endfacet
  facet normal -0.896873 -0.442289 0.000000
    outer loop
      vertex 45.9526 5.5500 3.0000
      vertex 46.0163 5.4210 0.0000
      vertex 46.0163 5.4210 3.0000
    endloop
  endfacet
  facet normal 0.980785 -0.195090 0.000000
    outer loop
      vertex 3.9094 15.1436 3.0000
      vertex 3.9094 15.1436 0.0000
      vertex 3.9375 15.2847 0.0000
    endloop
  endfacet
  facet normal 0.980785 -0.195090 0.000000
    outer loop
      vertex 3.9094 15.1436 3.0000
      vertex 3.9375 15.2847 0.0000
      vertex 3.9375 15.2847 3.0000
    endloop
  endfacet
  facet normal 0.831470 -0.555570 0.000000
    outer loop
      vertex 44.0474 15.5500 3.0000
      vertex 44.0474 15.5500 0.0000
      vertex 44.1273 15.6696 0.0000
    endloop
  endfacet
  facet normal 0.831470 -0.555570 0.000000
    outer loop
      vertex 44.0474 15.5500 3.0000
      vertex 44.1273 15.6696 0.0000
      vertex 44.1273 15.6696 3.0000
    endloop
  endfacet
  facet normal -0.980785 0.195090 0.000000
    outer loop
      vertex 6.0906 4.8564 3.0000
      vertex 6.0906 4.8564 0.0000
      vertex 6.0625 4.7153 0.0000
    endloop
  endfacet
  facet normal -0.980785 0.195090 0.000000
    outer loop
      vertex 6.0906 4.8564 3.0000
      vertex 6.0625 4.7153 0.0000
      vertex 6.0625 4.7153 3.0000
    endloop
  endfacet
  facet normal 0.555570 0.831470 0.000000
    outer loop
      vertex 4.4500 14.0474 3.0000
      vertex 4.4500 14.0474 0.0000
      vertex 4.3304 14.1273 0.0000
    endloop
  endfacet
  facet normal 0.555570 0.831470 0.000000
    outer loop
      vertex 4.4500 14.0474 3.0000
      vertex 4.3304 14.1273 0.0000
      vertex 4.3304 14.1273 3.0000
    endloop
  endfacet
  facet normal -0.321439 -0.946930 -0.000000
    outer loop
      vertex 5.2847 16.0625 3.0000
      vertex 5.2847 16.0625 0.0000
      vertex 5.4210 16.0163 0.0000
    endloop
  endfacet
  facet normal -0.321439 -0.946930 0.000000
    outer loop
      vertex 5.2847 16.0625 3.0000
      vertex 5.4210 16.0163 0.0000
      vertex 5.4210 16.0163 3.0000
    endloop
  endfacet
  facet normal 0.946930 0.321439 0.000000
    outer loop
      vertex 3.9837 14.5790 3.0000
      vertex 3.9837 14.5790 0.0000
      vertex 3.9375 14.7153 0.0000
    endloop
  endfacet
  facet normal 0.946930 0.321439 0.000000
    outer loop
      vertex 3.9837 14.5790 3.0000
      vertex 3.9375 14.7153 0.0000
      vertex 3.9375 14.7153 3.0000
    endloop
  endfacet
  facet normal 0.659346 0.751840 0.000000
    outer loop
      vertex 4.3304 14.1273 3.0000
      vertex 4.3304 14.1273 0.0000
      vertex 4.2222 14.2222 0.0000
    endloop
  endfacet
  facet normal 0.659346 0.751840 0.000000
    outer loop
      vertex 4.3304 14.1273 3.0000
      vertex 4.2222 14.2222 0.0000
      vertex 4.2222 14.2222 3.0000
    endloop
  endfacet
  facet normal -0.751840 -0.659346 -0.000000
    outer loop
      vertex 45.7778 15.7778 3.0000
      vertex 45.7778 15.7778 0.0000
      vertex 45.8727 15.6696 0.0000
    endloop
  endfacet
  facet normal -0.751840 -0.659346 0.000000
    outer loop
      vertex 45.7778 15.7778 3.0000
      vertex 45.8727 15.6696 0.0000
      vertex 45.8727 15.6696 3.0000
    endloop
  endfacet
  facet normal -0.195090 -0.980785 -0.000000
    outer loop
      vertex 45.1436 16.0906 3.0000
      vertex 45.1436 16.0906 0.0000
      vertex 45.2847 16.0625 0.0000
    endloop
  endfacet
  facet normal -0.195090 -0.980785 0.000000
    outer loop
      vertex 45.1436 16.0906 3.0000
      vertex 45.2847 16.0625 0.0000
      vertex 45.2847 16.0625 3.0000
    endloop
  endfacet
  facet normal -0.896873 0.442289 0.000000
    outer loop
      vertex 6.0163 14.5790 3.0000
      vertex 6.0163 14.5790 0.0000
      vertex 5.9526 14.4500 0.0000
    endloop
  endfacet
  facet normal -0.896873 0.442289 0.000000
    outer loop
      vertex 6.0163 14.5790 3.0000
      vertex 5.9526 14.4500 0.0000
      vertex 5.9526 14.4500 3.0000
    endloop
  endfacet
  facet normal -0.555570 0.831470 0.000000
    outer loop
      vertex 5.6696 14.1273 3.0000
      vertex 5.6696 14.1273 0.0000
      vertex 5.5500 14.0474 0.0000
    endloop
  endfacet
  facet normal -0.555570 0.831470 0.000000
    outer loop
      vertex 5.6696 14.1273 3.0000
      vertex 5.5500 14.0474 0.0000
      vertex 5.5500 14.0474 3.0000
    endloop
  endfacet
  facet normal -0.659346 0.751840 0.000000
    outer loop
      vertex 45.7778 14.2222 3.0000
      vertex 45.7778 14.2222 0.0000
      vertex 45.6696 14.1273 0.0000
    endloop
  endfacet
  facet normal -0.659346 0.751840 0.000000
    outer loop
      vertex 45.7778 14.2222 3.0000
      vertex 45.6696 14.1273 0.0000
      vertex 45.6696 14.1273 3.0000
    endloop
  endfacet
  facet normal 0.751840 -0.659346 0.000000
    outer loop
      vertex 4.1273 5.6696 3.0000
      vertex 4.1273 5.6696 0.0000
      vertex 4.2222 5.7778 0.0000
    endloop
  endfacet
  facet normal 0.751840 -0.659346 0.000000
    outer loop
      vertex 4.1273 5.6696 3.0000
      vertex 4.2222 5.7778 0.0000
      vertex 4.2222 5.7778 3.0000
    endloop
  endfacet
  facet normal 0.980785 -0.195090 0.000000
    outer loop
      vertex 3.9094 5.1436 3.0000
      vertex 3.9094 5.1436 0.0000
      vertex 3.9375 5.2847 0.0000
    endloop
  endfacet
  facet normal 0.980785 -0.195090 0.000000
    outer loop
      vertex 3.9094 5.1436 3.0000
      vertex 3.9375 5.2847 0.0000
      vertex 3.9375 5.2847 3.0000
    endloop
  endfacet
  facet normal -0.946930 0.321439 0.000000
    outer loop
      vertex 6.0625 14.7153 3.0000
      vertex 6.0625 14.7153 0.0000
      vertex 6.0163 14.5790 0.0000
    endloop
  endfacet
  facet normal -0.946930 0.321439 0.000000
    outer loop
      vertex 6.0625 14.7153 3.0000
      vertex 6.0163 14.5790 0.0000
      vertex 6.0163 14.5790 3.0000
    endloop
  endfacet
  facet normal 0.065403 -0.997859 0.000000
    outer loop
      vertex 44.8564 6.0906 3.0000
      vertex 44.8564 6.0906 0.0000
      vertex 45.0000 6.1000 0.0000
    endloop
  endfacet
  facet normal 0.065403 -0.997859 0.000000
    outer loop
      vertex 44.8564 6.0906 3.0000
      vertex 45.0000 6.1000 0.0000
      vertex 45.0000 6.1000 3.0000
    endloop
  endfacet
  facet normal 0.751840 0.659346 0.000000
    outer loop
      vertex 44.2222 4.2222 3.0000
      vertex 44.2222 4.2222 0.0000
      vertex 44.1273 4.3304 0.0000
    endloop
  endfacet
  facet normal 0.751840 0.659346 0.000000
    outer loop
      vertex 44.2222 4.2222 3.0000
      vertex 44.1273 4.3304 0.0000
      vertex 44.1273 4.3304 3.0000
    endloop
  endfacet
  facet normal 0.321439 -0.946930 0.000000
    outer loop
      vertex 44.5790 6.0163 3.0000
      vertex 44.5790 6.0163 0.0000
      vertex 44.7153 6.0625 0.0000
    endloop
  endfacet
  facet normal 0.321439 -0.946930 0.000000
    outer loop
      vertex 44.5790 6.0163 3.0000
      vertex 44.7153 6.0625 0.0000
      vertex 44.7153 6.0625 3.0000
    endloop
  endfacet
  facet normal 0.980785 0.195090 0.000000
    outer loop
      vertex 43.9375 4.7153 3.0000
      vertex 43.9375 4.7153 0.0000
      vertex 43.9094 4.8564 0.0000
    endloop
  endfacet
  facet normal 0.980785 0.195090 0.000000
    outer loop
      vertex 43.9375 4.7153 3.0000
      vertex 43.9094 4.8564 0.0000
      vertex 43.9094 4.8564 3.0000
    endloop
  endfacet
  facet normal -0.442289 0.896873 0.000000
    outer loop
      vertex 5.5500 14.0474 3.0000
      vertex 5.5500 14.0474 0.0000
      vertex 5.4210 13.9837 0.0000
    endloop
  endfacet
  facet normal -0.442289 0.896873 0.000000
    outer loop
      vertex 5.5500 14.0474 3.0000
      vertex 5.4210 13.9837 0.0000
      vertex 5.4210 13.9837 3.0000
    endloop
  endfacet
  facet normal -0.195090 -0.980785 -0.000000
    outer loop
      vertex 5.1436 16.0906 3.0000
      vertex 5.1436 16.0906 0.0000
      vertex 5.2847 16.0625 0.0000
    endloop
  endfacet
  facet normal -0.195090 -0.980785 0.000000
    outer loop
      vertex 5.1436 16.0906 3.0000
      vertex 5.2847 16.0625 0.0000
      vertex 5.2847 16.0625 3.0000
    endloop
  endfacet
  facet normal 0.997859 -0.065403 0.000000
    outer loop
      vertex 3.9000 5.0000 3.0000
      vertex 3.9000 5.0000 0.0000
      vertex 3.9094 5.1436 0.0000
    endloop
  endfacet
  facet normal 0.997859 -0.065403 0.000000
    outer loop
      vertex 3.9000 5.0000 3.0000
      vertex 3.9094 5.1436 0.0000
      vertex 3.9094 5.1436 3.0000
    endloop
  endfacet
  facet normal 0.000000 -1.000000 0.000000
    outer loop
      vertex 0.0000 0.0000 3.0000
      vertex 0.0000 0.0000 0.0000
      vertex 2.4000 0.0000 0.0000
    endloop
  endfacet
  facet normal 0.000000 -1.000000 0.000000
    outer loop
      vertex 0.0000 0.0000 3.0000
      vertex 2.4000 0.0000 0.0000
      vertex 2.4000 0.0000 3.0000
    endloop
  endfacet
  facet normal 0.946930 -0.321439 0.000000
    outer loop
      vertex 43.9375 15.2847 3.0000
      vertex 43.9375 15.2847 0.0000
      vertex 43.9837 15.4210 0.0000
    endloop
  endfacet
  facet normal 0.946930 -0.321439 0.000000
    outer loop
      vertex 43.9375 15.2847 3.0000
      vertex 43.9837 15.4210 0.0000
      vertex 43.9837 15.4210 3.0000
    endloop
  endfacet
  facet normal -0.831470 0.555570 0.000000
    outer loop
      vertex 5.9526 14.4500 3.0000
      vertex 5.9526 14.4500 0.0000
      vertex 5.8727 14.3304 0.0000
    endloop
  endfacet
  facet normal -0.831470 0.555570 0.000000
    outer loop
      vertex 5.9526 14.4500 3.0000
      vertex 5.8727 14.3304 0.0000
      vertex 5.8727 14.3304 3.0000
    endloop
  endfacet
  facet normal 0.000000 1.000000 0.000000
    outer loop
      vertex 25.0000 22.0000 3.0000
      vertex 25.0000 22.0000 0.0000
      vertex 7.6000 22.0000 0.0000
    endloop
  endfacet
  facet normal 0.000000 1.000000 0.000000
    outer loop
      vertex 25.0000 22.0000 3.0000
      vertex 7.6000 22.0000 0.0000
      vertex 7.6000 22.0000 3.0000
    endloop
  endfacet
  facet normal -0.321439 -0.946930 -0.000000
    outer loop
      vertex 45.2847 16.0625 3.0000
      vertex 45.2847 16.0625 0.0000
      vertex 45.4210 16.0163 0.0000
    endloop
  endfacet
  facet normal -0.321439 -0.946930 0.000000
    outer loop
      vertex 45.2847 16.0625 3.0000
      vertex 45.4210 16.0163 0.0000
      vertex 45.4210 16.0163 3.0000
    endloop
  endfacet
  facet normal -0.555570 -0.831470 -0.000000
    outer loop
      vertex 45.5500 15.9526 3.0000
      vertex 45.5500 15.9526 0.0000
      vertex 45.6696 15.8727 0.0000
    endloop
  endfacet
  facet normal -0.555570 -0.831470 0.000000
    outer loop
      vertex 45.5500 15.9526 3.0000
      vertex 45.6696 15.8727 0.0000
      vertex 45.6696 15.8727 3.0000
    endloop
  endfacet
  facet normal 0.946930 0.321439 0.000000
    outer loop
      vertex 3.9837 4.5790 3.0000
      vertex 3.9837 4.5790 0.0000
      vertex 3.9375 4.7153 0.0000
    endloop
  endfacet
  facet normal 0.946930 0.321439 0.000000
    outer loop
      vertex 3.9837 4.5790 3.0000
      vertex 3.9375 4.7153 0.0000
      vertex 3.9375 4.7153 3.0000
    endloop
  endfacet
  facet normal -0.659346 -0.751840 -0.000000
    outer loop
      vertex 45.6696 5.8727 3.0000
      vertex 45.6696 5.8727 0.0000
      vertex 45.7778 5.7778 0.0000
    endloop
  endfacet
  facet normal -0.659346 -0.751840 0.000000
    outer loop
      vertex 45.6696 5.8727 3.0000
      vertex 45.7778 5.7778 0.0000
      vertex 45.7778 5.7778 3.0000
    endloop
  endfacet
  facet normal -0.997859 0.065403 0.000000
    outer loop
      vertex 6.1000 5.0000 3.0000
      vertex 6.1000 5.0000 0.0000
      vertex 6.0906 4.8564 0.0000
    endloop
  endfacet
  facet normal -0.997859 0.065403 0.000000
    outer loop
      vertex 6.1000 5.0000 3.0000
      vertex 6.0906 4.8564 0.0000
      vertex 6.0906 4.8564 3.0000
    endloop
  endfacet
  facet normal 0.980785 0.195090 0.000000
    outer loop
      vertex 3.9375 14.7153 3.0000
      vertex 3.9375 14.7153 0.0000
      vertex 3.9094 14.8564 0.0000
    endloop
  endfacet
  facet normal 0.980785 0.195090 0.000000
    outer loop
      vertex 3.9375 14.7153 3.0000
      vertex 3.9094 14.8564 0.0000
      vertex 3.9094 14.8564 3.0000
    endloop
  endfacet
  facet normal 0.442289 -0.896873 0.000000
    outer loop
      vertex 44.4500 5.9526 3.0000
      vertex 44.4500 5.9526 0.0000
      vertex 44.5790 6.0163 0.0000
    endloop
  endfacet
  facet normal 0.442289 -0.896873 0.000000
    outer loop
      vertex 44.4500 5.9526 3.0000
      vertex 44.5790 6.0163 0.0000
      vertex 44.5790 6.0163 3.0000
    endloop
  endfacet
  facet normal -0.195090 0.980785 0.000000
    outer loop
      vertex 45.2847 3.9375 3.0000
      vertex 45.2847 3.9375 0.0000
      vertex 45.1436 3.9094 0.0000
    endloop
  endfacet
  facet normal -0.195090 0.980785 0.000000
    outer loop
      vertex 45.2847 3.9375 3.0000
      vertex 45.1436 3.9094 0.0000
      vertex 45.1436 3.9094 3.0000
    endloop
  endfacet
  facet normal 0.555570 -0.831470 0.000000
    outer loop
      vertex 4.3304 5.8727 3.0000
      vertex 4.3304 5.8727 0.0000
      vertex 4.4500 5.9526 0.0000
    endloop
  endfacet
  facet normal 0.555570 -0.831470 0.000000
    outer loop
      vertex 4.3304 5.8727 3.0000
      vertex 4.4500 5.9526 0.0000
      vertex 4.4500 5.9526 3.0000
    endloop
  endfacet
  facet normal -0.980785 -0.195090 -0.000000
    outer loop
      vertex 6.0625 15.2847 3.0000
      vertex 6.0625 15.2847 0.0000
      vertex 6.0906 15.1436 0.0000
    endloop
  endfacet
  facet normal -0.980785 -0.195090 0.000000
    outer loop
      vertex 6.0625 15.2847 3.0000
      vertex 6.0906 15.1436 0.0000
      vertex 6.0906 15.1436 3.0000
    endloop
  endfacet
  facet normal 0.997859 0.065403 0.000000
    outer loop
      vertex 3.9094 14.8564 3.0000
      vertex 3.9094 14.8564 0.0000
      vertex 3.9000 15.0000 0.0000
    endloop
  endfacet
  facet normal 0.997859 0.065403 0.000000
    outer loop
      vertex 3.9094 14.8564 3.0000
      vertex 3.9000 15.0000 0.0000
      vertex 3.9000 15.0000 3.0000
    endloop
  endfacet
  facet normal -0.997859 -0.065403 -0.000000
    outer loop
      vertex 6.0906 5.1436 3.0000
      vertex 6.0906 5.1436 0.0000
      vertex 6.1000 5.0000 0.0000
    endloop
  endfacet
  facet normal -0.997859 -0.065403 0.000000
    outer loop
      vertex 6.0906 5.1436 3.0000
      vertex 6.1000 5.0000 0.0000
      vertex 6.1000 5.0000 3.0000
    endloop
  endfacet
  facet normal -1.000000 0.000000 -0.000000
    outer loop
      vertex 0.0000 22.0000 3.0000
      vertex 0.0000 22.0000 0.0000
      vertex 0.0000 0.0000 0.0000
    endloop
  endfacet
  facet normal -1.000000 -0.000000 0.000000
    outer loop
      vertex 0.0000 22.0000 3.0000
      vertex 0.0000 0.0000 0.0000
      vertex 0.0000 0.0000 3.0000
    endloop
  endfacet
  facet normal -0.065403 0.997859 0.000000
    outer loop
      vertex 5.1436 13.9094 3.0000
      vertex 5.1436 13.9094 0.0000
      vertex 5.0000 13.9000 0.0000
    endloop
  endfacet
  facet normal -0.065403 0.997859 0.000000
    outer loop
      vertex 5.1436 13.9094 3.0000
      vertex 5.0000 13.9000 0.0000
      vertex 5.0000 13.9000 3.0000
    endloop
  endfacet
  facet normal 0.321439 0.946930 0.000000
    outer loop
      vertex 44.7153 3.9375 3.0000
      vertex 44.7153 3.9375 0.0000
      vertex 44.5790 3.9837 0.0000
    endloop
  endfacet
  facet normal 0.321439 0.946930 0.000000
    outer loop
      vertex 44.7153 3.9375 3.0000
      vertex 44.5790 3.9837 0.0000
      vertex 44.5790 3.9837 3.0000
    endloop
  endfacet
  facet normal 0.195090 0.980785 0.000000
    outer loop
      vertex 4.8564 13.9094 3.0000
      vertex 4.8564 13.9094 0.0000
      vertex 4.7153 13.9375 0.0000
    endloop
  endfacet
  facet normal 0.195090 0.980785 0.000000
    outer loop
      vertex 4.8564 13.9094 3.0000
      vertex 4.7153 13.9375 0.0000
      vertex 4.7153 13.9375 3.0000
    endloop
  endfacet
  facet normal 0.065403 0.997859 0.000000
    outer loop
      vertex 5.0000 13.9000 3.0000
      vertex 5.0000 13.9000 0.0000
      vertex 4.8564 13.9094 0.0000
    endloop
  endfacet
  facet normal 0.065403 0.997859 0.000000
    outer loop
      vertex 5.0000 13.9000 3.0000
      vertex 4.8564 13.9094 0.0000
      vertex 4.8564 13.9094 3.0000
    endloop
  endfacet
  facet normal 0.000000 -1.000000 0.000000
    outer loop
      vertex 7.6000 0.0000 3.0000
      vertex 7.6000 0.0000 0.0000
      vertex 25.0000 0.0000 0.0000
    endloop
  endfacet
  facet normal 0.000000 -1.000000 0.000000
    outer loop
      vertex 7.6000 0.0000 3.0000
      vertex 25.0000 0.0000 0.0000
      vertex 25.0000 0.0000 3.0000
    endloop
  endfacet
  facet normal 0.751840 -0.659346 0.000000
    outer loop
      vertex 4.1273 15.6696 3.0000
      vertex 4.1273 15.6696 0.0000
      vertex 4.2222 15.7778 0.0000
    endloop
  endfacet
  facet normal 0.751840 -0.659346 0.000000
    outer loop
      vertex 4.1273 15.6696 3.0000
      vertex 4.2222 15.7778 0.0000
      vertex 4.2222 15.7778 3.0000
    endloop
  endfacet
  facet normal 0.195090 0.980785 0.000000
    outer loop
      vertex 44.8564 3.9094 3.0000
      vertex 44.8564 3.9094 0.0000
      vertex 44.7153 3.9375 0.0000
    endloop
  endfacet
  facet normal 0.195090 0.980785 0.000000
    outer loop
      vertex 44.8564 3.9094 3.0000
      vertex 44.7153 3.9375 0.0000
      vertex 44.7153 3.9375 3.0000
    endloop
  endfacet
  facet normal 0.896873 0.442289 0.000000
    outer loop
      vertex 4.0474 14.4500 3.0000
      vertex 4.0474 14.4500 0.0000
      vertex 3.9837 14.5790 0.0000
    endloop
  endfacet
  facet normal 0.896873 0.442289 0.000000
    outer loop
      vertex 4.0474 14.4500 3.0000
      vertex 3.9837 14.5790 0.0000
      vertex 3.9837 14.5790 3.0000
    endloop
  endfacet
  facet normal 0.000000 1.000000 0.000000
    outer loop
      vertex 7.6000 22.0000 3.0000
      vertex 7.6000 22.0000 0.0000
      vertex 2.4000 22.0000 0.0000
    endloop
  endfacet
  facet normal 0.000000 1.000000 0.000000
    outer loop
      vertex 7.6000 22.0000 3.0000
      vertex 2.4000 22.0000 0.0000
      vertex 2.4000 22.0000 3.0000
    endloop
  endfacet
  facet normal -0.946930 0.321439 0.000000
    outer loop
      vertex 46.0625 14.7153 3.0000
      vertex 46.0625 14.7153 0.0000
      vertex 46.0163 14.5790 0.0000
    endloop
  endfacet
  facet normal -0.946930 0.321439 0.000000
    outer loop
      vertex 46.0625 14.7153 3.0000
      vertex 46.0163 14.5790 0.0000
      vertex 46.0163 14.5790 3.0000
    endloop
  endfacet
  facet normal 0.997859 0.065403 0.000000
    outer loop
      vertex 43.9094 14.8564 3.0000
      vertex 43.9094 14.8564 0.0000
      vertex 43.9000 15.0000 0.0000
    endloop
  endfacet
  facet normal 0.997859 0.065403 0.000000
    outer loop
      vertex 43.9094 14.8564 3.0000
      vertex 43.9000 15.0000 0.0000
      vertex 43.9000 15.0000 3.0000
    endloop
  endfacet
  facet normal 0.000000 -1.000000 0.000000
    outer loop
      vertex 47.6000 0.0000 3.0000
      vertex 47.6000 0.0000 0.0000
      vertex 50.0000 0.0000 0.0000
    endloop
  endfacet
  facet normal 0.000000 -1.000000 0.000000
    outer loop
      vertex 47.6000 0.0000 3.0000
      vertex 50.0000 0.0000 0.0000
      vertex 50.0000 0.0000 3.0000
    endloop
  endfacet
  facet normal 0.442289 0.896873 0.000000
    outer loop
      vertex 44.5790 3.9837 3.0000
      vertex 44.5790 3.9837 0.0000
      vertex 44.4500 4.0474 0.0000
    endloop
  endfacet
  facet normal 0.442289 0.896873 0.000000
    outer loop
      vertex 44.5790 3.9837 3.0000
      vertex 44.4500 4.0474 0.0000
      vertex 44.4500 4.0474 3.0000
    endloop
  endfacet
  facet normal -0.065403 0.997859 0.000000
    outer loop
      vertex 45.1436 13.9094 3.0000
      vertex 45.1436 13.9094 0.0000
      vertex 45.0000 13.9000 0.0000
    endloop
  endfacet
  facet normal -0.065403 0.997859 0.000000
    outer loop
      vertex 45.1436 13.9094 3.0000
      vertex 45.0000 13.9000 0.0000
      vertex 45.0000 13.9000 3.0000
    endloop
  endfacet
  facet normal -0.065403 0.997859 0.000000
    outer loop
      vertex 45.1436 3.9094 3.0000
      vertex 45.1436 3.9094 0.0000
      vertex 45.0000 3.9000 0.0000
    endloop
  endfacet
  facet normal -0.065403 0.997859 0.000000
    outer loop
      vertex 45.1436 3.9094 3.0000
      vertex 45.0000 3.9000 0.0000
      vertex 45.0000 3.9000 3.0000
    endloop
  endfacet
  facet normal -0.751840 0.659346 0.000000
    outer loop
      vertex 45.8727 4.3304 3.0000
      vertex 45.8727 4.3304 0.0000
      vertex 45.7778 4.2222 0.0000
    endloop
  endfacet
  facet normal -0.751840 0.659346 0.000000
    outer loop
      vertex 45.8727 4.3304 3.0000
      vertex 45.7778 4.2222 0.0000
      vertex 45.7778 4.2222 3.0000
    endloop
  endfacet
  facet normal -0.065403 -0.997859 -0.000000
    outer loop
      vertex 5.0000 6.1000 3.0000
      vertex 5.0000 6.1000 0.0000
      vertex 5.1436 6.0906 0.0000
    endloop
  endfacet
  facet normal -0.065403 -0.997859 0.000000
    outer loop
      vertex 5.0000 6.1000 3.0000
      vertex 5.1436 6.0906 0.0000
      vertex 5.1436 6.0906 3.0000
    endloop
  endfacet
  facet normal -0.659346 0.751840 0.000000
    outer loop
      vertex 5.7778 4.2222 3.0000
      vertex 5.7778 4.2222 0.0000
      vertex 5.6696 4.1273 0.0000
    endloop
  endfacet
  facet normal -0.659346 0.751840 0.000000
    outer loop
      vertex 5.7778 4.2222 3.0000
      vertex 5.6696 4.1273 0.0000
      vertex 5.6696 4.1273 3.0000
    endloop
  endfacet
  facet normal 0.555570 -0.831470 0.000000
    outer loop
      vertex 44.3304 15.8727 3.0000
      vertex 44.3304 15.8727 0.0000
      vertex 44.4500 15.9526 0.0000
    endloop
  endfacet
  facet normal 0.555570 -0.831470 0.000000
    outer loop
      vertex 44.3304 15.8727 3.0000
      vertex 44.4500 15.9526 0.0000
      vertex 44.4500 15.9526 3.0000
    endloop
  endfacet
  facet normal 0.321439 -0.946930 0.000000
    outer loop
      vertex 4.5790 16.0163 3.0000
      vertex 4.5790 16.0163 0.0000
      vertex 4.7153 16.0625 0.0000
    endloop
  endfacet
  facet normal 0.321439 -0.946930 0.000000
    outer loop
      vertex 4.5790 16.0163 3.0000
      vertex 4.7153 16.0625 0.0000
      vertex 4.7153 16.0625 3.0000
    endloop
  endfacet
  facet normal 0.997859 -0.065403 0.000000
    outer loop
      vertex 43.9000 5.0000 3.0000
      vertex 43.9000 5.0000 0.0000
      vertex 43.9094 5.1436 0.0000
    endloop
  endfacet
  facet normal 0.997859 -0.065403 0.000000
    outer loop
      vertex 43.9000 5.0000 3.0000
      vertex 43.9094 5.1436 0.0000
      vertex 43.9094 5.1436 3.0000
    endloop
  endfacet
  facet normal -0.065403 -0.997859 -0.000000
    outer loop
      vertex 45.0000 16.1000 3.0000
      vertex 45.0000 16.1000 0.0000
      vertex 45.1436 16.0906 0.0000
    endloop
  endfacet
  facet normal -0.065403 -0.997859 0.000000
    outer loop
      vertex 45.0000 16.1000 3.0000
      vertex 45.1436 16.0906 0.0000
      vertex 45.1436 16.0906 3.0000
    endloop
  endfacet
  facet normal -0.555570 0.831470 0.000000
    outer loop
      vertex 45.6696 14.1273 3.0000
      vertex 45.6696 14.1273 0.0000
      vertex 45.5500 14.0474 0.0000
    endloop
  endfacet
  facet normal -0.555570 0.831470 0.000000
    outer loop
      vertex 45.6696 14.1273 3.0000
      vertex 45.5500 14.0474 0.0000
      vertex 45.5500 14.0474 3.0000
    endloop
  endfacet
  facet normal -0.896873 0.442289 0.000000
    outer loop
      vertex 46.0163 4.5790 3.0000
      vertex 46.0163 4.5790 0.0000
      vertex 45.9526 4.4500 0.0000
    endloop
  endfacet
  facet normal -0.896873 0.442289 0.000000
    outer loop
      vertex 46.0163 4.5790 3.0000
      vertex 45.9526 4.4500 0.0000
      vertex 45.9526 4.4500 3.0000
    endloop
  endfacet
  facet normal -0.659346 -0.751840 -0.000000
    outer loop
      vertex 45.6696 15.8727 3.0000
      vertex 45.6696 15.8727 0.0000
      vertex 45.7778 15.7778 0.0000
    endloop
  endfacet
  facet normal -0.659346 -0.751840 0.000000
    outer loop
      vertex 45.6696 15.8727 3.0000
      vertex 45.7778 15.7778 0.0000
      vertex 45.7778 15.7778 3.0000
    endloop
  endfacet
  facet normal -0.997859 -0.065403 -0.000000
    outer loop
      vertex 6.0906 15.1436 3.0000
      vertex 6.0906 15.1436 0.0000
      vertex 6.1000 15.0000 0.0000
    endloop
  endfacet
  facet normal -0.997859 -0.065403 0.000000
    outer loop
      vertex 6.0906 15.1436 3.0000
      vertex 6.1000 15.0000 0.0000
      vertex 6.1000 15.0000 3.0000
    endloop
  endfacet
  facet normal 0.195090 0.980785 0.000000
    outer loop
      vertex 4.8564 3.9094 3.0000
      vertex 4.8564 3.9094 0.0000
      vertex 4.7153 3.9375 0.0000
    endloop
  endfacet
  facet normal 0.195090 0.980785 0.000000
    outer loop
      vertex 4.8564 3.9094 3.0000
      vertex 4.7153 3.9375 0.0000
      vertex 4.7153 3.9375 3.0000
    endloop
  endfacet
  facet normal 0.555570 0.831470 0.000000
    outer loop
      vertex 4.4500 4.0474 3.0000
      vertex 4.4500 4.0474 0.0000
      vertex 4.3304 4.1273 0.0000
    endloop
  endfacet
  facet normal 0.555570 0.831470 0.000000
    outer loop
      vertex 4.4500 4.0474 3.0000
      vertex 4.3304 4.1273 0.0000
      vertex 4.3304 4.1273 3.0000
    endloop
  endfacet
  facet normal 0.659346 0.751840 0.000000
    outer loop
      vertex 44.3304 4.1273 3.0000
      vertex 44.3304 4.1273 0.0000
      vertex 44.2222 4.2222 0.0000
    endloop
  endfacet
  facet normal 0.659346 0.751840 0.000000
    outer loop
      vertex 44.3304 4.1273 3.0000
      vertex 44.2222 4.2222 0.0000
      vertex 44.2222 4.2222 3.0000
    endloop
  endfacet
  facet normal -0.946930 0.321439 0.000000
    outer loop
      vertex 46.0625 4.7153 3.0000
      vertex 46.0625 4.7153 0.0000
      vertex 46.0163 4.5790 0.0000
    endloop
  endfacet
  facet normal -0.946930 0.321439 0.000000
    outer loop
      vertex 46.0625 4.7153 3.0000
      vertex 46.0163 4.5790 0.0000
      vertex 46.0163 4.5790 3.0000
    endloop
  endfacet
  facet normal -0.751840 -0.659346 -0.000000
    outer loop
      vertex 45.7778 5.7778 3.0000
      vertex 45.7778 5.7778 0.0000
      vertex 45.8727 5.6696 0.0000
    endloop
  endfacet
  facet normal -0.751840 -0.659346 0.000000
    outer loop
      vertex 45.7778 5.7778 3.0000
      vertex 45.8727 5.6696 0.0000
      vertex 45.8727 5.6696 3.0000
    endloop
  endfacet
  facet normal 0.896873 -0.442289 0.000000
    outer loop
      vertex 3.9837 5.4210 3.0000
      vertex 3.9837 5.4210 0.0000
      vertex 4.0474 5.5500 0.0000
    endloop
  endfacet
  facet normal 0.896873 -0.442289 0.000000
    outer loop
      vertex 3.9837 5.4210 3.0000
      vertex 4.0474 5.5500 0.0000
      vertex 4.0474 5.5500 3.0000
    endloop
  endfacet
  facet normal -0.442289 -0.896873 -0.000000
    outer loop
      vertex 45.4210 6.0163 3.0000
      vertex 45.4210 6.0163 0.0000
      vertex 45.5500 5.9526 0.0000
    endloop
  endfacet
  facet normal -0.442289 -0.896873 0.000000
    outer loop
      vertex 45.4210 6.0163 3.0000
      vertex 45.5500 5.9526 0.0000
      vertex 45.5500 5.9526 3.0000
    endloop
  endfacet
  facet normal 0.831470 0.555570 0.000000
    outer loop
      vertex 4.1273 4.3304 3.0000
      vertex 4.1273 4.3304 0.0000
      vertex 4.0474 4.4500 0.0000
    endloop
  endfacet
  facet normal 0.831470 0.555570 0.000000
    outer loop
      vertex 4.1273 4.3304 3.0000
      vertex 4.0474 4.4500 0.0000
      vertex 4.0474 4.4500 3.0000
    endloop
  endfacet
  facet normal -0.751840 0.659346 0.000000
    outer loop
      vertex 5.8727 14.3304 3.0000
      vertex 5.8727 14.3304 0.0000
      vertex 5.7778 14.2222 0.0000
    endloop
  endfacet
  facet normal -0.751840 0.659346 0.000000
    outer loop
      vertex 5.8727 14.3304 3.0000
      vertex 5.7778 14.2222 0.0000
      vertex 5.7778 14.2222 3.0000
    endloop
  endfacet
  facet normal 0.065403 0.997859 0.000000
    outer loop
      vertex 5.0000 3.9000 3.0000
      vertex 5.0000 3.9000 0.0000
      vertex 4.8564 3.9094 0.0000
    endloop
  endfacet
  facet normal 0.065403 0.997859 0.000000
    outer loop
      vertex 5.0000 3.9000 3.0000
      vertex 4.8564 3.9094 0.0000
      vertex 4.8564 3.9094 3.0000
    endloop
  endfacet
  facet normal -0.442289 0.896873 0.000000
    outer loop
      vertex 45.5500 4.0474 3.0000
      vertex 45.5500 4.0474 0.0000
      vertex 45.4210 3.9837 0.0000
    endloop
  endfacet
  facet normal -0.442289 0.896873 0.000000
    outer loop
      vertex 45.5500 4.0474 3.0000
      vertex 45.4210 3.9837 0.0000
      vertex 45.4210 3.9837 3.0000
    endloop
  endfacet
  facet normal -0.065403 -0.997859 -0.000000
    outer loop
      vertex 45.0000 6.1000 3.0000
      vertex 45.0000 6.1000 0.0000
      vertex 45.1436 6.0906 0.0000
    endloop
  endfacet
  facet normal -0.065403 -0.997859 0.000000
    outer loop
      vertex 45.0000 6.1000 3.0000
      vertex 45.1436 6.0906 0.0000
      vertex 45.1436 6.0906 3.0000
    endloop
  endfacet
  facet normal -0.321439 0.946930 0.000000
    outer loop
      vertex 45.4210 13.9837 3.0000
      vertex 45.4210 13.9837 0.0000
      vertex 45.2847 13.9375 0.0000
    endloop
  endfacet
  facet normal -0.321439 0.946930 0.000000
    outer loop
      vertex 45.4210 13.9837 3.0000
      vertex 45.2847 13.9375 0.0000
      vertex 45.2847 13.9375 3.0000
    endloop
  endfacet
  facet normal 0.442289 0.896873 0.000000
    outer loop
      vertex 4.5790 13.9837 3.0000
      vertex 4.5790 13.9837 0.0000
      vertex 4.4500 14.0474 0.0000
    endloop
  endfacet
  facet normal 0.442289 0.896873 0.000000
    outer loop
      vertex 4.5790 13.9837 3.0000
      vertex 4.4500 14.0474 0.0000
      vertex 4.4500 14.0474 3.0000
    endloop
  endfacet
  facet normal 0.065403 -0.997859 0.000000
    outer loop
      vertex 44.8564 16.0906 3.0000
      vertex 44.8564 16.0906 0.0000
      vertex 45.0000 16.1000 0.0000
    endloop
  endfacet
  facet normal 0.065403 -0.997859 0.000000
    outer loop
      vertex 44.8564 16.0906 3.0000
      vertex 45.0000 16.1000 0.0000
      vertex 45.0000 16.1000 3.0000
    endloop
  endfacet
  facet normal -0.946930 0.321439 0.000000
    outer loop
      vertex 6.0625 4.7153 3.0000
      vertex 6.0625 4.7153 0.0000
      vertex 6.0163 4.5790 0.0000
    endloop
  endfacet
  facet normal -0.946930 0.321439 0.000000
    outer loop
      vertex 6.0625 4.7153 3.0000
      vertex 6.0163 4.5790 0.0000
      vertex 6.0163 4.5790 3.0000
    endloop
  endfacet
  facet normal 0.321439 0.946930 0.000000
    outer loop
      vertex 4.7153 13.9375 3.0000
      vertex 4.7153 13.9375 0.0000
      vertex 4.5790 13.9837 0.0000
    endloop
  endfacet
  facet normal 0.321439 0.946930 0.000000
    outer loop
      vertex 4.7153 13.9375 3.0000
      vertex 4.5790 13.9837 0.0000
      vertex 4.5790 13.9837 3.0000
    endloop
  endfacet
  facet normal 1.000000 0.000000 0.000000
    outer loop
      vertex 50.0000 0.0000 3.0000
      vertex 50.0000 0.0000 0.0000
      vertex 50.0000 22.0000 0.0000
    endloop
  endfacet
  facet normal 1.000000 -0.000000 0.000000
    outer loop
      vertex 50.0000 0.0000 3.0000
      vertex 50.0000 22.0000 0.0000
      vertex 50.0000 22.0000 3.0000
    endloop
  endfacet
  facet normal -0.442289 -0.896873 -0.000000
    outer loop
      vertex 5.4210 6.0163 3.0000
      vertex 5.4210 6.0163 0.0000
      vertex 5.5500 5.9526 0.0000
    endloop
  endfacet
  facet normal -0.442289 -0.896873 0.000000
    outer loop
      vertex 5.4210 6.0163 3.0000
      vertex 5.5500 5.9526 0.0000
      vertex 5.5500 5.9526 3.0000
    endloop
  endfacet
  facet normal -0.751840 0.659346 0.000000
    outer loop
      vertex 45.8727 14.3304 3.0000
      vertex 45.8727 14.3304 0.0000
      vertex 45.7778 14.2222 0.0000
    endloop
  endfacet
  facet normal -0.751840 0.659346 0.000000
    outer loop
      vertex 45.8727 14.3304 3.0000
      vertex 45.7778 14.2222 0.0000
      vertex 45.7778 14.2222 3.0000
    endloop
  endfacet
  facet normal 0.896873 -0.442289 0.000000
    outer loop
      vertex 43.9837 15.4210 3.0000
      vertex 43.9837 15.4210 0.0000
      vertex 44.0474 15.5500 0.0000
    endloop
  endfacet
  facet normal 0.896873 -0.442289 0.000000
    outer loop
      vertex 43.9837 15.4210 3.0000
      vertex 44.0474 15.5500 0.0000
      vertex 44.0474 15.5500 3.0000
    endloop
  endfacet
  facet normal -0.946930 -0.321439 -0.000000
    outer loop
      vertex 6.0163 5.4210 3.0000
      vertex 6.0163 5.4210 0.0000
      vertex 6.0625 5.2847 0.0000
    endloop
  endfacet
  facet normal -0.946930 -0.321439 0.000000
    outer loop
      vertex 6.0163 5.4210 3.0000
      vertex 6.0625 5.2847 0.0000
      vertex 6.0625 5.2847 3.0000
    endloop
  endfacet
  facet normal -0.980785 0.195090 0.000000
    outer loop
      vertex 46.0906 4.8564 3.0000
      vertex 46.0906 4.8564 0.0000
      vertex 46.0625 4.7153 0.0000
    endloop
  endfacet
  facet normal -0.980785 0.195090 0.000000
    outer loop
      vertex 46.0906 4.8564 3.0000
      vertex 46.0625 4.7153 0.0000
      vertex 46.0625 4.7153 3.0000
    endloop
  endfacet
  facet normal -0.321439 -0.946930 -0.000000
    outer loop
      vertex 45.2847 6.0625 3.0000
      vertex 45.2847 6.0625 0.0000
      vertex 45.4210 6.0163 0.0000
    endloop
  endfacet
  facet normal -0.321439 -0.946930 0.000000
    outer loop
      vertex 45.2847 6.0625 3.0000
      vertex 45.4210 6.0163 0.0000
      vertex 45.4210 6.0163 3.0000
    endloop
  endfacet
  facet normal -0.659346 -0.751840 -0.000000
    outer loop
      vertex 5.6696 15.8727 3.0000
      vertex 5.6696 15.8727 0.0000
      vertex 5.7778 15.7778 0.0000
    endloop
  endfacet
  facet normal -0.659346 -0.751840 0.000000
    outer loop
      vertex 5.6696 15.8727 3.0000
      vertex 5.7778 15.7778 0.0000
      vertex 5.7778 15.7778 3.0000
    endloop
  endfacet
  facet normal 0.442289 0.896873 0.000000
    outer loop
      vertex 4.5790 3.9837 3.0000
      vertex 4.5790 3.9837 0.0000
      vertex 4.4500 4.0474 0.0000
    endloop
  endfacet
  facet normal 0.442289 0.896873 0.000000
    outer loop
      vertex 4.5790 3.9837 3.0000
      vertex 4.4500 4.0474 0.0000
      vertex 4.4500 4.0474 3.0000
    endloop
  endfacet
  facet normal -0.555570 -0.831470 -0.000000
    outer loop
      vertex 45.5500 5.9526 3.0000
      vertex 45.5500 5.9526 0.0000
      vertex 45.6696 5.8727 0.0000
    endloop
  endfacet
  facet normal -0.555570 -0.831470 0.000000
    outer loop
      vertex 45.5500 5.9526 3.0000
      vertex 45.6696 5.8727 0.0000
      vertex 45.6696 5.8727 3.0000
    endloop
  endfacet
  facet normal 0.831470 -0.555570 0.000000
    outer loop
      vertex 4.0474 15.5500 3.0000
      vertex 4.0474 15.5500 0.0000
      vertex 4.1273 15.6696 0.0000
    endloop
  endfacet
  facet normal 0.831470 -0.555570 0.000000
    outer loop
      vertex 4.0474 15.5500 3.0000
      vertex 4.1273 15.6696 0.0000
      vertex 4.1273 15.6696 3.0000
    endloop
  endfacet
  facet normal -0.946930 -0.321439 -0.000000
    outer loop
      vertex 46.0163 15.4210 3.0000
      vertex 46.0163 15.4210 0.0000
      vertex 46.0625 15.2847 0.0000
    endloop
  endfacet
  facet normal -0.946930 -0.321439 0.000000
    outer loop
      vertex 46.0163 15.4210 3.0000
      vertex 46.0625 15.2847 0.0000
      vertex 46.0625 15.2847 3.0000
    endloop
  endfacet
  facet normal 0.896873 0.442289 0.000000
    outer loop
      vertex 44.0474 14.4500 3.0000
      vertex 44.0474 14.4500 0.0000
      vertex 43.9837 14.5790 0.0000
    endloop
  endfacet
  facet normal 0.896873 0.442289 0.000000
    outer loop
      vertex 44.0474 14.4500 3.0000
      vertex 43.9837 14.5790 0.0000
      vertex 43.9837 14.5790 3.0000
    endloop
  endfacet
  facet normal -0.195090 0.980785 0.000000
    outer loop
      vertex 45.2847 13.9375 3.0000
      vertex 45.2847 13.9375 0.0000
      vertex 45.1436 13.9094 0.0000
    endloop
  endfacet
  facet normal -0.195090 0.980785 0.000000
    outer loop
      vertex 45.2847 13.9375 3.0000
      vertex 45.1436 13.9094 0.0000
      vertex 45.1436 13.9094 3.0000
    endloop
  endfacet
  facet normal -0.896873 -0.442289 -0.000000
    outer loop
      vertex 5.9526 15.5500 3.0000
      vertex 5.9526 15.5500 0.0000
      vertex 6.0163 15.4210 0.0000
    endloop
  endfacet
  facet normal -0.896873 -0.442289 0.000000
    outer loop
      vertex 5.9526 15.5500 3.0000
      vertex 6.0163 15.4210 0.0000
      vertex 6.0163 15.4210 3.0000
    endloop
  endfacet
  facet normal -0.555570 0.831470 0.000000
    outer loop
      vertex 45.6696 4.1273 3.0000
      vertex 45.6696 4.1273 0.0000
      vertex 45.5500 4.0474 0.0000
    endloop
  endfacet
  facet normal -0.555570 0.831470 0.000000
    outer loop
      vertex 45.6696 4.1273 3.0000
      vertex 45.5500 4.0474 0.0000
      vertex 45.5500 4.0474 3.0000
    endloop
  endfacet
  facet normal -0.831470 -0.555570 -0.000000
    outer loop
      vertex 45.8727 5.6696 3.0000
      vertex 45.8727 5.6696 0.0000
      vertex 45.9526 5.5500 0.0000
    endloop
  endfacet
  facet normal -0.831470 -0.555570 0.000000
    outer loop
      vertex 45.8727 5.6696 3.0000
      vertex 45.9526 5.5500 0.0000
      vertex 45.9526 5.5500 3.0000
    endloop
  endfacet
  facet normal -0.980785 0.195090 0.000000
    outer loop
      vertex 46.0906 14.8564 3.0000
      vertex 46.0906 14.8564 0.0000
      vertex 46.0625 14.7153 0.0000
    endloop
  endfacet
  facet normal -0.980785 0.195090 0.000000
    outer loop
      vertex 46.0906 14.8564 3.0000
      vertex 46.0625 14.7153 0.0000
      vertex 46.0625 14.7153 3.0000
    endloop
  endfacet
  facet normal 0.659346 0.751840 0.000000
    outer loop
      vertex 44.3304 14.1273 3.0000
      vertex 44.3304 14.1273 0.0000
      vertex 44.2222 14.2222 0.0000
    endloop
  endfacet
  facet normal 0.659346 0.751840 0.000000
    outer loop
      vertex 44.3304 14.1273 3.0000
      vertex 44.2222 14.2222 0.0000
      vertex 44.2222 14.2222 3.0000
    endloop
  endfacet
  facet normal 0.442289 -0.896873 0.000000
    outer loop
      vertex 4.4500 5.9526 3.0000
      vertex 4.4500 5.9526 0.0000
      vertex 4.5790 6.0163 0.0000
    endloop
  endfacet
  facet normal 0.442289 -0.896873 0.000000
    outer loop
      vertex 4.4500 5.9526 3.0000
      vertex 4.5790 6.0163 0.0000
      vertex 4.5790 6.0163 3.0000
    endloop
  endfacet
  facet normal 0.000000 -1.000000 0.000000
    outer loop
      vertex 2.4000 0.0000 3.0000
      vertex 2.4000 0.0000 0.0000
      vertex 7.6000 0.0000 0.0000
    endloop
  endfacet
  facet normal 0.000000 -1.000000 0.000000
    outer loop
      vertex 2.4000 0.0000 3.0000
      vertex 7.6000 0.0000 0.0000
      vertex 7.6000 0.0000 3.0000
    endloop
  endfacet
  facet normal 0.442289 0.896873 0.000000
    outer loop
      vertex 44.5790 13.9837 3.0000
      vertex 44.5790 13.9837 0.0000
      vertex 44.4500 14.0474 0.0000
    endloop
  endfacet
  facet normal 0.442289 0.896873 0.000000
    outer loop
      vertex 44.5790 13.9837 3.0000
      vertex 44.4500 14.0474 0.0000
      vertex 44.4500 14.0474 3.0000
    endloop
  endfacet
  facet normal -0.659346 -0.751840 -0.000000
    outer loop
      vertex 5.6696 5.8727 3.0000
      vertex 5.6696 5.8727 0.0000
      vertex 5.7778 5.7778 0.0000
    endloop
  endfacet
  facet normal -0.659346 -0.751840 0.000000
    outer loop
      vertex 5.6696 5.8727 3.0000
      vertex 5.7778 5.7778 0.0000
      vertex 5.7778 5.7778 3.0000
    endloop
  endfacet
  facet normal 0.442289 -0.896873 0.000000
    outer loop
      vertex 44.4500 15.9526 3.0000
      vertex 44.4500 15.9526 0.0000
      vertex 44.5790 16.0163 0.0000
    endloop
  endfacet
  facet normal 0.442289 -0.896873 0.000000
    outer loop
      vertex 44.4500 15.9526 3.0000
      vertex 44.5790 16.0163 0.0000
      vertex 44.5790 16.0163 3.0000
    endloop
  endfacet
  facet normal -0.195090 0.980785 0.000000
    outer loop
      vertex 5.2847 3.9375 3.0000
      vertex 5.2847 3.9375 0.0000
      vertex 5.1436 3.9094 0.0000
    endloop
  endfacet
  facet normal -0.195090 0.980785 0.000000
    outer loop
      vertex 5.2847 3.9375 3.0000
      vertex 5.1436 3.9094 0.0000
      vertex 5.1436 3.9094 3.0000
    endloop
  endfacet
  facet normal -0.831470 -0.555570 -0.000000
    outer loop
      vertex 45.8727 15.6696 3.0000
      vertex 45.8727 15.6696 0.0000
      vertex 45.9526 15.5500 0.0000
    endloop
  endfacet
  facet normal -0.831470 -0.555570 0.000000
    outer loop
      vertex 45.8727 15.6696 3.0000
      vertex 45.9526 15.5500 0.0000
      vertex 45.9526 15.5500 3.0000
    endloop
  endfacet
  facet normal 0.980785 0.195090 0.000000
    outer loop
      vertex 43.9375 14.7153 3.0000
      vertex 43.9375 14.7153 0.0000
      vertex 43.9094 14.8564 0.0000
    endloop
  endfacet
  facet normal 0.980785 0.195090 0.000000
    outer loop
      vertex 43.9375 14.7153 3.0000
      vertex 43.9094 14.8564 0.0000
      vertex 43.9094 14.8564 3.0000
    endloop
  endfacet
  facet normal 0.555570 0.831470 0.000000
    outer loop
      vertex 44.4500 14.0474 3.0000
      vertex 44.4500 14.0474 0.0000
      vertex 44.3304 14.1273 0.0000
    endloop
  endfacet
  facet normal 0.555570 0.831470 0.000000
    outer loop
      vertex 44.4500 14.0474 3.0000
      vertex 44.3304 14.1273 0.0000
      vertex 44.3304 14.1273 3.0000
    endloop
  endfacet
  facet normal -0.555570 -0.831470 -0.000000
    outer loop
      vertex 5.5500 5.9526 3.0000
      vertex 5.5500 5.9526 0.0000
      vertex 5.6696 5.8727 0.0000
    endloop
  endfacet
  facet normal -0.555570 -0.831470 0.000000
    outer loop
      vertex 5.5500 5.9526 3.0000
      vertex 5.6696 5.8727 0.0000
      vertex 5.6696 5.8727 3.0000
    endloop
  endfacet
  facet normal -0.831470 0.555570 0.000000
    outer loop
      vertex 45.9526 4.4500 3.0000
      vertex 45.9526 4.4500 0.0000
      vertex 45.8727 4.3304 0.0000
    endloop
  endfacet
  facet normal -0.831470 0.555570 0.000000
    outer loop
      vertex 45.9526 4.4500 3.0000
      vertex 45.8727 4.3304 0.0000
      vertex 45.8727 4.3304 3.0000
    endloop
  endfacet
  facet normal 0.195090 -0.980785 0.000000
    outer loop
      vertex 44.7153 6.0625 3.0000
      vertex 44.7153 6.0625 0.0000
      vertex 44.8564 6.0906 0.0000
    endloop
  endfacet
  facet normal 0.195090 -0.980785 0.000000
    outer loop
      vertex 44.7153 6.0625 3.0000
      vertex 44.8564 6.0906 0.0000
      vertex 44.8564 6.0906 3.0000
    endloop
  endfacet
  facet normal -0.659346 0.751840 0.000000
    outer loop
      vertex 5.7778 14.2222 3.0000
      vertex 5.7778 14.2222 0.0000
      vertex 5.6696 14.1273 0.0000
    endloop
  endfacet
  facet normal -0.659346 0.751840 0.000000
    outer loop
      vertex 5.7778 14.2222 3.0000
      vertex 5.6696 14.1273 0.0000
      vertex 5.6696 14.1273 3.0000
    endloop
  endfacet
  facet normal 0.896873 -0.442289 0.000000
    outer loop
      vertex 43.9837 5.4210 3.0000
      vertex 43.9837 5.4210 0.0000
      vertex 44.0474 5.5500 0.0000
    endloop
  endfacet
  facet normal 0.896873 -0.442289 0.000000
    outer loop
      vertex 43.9837 5.4210 3.0000
      vertex 44.0474 5.5500 0.0000
      vertex 44.0474 5.5500 3.0000
    endloop
  endfacet
  facet normal -0.195090 -0.980785 -0.000000
    outer loop
      vertex 45.1436 6.0906 3.0000
      vertex 45.1436 6.0906 0.0000
      vertex 45.2847 6.0625 0.0000
    endloop
  endfacet
  facet normal -0.195090 -0.980785 0.000000
    outer loop
      vertex 45.1436 6.0906 3.0000
      vertex 45.2847 6.0625 0.0000
      vertex 45.2847 6.0625 3.0000
    endloop
  endfacet
  facet normal -0.442289 0.896873 0.000000
    outer loop
      vertex 5.5500 4.0474 3.0000
      vertex 5.5500 4.0474 0.0000
      vertex 5.4210 3.9837 0.0000
    endloop
  endfacet
  facet normal -0.442289 0.896873 0.000000
    outer loop
      vertex 5.5500 4.0474 3.0000
      vertex 5.4210 3.9837 0.0000
      vertex 5.4210 3.9837 3.0000
    endloop
  endfacet
  facet normal 0.442289 -0.896873 0.000000
    outer loop
      vertex 4.4500 15.9526 3.0000
      vertex 4.4500 15.9526 0.0000
      vertex 4.5790 16.0163 0.0000
    endloop
  endfacet
  facet normal 0.442289 -0.896873 0.000000
    outer loop
      vertex 4.4500 15.9526 3.0000
      vertex 4.5790 16.0163 0.0000
      vertex 4.5790 16.0163 3.0000
    endloop
  endfacet
  facet normal 0.195090 -0.980785 0.000000
    outer loop
      vertex 4.7153 16.0625 3.0000
      vertex 4.7153 16.0625 0.0000
      vertex 4.8564 16.0906 0.0000
    endloop
  endfacet
  facet normal 0.195090 -0.980785 0.000000
    outer loop
      vertex 4.7153 16.0625 3.0000
      vertex 4.8564 16.0906 0.0000
      vertex 4.8564 16.0906 3.0000
    endloop
  endfacet
  facet normal -0.896873 0.442289 0.000000
    outer loop
      vertex 6.0163 4.5790 3.0000
      vertex 6.0163 4.5790 0.0000
      vertex 5.9526 4.4500 0.0000
    endloop
  endfacet
  facet normal -0.896873 0.442289 0.000000
    outer loop
      vertex 6.0163 4.5790 3.0000
      vertex 5.9526 4.4500 0.0000
      vertex 5.9526 4.4500 3.0000
    endloop
  endfacet
  facet normal 0.896873 0.442289 0.000000
    outer loop
      vertex 44.0474 4.4500 3.0000
      vertex 44.0474 4.4500 0.0000
      vertex 43.9837 4.5790 0.0000
    endloop
  endfacet
  facet normal 0.896873 0.442289 0.000000
    outer loop
      vertex 44.0474 4.4500 3.0000
      vertex 43.9837 4.5790 0.0000
      vertex 43.9837 4.5790 3.0000
    endloop
  endfacet
  facet normal -0.831470 0.555570 0.000000
    outer loop
      vertex 45.9526 14.4500 3.0000
      vertex 45.9526 14.4500 0.0000
      vertex 45.8727 14.3304 0.0000
    endloop
  endfacet
  facet normal -0.831470 0.555570 0.000000
    outer loop
      vertex 45.9526 14.4500 3.0000
      vertex 45.8727 14.3304 0.0000
      vertex 45.8727 14.3304 3.0000
    endloop
  endfacet
  facet normal 0.321439 -0.946930 0.000000
    outer loop
      vertex 44.5790 16.0163 3.0000
      vertex 44.5790 16.0163 0.0000
      vertex 44.7153 16.0625 0.0000
    endloop
  endfacet
  facet normal 0.321439 -0.946930 0.000000
    outer loop
      vertex 44.5790 16.0163 3.0000
      vertex 44.7153 16.0625 0.0000
      vertex 44.7153 16.0625 3.0000
    endloop
  endfacet
  facet normal 0.000000 -1.000000 0.000000
    outer loop
      vertex 42.4000 0.0000 3.0000
      vertex 42.4000 0.0000 0.0000
      vertex 47.6000 0.0000 0.0000
    endloop
  endfacet
  facet normal 0.000000 -1.000000 0.000000
    outer loop
      vertex 42.4000 0.0000 3.0000
      vertex 47.6000 0.0000 0.0000
      vertex 47.6000 0.0000 3.0000
    endloop
  endfacet
  facet normal -0.442289 0.896873 0.000000
    outer loop
      vertex 45.5500 14.0474 3.0000
      vertex 45.5500 14.0474 0.0000
      vertex 45.4210 13.9837 0.0000
    endloop
  endfacet
  facet normal -0.442289 0.896873 0.000000
    outer loop
      vertex 45.5500 14.0474 3.0000
      vertex 45.4210 13.9837 0.0000
      vertex 45.4210 13.9837 3.0000
    endloop
  endfacet
  facet normal -0.997859 0.065403 0.000000
    outer loop
      vertex 6.1000 15.0000 3.0000
      vertex 6.1000 15.0000 0.0000
      vertex 6.0906 14.8564 0.0000
    endloop
  endfacet
  facet normal -0.997859 0.065403 0.000000
    outer loop
      vertex 6.1000 15.0000 3.0000
      vertex 6.0906 14.8564 0.0000
      vertex 6.0906 14.8564 3.0000
    endloop
  endfacet
  facet normal 0.831470 -0.555570 0.000000
    outer loop
      vertex 4.0474 5.5500 3.0000
      vertex 4.0474 5.5500 0.0000
      vertex 4.1273 5.6696 0.0000
    endloop
  endfacet
  facet normal 0.831470 -0.555570 0.000000
    outer loop
      vertex 4.0474 5.5500 3.0000
      vertex 4.1273 5.6696 0.0000
      vertex 4.1273 5.6696 3.0000
    endloop
  endfacet
  facet normal 0.831470 0.555570 0.000000
    outer loop
      vertex 44.1273 4.3304 3.0000
      vertex 44.1273 4.3304 0.0000
      vertex 44.0474 4.4500 0.0000
    endloop
  endfacet
  facet normal 0.831470 0.555570 0.000000
    outer loop
      vertex 44.1273 4.3304 3.0000
      vertex 44.0474 4.4500 0.0000
      vertex 44.0474 4.4500 3.0000
    endloop
  endfacet
  facet normal -0.896873 0.442289 0.000000
    outer loop
      vertex 46.0163 14.5790 3.0000
      vertex 46.0163 14.5790 0.0000
      vertex 45.9526 14.4500 0.0000
    endloop
  endfacet
  facet normal -0.896873 0.442289 0.000000
    outer loop
      vertex 46.0163 14.5790 3.0000
      vertex 45.9526 14.4500 0.0000
      vertex 45.9526 14.4500 3.0000
    endloop
  endfacet
  facet normal 0.751840 -0.659346 0.000000
    outer loop
      vertex 44.1273 5.6696 3.0000
      vertex 44.1273 5.6696 0.0000
      vertex 44.2222 5.7778 0.0000
    endloop
  endfacet
  facet normal 0.751840 -0.659346 0.000000
    outer loop
      vertex 44.1273 5.6696 3.0000
      vertex 44.2222 5.7778 0.0000
      vertex 44.2222 5.7778 3.0000
    endloop
  endfacet
  facet normal 0.751840 0.659346 0.000000
    outer loop
      vertex 4.2222 4.2222 3.0000
      vertex 4.2222 4.2222 0.0000
      vertex 4.1273 4.3304 0.0000
    endloop
  endfacet
  facet normal 0.751840 0.659346 0.000000
    outer loop
      vertex 4.2222 4.2222 3.0000
      vertex 4.1273 4.3304 0.0000
      vertex 4.1273 4.3304 3.0000
    endloop
  endfacet
  facet normal 0.946930 -0.321439 0.000000
    outer loop
      vertex 3.9375 15.2847 3.0000
      vertex 3.9375 15.2847 0.0000
      vertex 3.9837 15.4210 0.0000
    endloop
  endfacet
  facet normal 0.946930 -0.321439 0.000000
    outer loop
      vertex 3.9375 15.2847 3.0000
      vertex 3.9837 15.4210 0.0000
      vertex 3.9837 15.4210 3.0000
    endloop
  endfacet
  facet normal -0.555570 -0.831470 -0.000000
    outer loop
      vertex 5.5500 15.9526 3.0000
      vertex 5.5500 15.9526 0.0000
      vertex 5.6696 15.8727 0.0000
    endloop
  endfacet
  facet normal -0.555570 -0.831470 0.000000
    outer loop
      vertex 5.5500 15.9526 3.0000
      vertex 5.6696 15.8727 0.0000
      vertex 5.6696 15.8727 3.0000
    endloop
  endfacet
  facet normal 0.065403 0.997859 0.000000
    outer loop
      vertex 45.0000 13.9000 3.0000
      vertex 45.0000 13.9000 0.0000
      vertex 44.8564 13.9094 0.0000
    endloop
  endfacet
  facet normal 0.065403 0.997859 0.000000
    outer loop
      vertex 45.0000 13.9000 3.0000
      vertex 44.8564 13.9094 0.0000
      vertex 44.8564 13.9094 3.0000
    endloop
  endfacet
  facet normal 0.321439 0.946930 0.000000
    outer loop
      vertex 44.7153 13.9375 3.0000
      vertex 44.7153 13.9375 0.0000
      vertex 44.5790 13.9837 0.0000
    endloop
  endfacet
  facet normal 0.321439 0.946930 0.000000
    outer loop
      vertex 44.7153 13.9375 3.0000
      vertex 44.5790 13.9837 0.0000
      vertex 44.5790 13.9837 3.0000
    endloop
  endfacet
  facet normal 0.000000 1.000000 0.000000
    outer loop
      vertex 50.0000 22.0000 3.0000
      vertex 50.0000 22.0000 0.0000
      vertex 47.6000 22.0000 0.0000
    endloop
  endfacet
  facet normal 0.000000 1.000000 0.000000
    outer loop
      vertex 50.0000 22.0000 3.0000
      vertex 47.6000 22.0000 0.0000
      vertex 47.6000 22.0000 3.0000
    endloop
  endfacet
  facet normal -0.980785 0.195090 0.000000
    outer loop
      vertex 6.0906 14.8564 3.0000
      vertex 6.0906 14.8564 0.0000
      vertex 6.0625 14.7153 0.0000
    endloop
  endfacet
  facet normal -0.980785 0.195090 0.000000
    outer loop
      vertex 6.0906 14.8564 3.0000
      vertex 6.0625 14.7153 0.0000
      vertex 6.0625 14.7153 3.0000
    endloop
  endfacet
  facet normal 0.831470 -0.555570 0.000000
    outer loop
      vertex 44.0474 5.5500 3.0000
      vertex 44.0474 5.5500 0.0000
      vertex 44.1273 5.6696 0.0000
    endloop
  endfacet
  facet normal 0.831470 -0.555570 0.000000
    outer loop
      vertex 44.0474 5.5500 3.0000
      vertex 44.1273 5.6696 0.0000
      vertex 44.1273 5.6696 3.0000
    endloop
  endfacet
  facet normal 0.751840 0.659346 0.000000
    outer loop
      vertex 44.2222 14.2222 3.0000
      vertex 44.2222 14.2222 0.0000
      vertex 44.1273 14.3304 0.0000
    endloop
  endfacet
  facet normal 0.751840 0.659346 0.000000
    outer loop
      vertex 44.2222 14.2222 3.0000
      vertex 44.1273 14.3304 0.0000
      vertex 44.1273 14.3304 3.0000
    endloop
  endfacet
  facet normal -0.946930 -0.321439 -0.000000
    outer loop
      vertex 6.0163 15.4210 3.0000
      vertex 6.0163 15.4210 0.0000
      vertex 6.0625 15.2847 0.0000
    endloop
  endfacet
  facet normal -0.946930 -0.321439 0.000000
    outer loop
      vertex 6.0163 15.4210 3.0000
      vertex 6.0625 15.2847 0.0000
      vertex 6.0625 15.2847 3.0000
    endloop
  endfacet
  facet normal 0.555570 -0.831470 0.000000
    outer loop
      vertex 4.3304 15.8727 3.0000
      vertex 4.3304 15.8727 0.0000
      vertex 4.4500 15.9526 0.0000
    endloop
  endfacet
  facet normal 0.555570 -0.831470 0.000000
    outer loop
      vertex 4.3304 15.8727 3.0000
      vertex 4.4500 15.9526 0.0000
      vertex 4.4500 15.9526 3.0000
    endloop
  endfacet
  facet normal 0.659346 -0.751840 0.000000
    outer loop
      vertex 4.2222 15.7778 3.0000
      vertex 4.2222 15.7778 0.0000
      vertex 4.3304 15.8727 0.0000
    endloop
  endfacet
  facet normal 0.659346 -0.751840 0.000000
    outer loop
      vertex 4.2222 15.7778 3.0000
      vertex 4.3304 15.8727 0.0000
      vertex 4.3304 15.8727 3.0000
    endloop
  endfacet
  facet normal 0.555570 -0.831470 0.000000
    outer loop
      vertex 44.3304 5.8727 3.0000
      vertex 44.3304 5.8727 0.0000
      vertex 44.4500 5.9526 0.0000
    endloop
  endfacet
  facet normal 0.555570 -0.831470 0.000000
    outer loop
      vertex 44.3304 5.8727 3.0000
      vertex 44.4500 5.9526 0.0000
      vertex 44.4500 5.9526 3.0000
    endloop
  endfacet
  facet normal 0.065403 -0.997859 0.000000
    outer loop
      vertex 4.8564 6.0906 3.0000
      vertex 4.8564 6.0906 0.0000
      vertex 5.0000 6.1000 0.0000
    endloop
  endfacet
  facet normal 0.065403 -0.997859 0.000000
    outer loop
      vertex 4.8564 6.0906 3.0000
      vertex 5.0000 6.1000 0.0000
      vertex 5.0000 6.1000 3.0000
    endloop
  endfacet
  facet normal -0.980785 -0.195090 -0.000000
    outer loop
      vertex 6.0625 5.2847 3.0000
      vertex 6.0625 5.2847 0.0000
      vertex 6.0906 5.1436 0.0000
    endloop
  endfacet
  facet normal -0.980785 -0.195090 0.000000
    outer loop
      vertex 6.0625 5.2847 3.0000
      vertex 6.0906 5.1436 0.0000
      vertex 6.0906 5.1436 3.0000
    endloop
  endfacet
  facet normal -0.946930 -0.321439 -0.000000
    outer loop
      vertex 46.0163 5.4210 3.0000
      vertex 46.0163 5.4210 0.0000
      vertex 46.0625 5.2847 0.0000
    endloop
  endfacet
  facet normal -0.946930 -0.321439 0.000000
    outer loop
      vertex 46.0163 5.4210 3.0000
      vertex 46.0625 5.2847 0.0000
      vertex 46.0625 5.2847 3.0000
    endloop
  endfacet
  facet normal -0.896873 -0.442289 -0.000000
    outer loop
      vertex 45.9526 15.5500 3.0000
      vertex 45.9526 15.5500 0.0000
      vertex 46.0163 15.4210 0.0000
    endloop
  endfacet
  facet normal -0.896873 -0.442289 0.000000
    outer loop
      vertex 45.9526 15.5500 3.0000
      vertex 46.0163 15.4210 0.0000
      vertex 46.0163 15.4210 3.0000
    endloop
  endfacet
  facet normal -0.195090 -0.980785 -0.000000
    outer loop
      vertex 5.1436 6.0906 3.0000
      vertex 5.1436 6.0906 0.0000
      vertex 5.2847 6.0625 0.0000
    endloop
  endfacet
  facet normal -0.195090 -0.980785 0.000000
    outer loop
      vertex 5.1436 6.0906 3.0000
      vertex 5.2847 6.0625 0.0000
      vertex 5.2847 6.0625 3.0000
    endloop
  endfacet
  facet normal 0.831470 0.555570 0.000000
    outer loop
      vertex 44.1273 14.3304 3.0000
      vertex 44.1273 14.3304 0.0000
      vertex 44.0474 14.4500 0.0000
    endloop
  endfacet
  facet normal 0.831470 0.555570 0.000000
    outer loop
      vertex 44.1273 14.3304 3.0000
      vertex 44.0474 14.4500 0.0000
      vertex 44.0474 14.4500 3.0000
    endloop
  endfacet
  facet normal -0.321439 0.946930 0.000000
    outer loop
      vertex 5.4210 3.9837 3.0000
      vertex 5.4210 3.9837 0.0000
      vertex 5.2847 3.9375 0.0000
    endloop
  endfacet
  facet normal -0.321439 0.946930 0.000000
    outer loop
      vertex 5.4210 3.9837 3.0000
      vertex 5.2847 3.9375 0.0000
      vertex 5.2847 3.9375 3.0000
    endloop
  endfacet
  facet normal 0.000000 1.000000 0.000000
    outer loop
      vertex 47.6000 22.0000 3.0000
      vertex 47.6000 22.0000 0.0000
      vertex 42.4000 22.0000 0.0000
    endloop
  endfacet
  facet normal 0.000000 1.000000 0.000000
    outer loop
      vertex 47.6000 22.0000 3.0000
      vertex 42.4000 22.0000 0.0000
      vertex 42.4000 22.0000 3.0000
    endloop
  endfacet
  facet normal 0.065403 -0.997859 0.000000
    outer loop
      vertex 4.8564 16.0906 3.0000
      vertex 4.8564 16.0906 0.0000
      vertex 5.0000 16.1000 0.0000
    endloop
  endfacet
  facet normal 0.065403 -0.997859 0.000000
    outer loop
      vertex 4.8564 16.0906 3.0000
      vertex 5.0000 16.1000 0.0000
      vertex 5.0000 16.1000 3.0000
    endloop
  endfacet
  facet normal 0.980785 0.195090 0.000000
    outer loop
      vertex 3.9375 4.7153 3.0000
      vertex 3.9375 4.7153 0.0000
      vertex 3.9094 4.8564 0.0000
    endloop
  endfacet
  facet normal 0.980785 0.195090 0.000000
    outer loop
      vertex 3.9375 4.7153 3.0000
      vertex 3.9094 4.8564 0.0000
      vertex 3.9094 4.8564 3.0000
    endloop
  endfacet
  facet normal 0.946930 0.321439 0.000000
    outer loop
      vertex 43.9837 4.5790 3.0000
      vertex 43.9837 4.5790 0.0000
      vertex 43.9375 4.7153 0.0000
    endloop
  endfacet
  facet normal 0.946930 0.321439 0.000000
    outer loop
      vertex 43.9837 4.5790 3.0000
      vertex 43.9375 4.7153 0.0000
      vertex 43.9375 4.7153 3.0000
    endloop
  endfacet
  facet normal -0.751840 0.659346 0.000000
    outer loop
      vertex 5.8727 4.3304 3.0000
      vertex 5.8727 4.3304 0.0000
      vertex 5.7778 4.2222 0.0000
    endloop
  endfacet
  facet normal -0.751840 0.659346 0.000000
    outer loop
      vertex 5.8727 4.3304 3.0000
      vertex 5.7778 4.2222 0.0000
      vertex 5.7778 4.2222 3.0000
    endloop
  endfacet
  facet normal -0.659346 0.751840 0.000000
    outer loop
      vertex 45.7778 4.2222 3.0000
      vertex 45.7778 4.2222 0.0000
      vertex 45.6696 4.1273 0.0000
    endloop
  endfacet
  facet normal -0.659346 0.751840 0.000000
    outer loop
      vertex 45.7778 4.2222 3.0000
      vertex 45.6696 4.1273 0.0000
      vertex 45.6696 4.1273 3.0000
    endloop
  endfacet
  facet normal 0.946930 -0.321439 0.000000
    outer loop
      vertex 43.9375 5.2847 3.0000
      vertex 43.9375 5.2847 0.0000
      vertex 43.9837 5.4210 0.0000
    endloop
  endfacet
  facet normal 0.946930 -0.321439 0.000000
    outer loop
      vertex 43.9375 5.2847 3.0000
      vertex 43.9837 5.4210 0.0000
      vertex 43.9837 5.4210 3.0000
    endloop
  endfacet
  facet normal -0.442289 -0.896873 -0.000000
    outer loop
      vertex 5.4210 16.0163 3.0000
      vertex 5.4210 16.0163 0.0000
      vertex 5.5500 15.9526 0.0000
    endloop
  endfacet
  facet normal -0.442289 -0.896873 0.000000
    outer loop
      vertex 5.4210 16.0163 3.0000
      vertex 5.5500 15.9526 0.0000
      vertex 5.5500 15.9526 3.0000
    endloop
  endfacet
  facet normal -0.831470 -0.555570 -0.000000
    outer loop
      vertex 5.8727 15.6696 3.0000
      vertex 5.8727 15.6696 0.0000
      vertex 5.9526 15.5500 0.0000
    endloop
  endfacet
  facet normal -0.831470 -0.555570 0.000000
    outer loop
      vertex 5.8727 15.6696 3.0000
      vertex 5.9526 15.5500 0.0000
      vertex 5.9526 15.5500 3.0000
    endloop
  endfacet
  facet normal 0.997859 -0.065403 0.000000
    outer loop
      vertex 3.9000 15.0000 3.0000
      vertex 3.9000 15.0000 0.0000
      vertex 3.9094 15.1436 0.0000
    endloop
  endfacet
  facet normal 0.997859 -0.065403 0.000000
    outer loop
      vertex 3.9000 15.0000 3.0000
      vertex 3.9094 15.1436 0.0000
      vertex 3.9094 15.1436 3.0000
    endloop
  endfacet
  facet normal 0.000000 1.000000 0.000000
    outer loop
      vertex 42.4000 22.0000 3.0000
      vertex 42.4000 22.0000 0.0000
      vertex 25.0000 22.0000 0.0000
    endloop
  endfacet
  facet normal 0.000000 1.000000 0.000000
    outer loop
      vertex 42.4000 22.0000 3.0000
      vertex 25.0000 22.0000 0.0000
      vertex 25.0000 22.0000 3.0000
    endloop
  endfacet
  facet normal 0.000000 1.000000 0.000000
    outer loop
      vertex 9.6444 22.0000 16.2778
      vertex 12.4000 22.0000 0.0000
      vertex 0.0000 22.0000 0.0000
    endloop
  endfacet
  facet normal 0.000000 1.000000 0.000000
    outer loop
      vertex 9.6444 22.0000 16.2778
      vertex 12.4000 22.0000 3.9000
      vertex 12.4000 22.0000 0.0000
    endloop
  endfacet
  facet normal 0.000000 1.000000 0.000000
    outer loop
      vertex 9.6444 22.0000 16.2778
      vertex 12.4000 22.0000 9.1000
      vertex 12.4000 22.0000 3.9000
    endloop
  endfacet
  facet normal -0.000000 1.000000 0.000000
    outer loop
      vertex 9.6444 22.0000 16.2778
      vertex 12.4000 22.0000 16.5000
      vertex 12.4000 22.0000 9.1000
    endloop
  endfacet
  facet normal 0.000000 1.000000 0.000000
    outer loop
      vertex 9.6444 22.0000 16.2778
      vertex 12.4000 22.0000 23.9000
      vertex 12.4000 22.0000 16.5000
    endloop
  endfacet
  facet normal 0.000000 1.000000 0.000000
    outer loop
      vertex 9.6444 22.0000 16.2778
      vertex 12.4000 22.0000 29.1000
      vertex 12.4000 22.0000 23.9000
    endloop
  endfacet
  facet normal 0.000000 1.000000 0.000000
    outer loop
      vertex 9.6444 22.0000 16.2778
      vertex 12.4000 22.0000 32.0000
      vertex 12.4000 22.0000 29.1000
    endloop
  endfacet
  facet normal 0.000000 1.000000 -0.000000
    outer loop
      vertex 9.6444 22.0000 16.2778
      vertex 0.0000 22.0000 32.0000
      vertex 12.4000 22.0000 32.0000
    endloop
  endfacet
  facet normal 0.000000 1.000000 0.000000
    outer loop
      vertex 9.6444 22.0000 16.2778
      vertex 0.0000 22.0000 0.0000
      vertex 0.0000 22.0000 32.0000
    endloop
  endfacet
  facet normal 0.000000 1.000000 0.000000
    outer loop
      vertex 15.0000 22.0000 1.9500
      vertex 17.6000 22.0000 0.0000
      vertex 12.4000 22.0000 0.0000
    endloop
  endfacet
  facet normal -0.000000 1.000000 0.000000
    outer loop
      vertex 15.0000 22.0000 1.9500
      vertex 17.6000 22.0000 3.9000
      vertex 17.6000 22.0000 0.0000
    endloop
  endfacet
  facet normal 0.000000 1.000000 -0.000000
    outer loop
      vertex 15.0000 22.0000 1.9500
      vertex 12.4000 22.0000 3.9000
      vertex 17.6000 22.0000 3.9000
    endloop
  endfacet
  facet normal 0.000000 1.000000 0.000000
    outer loop
      vertex 15.0000 22.0000 1.9500
      vertex 12.4000 22.0000 0.0000
      vertex 12.4000 22.0000 3.9000
    endloop
  endfacet
  facet normal 0.000000 1.000000 0.000000
    outer loop
      vertex 14.3304 22.0000 5.6273
      vertex 14.4500 22.0000 5.5474
      vertex 12.4000 22.0000 3.9000
    endloop
  endfacet
  facet normal 0.000000 1.000000 0.000000
    outer loop
      vertex 14.4500 22.0000 5.5474
      vertex 14.5790 22.0000 5.4837
      vertex 12.4000 22.0000 3.9000
    endloop
  endfacet
  facet normal 0.000000 1.000000 0.000000
    outer loop
      vertex 14.5790 22.0000 5.4837
      vertex 14.7153 22.0000 5.4375
      vertex 12.4000 22.0000 3.9000
    endloop
  endfacet
  facet normal 0.000000 1.000000 0.000000
    outer loop
      vertex 14.7153 22.0000 5.4375
      vertex 14.8564 22.0000 5.4094
      vertex 12.4000 22.0000 3.9000
    endloop
  endfacet
  facet normal 0.000000 1.000000 0.000000
    outer loop
      vertex 14.8564 22.0000 5.4094
      vertex 15.0000 22.0000 5.4000
      vertex 12.4000 22.0000 3.9000
    endloop
  endfacet
  facet normal -0.000000 1.000000 0.000000
    outer loop
      vertex 15.0000 22.0000 5.4000
      vertex 15.1436 22.0000 5.4094
      vertex 12.4000 22.0000 3.9000
    endloop
  endfacet
  facet normal -0.000000 1.000000 0.000000
    outer loop
      vertex 15.1436 22.0000 5.4094
      vertex 15.2847 22.0000 5.4375
      vertex 12.4000 22.0000 3.9000
    endloop
  endfacet
  facet normal -0.000000 1.000000 0.000000
    outer loop
      vertex 15.2847 22.0000 5.4375
      vertex 15.4210 22.0000 5.4837
      vertex 12.4000 22.0000 3.9000
    endloop
  endfacet
  facet normal -0.000000 1.000000 0.000000
    outer loop
      vertex 15.4210 22.0000 5.4837
      vertex 15.5500 22.0000 5.5474
      vertex 12.4000 22.0000 3.9000
    endloop
  endfacet
  facet normal -0.000000 -1.000000 0.000000
    outer loop
      vertex 15.5500 22.0000 5.5474
      vertex 15.6696 22.0000 5.6273
      vertex 12.4000 22.0000 3.9000
    endloop
  endfacet
  facet normal -0.000000 -1.000000 0.000000
    outer loop
      vertex 15.6696 22.0000 5.6273
      vertex 15.7778 22.0000 5.7222
      vertex 12.4000 22.0000 3.9000
    endloop
  endfacet
  facet normal 0.000000 1.000000 0.000000
    outer loop
      vertex 15.7778 22.0000 5.7222
      vertex 17.6000 22.0000 3.9000
      vertex 12.4000 22.0000 3.9000
    endloop
  endfacet
  facet normal -0.000000 1.000000 0.000000
    outer loop
      vertex 15.7778 22.0000 5.7222
      vertex 15.8727 22.0000 5.8304
      vertex 17.6000 22.0000 3.9000
    endloop
  endfacet
  facet normal -0.000000 1.000000 0.000000
    outer loop
      vertex 15.8727 22.0000 5.8304
      vertex 15.9526 22.0000 5.9500
      vertex 17.6000 22.0000 3.9000
    endloop
  endfacet
  facet normal -0.000000 1.000000 0.000000
    outer loop
      vertex 15.9526 22.0000 5.9500
      vertex 16.0163 22.0000 6.0790
      vertex 17.6000 22.0000 3.9000
    endloop
  endfacet
  facet normal -0.000000 1.000000 0.000000
    outer loop
      vertex 16.0163 22.0000 6.0790
      vertex 16.0625 22.0000 6.2153
      vertex 17.6000 22.0000 3.9000
    endloop
  endfacet
  facet normal -0.000000 1.000000 0.000000
    outer loop
      vertex 16.0625 22.0000 6.2153
      vertex 16.0906 22.0000 6.3564
      vertex 17.6000 22.0000 3.9000
    endloop
  endfacet
  facet normal -0.000000 1.000000 0.000000
    outer loop
      vertex 16.0906 22.0000 6.3564
      vertex 16.1000 22.0000 6.5000
      vertex 17.6000 22.0000 3.9000
    endloop
  endfacet
  facet normal -0.000000 1.000000 -0.000000
    outer loop
      vertex 16.1000 22.0000 6.5000
      vertex 16.0906 22.0000 6.6436
      vertex 17.6000 22.0000 3.9000
    endloop
  endfacet
  facet normal -0.000000 1.000000 -0.000000
    outer loop
      vertex 16.0906 22.0000 6.6436
      vertex 16.0625 22.0000 6.7847
      vertex 17.6000 22.0000 3.9000
    endloop
  endfacet
  facet normal -0.000000 1.000000 -0.000000
    outer loop
      vertex 16.0625 22.0000 6.7847
      vertex 16.0163 22.0000 6.9210
      vertex 17.6000 22.0000 3.9000
    endloop
  endfacet
  facet normal -0.000000 1.000000 -0.000000
    outer loop
      vertex 16.0163 22.0000 6.9210
      vertex 15.9526 22.0000 7.0500
      vertex 17.6000 22.0000 3.9000
    endloop
  endfacet
  facet normal -0.000000 -1.000000 -0.000000
    outer loop
      vertex 15.9526 22.0000 7.0500
      vertex 15.8727 22.0000 7.1696
      vertex 17.6000 22.0000 3.9000
    endloop
  endfacet
  facet normal -0.000000 1.000000 0.000000
    outer loop
      vertex 15.8727 22.0000 7.1696
      vertex 17.6000 22.0000 9.1000
      vertex 17.6000 22.0000 3.9000
    endloop
  endfacet
  facet normal 0.000000 1.000000 -0.000000
    outer loop
      vertex 15.8727 22.0000 7.1696
      vertex 15.7778 22.0000 7.2778
      vertex 17.6000 22.0000 9.1000
    endloop
  endfacet
  facet normal 0.000000 1.000000 -0.000000
    outer loop
      vertex 15.7778 22.0000 7.2778
      vertex 15.6696 22.0000 7.3727
      vertex 17.6000 22.0000 9.1000
    endloop
  endfacet
  facet normal 0.000000 1.000000 -0.000000
    outer loop
      vertex 15.6696 22.0000 7.3727
      vertex 15.5500 22.0000 7.4526
      vertex 17.6000 22.0000 9.1000
    endloop
  endfacet
  facet normal 0.000000 1.000000 -0.000000
    outer loop
      vertex 15.5500 22.0000 7.4526
      vertex 15.4210 22.0000 7.5163
      vertex 17.6000 22.0000 9.1000
    endloop
  endfacet
  facet normal 0.000000 1.000000 -0.000000
    outer loop
      vertex 15.4210 22.0000 7.5163
      vertex 15.2847 22.0000 7.5625
      vertex 17.6000 22.0000 9.1000
    endloop
  endfacet
  facet normal 0.000000 1.000000 -0.000000
    outer loop
      vertex 15.2847 22.0000 7.5625
      vertex 15.1436 22.0000 7.5906
      vertex 17.6000 22.0000 9.1000
    endloop
  endfacet
  facet normal 0.000000 1.000000 -0.000000
    outer loop
      vertex 15.1436 22.0000 7.5906
      vertex 15.0000 22.0000 7.6000
      vertex 17.6000 22.0000 9.1000
    endloop
  endfacet
  facet normal 0.000000 1.000000 -0.000000
    outer loop
      vertex 15.0000 22.0000 7.6000
      vertex 14.8564 22.0000 7.5906
      vertex 17.6000 22.0000 9.1000
    endloop
  endfacet
  facet normal 0.000000 1.000000 -0.000000
    outer loop
      vertex 14.8564 22.0000 7.5906
      vertex 14.7153 22.0000 7.5625
      vertex 17.6000 22.0000 9.1000
    endloop
  endfacet
  facet normal 0.000000 1.000000 -0.000000
    outer loop
      vertex 14.7153 22.0000 7.5625
      vertex 14.5790 22.0000 7.5163
      vertex 17.6000 22.0000 9.1000
    endloop
  endfacet
  facet normal 0.000000 1.000000 -0.000000
    outer loop
      vertex 14.5790 22.0000 7.5163
      vertex 14.4500 22.0000 7.4526
      vertex 17.6000 22.0000 9.1000
    endloop
  endfacet
  facet normal 0.000000 -1.000000 -0.000000
    outer loop
      vertex 14.4500 22.0000 7.4526
      vertex 14.3304 22.0000 7.3727
      vertex 17.6000 22.0000 9.1000
    endloop
  endfacet
  facet normal 0.000000 1.000000 -0.000000
    outer loop
      vertex 14.3304 22.0000 7.3727
      vertex 12.4000 22.0000 9.1000
      vertex 17.6000 22.0000 9.1000
    endloop
  endfacet
  facet normal 0.000000 1.000000 0.000000
    outer loop
      vertex 14.3304 22.0000 7.3727
      vertex 14.2222 22.0000 7.2778
      vertex 12.4000 22.0000 9.1000
    endloop
  endfacet
  facet normal 0.000000 1.000000 0.000000
    outer loop
      vertex 14.2222 22.0000 7.2778
      vertex 14.1273 22.0000 7.1696
      vertex 12.4000 22.0000 9.1000
    endloop
  endfacet
  facet normal 0.000000 1.000000 0.000000
    outer loop
      vertex 14.1273 22.0000 7.1696
      vertex 14.0474 22.0000 7.0500
      vertex 12.4000 22.0000 9.1000
    endloop
  endfacet
  facet normal 0.000000 1.000000 0.000000
    outer loop
      vertex 14.0474 22.0000 7.0500
      vertex 13.9837 22.0000 6.9210
      vertex 12.4000 22.0000 9.1000
    endloop
  endfacet
  facet normal 0.000000 1.000000 0.000000
    outer loop
      vertex 13.9837 22.0000 6.9210
      vertex 13.9375 22.0000 6.7847
      vertex 12.4000 22.0000 9.1000
    endloop
  endfacet
  facet normal 0.000000 1.000000 0.000000
    outer loop
      vertex 13.9375 22.0000 6.7847
      vertex 13.9094 22.0000 6.6436
      vertex 12.4000 22.0000 9.1000
    endloop
  endfacet
  facet normal 0.000000 1.000000 0.000000
    outer loop
      vertex 13.9094 22.0000 6.6436
      vertex 13.9000 22.0000 6.5000
      vertex 12.4000 22.0000 9.1000
    endloop
  endfacet
  facet normal 0.000000 1.000000 0.000000
    outer loop
      vertex 13.9000 22.0000 6.5000
      vertex 13.9094 22.0000 6.3564
      vertex 12.4000 22.0000 9.1000
    endloop
  endfacet
  facet normal 0.000000 1.000000 0.000000
    outer loop
      vertex 13.9094 22.0000 6.3564
      vertex 13.9375 22.0000 6.2153
      vertex 12.4000 22.0000 9.1000
    endloop
  endfacet
  facet normal 0.000000 1.000000 0.000000
    outer loop
      vertex 13.9375 22.0000 6.2153
      vertex 13.9837 22.0000 6.0790
      vertex 12.4000 22.0000 9.1000
    endloop
  endfacet
  facet normal 0.000000 1.000000 0.000000
    outer loop
      vertex 13.9837 22.0000 6.0790
      vertex 14.0474 22.0000 5.9500
      vertex 12.4000 22.0000 9.1000
    endloop
  endfacet
  facet normal 0.000000 -1.000000 0.000000
    outer loop
      vertex 14.0474 22.0000 5.9500
      vertex 14.1273 22.0000 5.8304
      vertex 12.4000 22.0000 9.1000
    endloop
  endfacet
  facet normal 0.000000 1.000000 0.000000
    outer loop
      vertex 14.1273 22.0000 5.8304
      vertex 12.4000 22.0000 3.9000
      vertex 12.4000 22.0000 9.1000
    endloop
  endfacet
  facet normal 0.000000 1.000000 0.000000
    outer loop
      vertex 14.1273 22.0000 5.8304
      vertex 14.2222 22.0000 5.7222
      vertex 12.4000 22.0000 3.9000
    endloop
  endfacet
  facet normal 0.000000 1.000000 0.000000
    outer loop
      vertex 14.2222 22.0000 5.7222
      vertex 14.3304 22.0000 5.6273
      vertex 12.4000 22.0000 3.9000
    endloop
  endfacet
  facet normal 0.000000 1.000000 0.000000
    outer loop
      vertex 15.0000 22.0000 12.8000
      vertex 17.6000 22.0000 9.1000
      vertex 12.4000 22.0000 9.1000
    endloop
  endfacet
  facet normal -0.000000 1.000000 0.000000
    outer loop
      vertex 15.0000 22.0000 12.8000
      vertex 17.6000 22.0000 16.5000
      vertex 17.6000 22.0000 9.1000
    endloop
  endfacet
  facet normal 0.000000 1.000000 -0.000000
    outer loop
      vertex 15.0000 22.0000 12.8000
      vertex 12.4000 22.0000 16.5000
      vertex 17.6000 22.0000 16.5000
    endloop
  endfacet
  facet normal 0.000000 1.000000 0.000000
    outer loop
      vertex 15.0000 22.0000 12.8000
      vertex 12.4000 22.0000 9.1000
      vertex 12.4000 22.0000 16.5000
    endloop
  endfacet
  facet normal 0.000000 1.000000 0.000000
    outer loop
      vertex 15.0000 22.0000 20.2000
      vertex 17.6000 22.0000 16.5000
      vertex 12.4000 22.0000 16.5000
    endloop
  endfacet
  facet normal -0.000000 1.000000 0.000000
    outer loop
      vertex 15.0000 22.0000 20.2000
      vertex 17.6000 22.0000 23.9000
      vertex 17.6000 22.0000 16.5000
    endloop
  endfacet
  facet normal 0.000000 1.000000 -0.000000
    outer loop
      vertex 15.0000 22.0000 20.2000
      vertex 12.4000 22.0000 23.9000
      vertex 17.6000 22.0000 23.9000
    endloop
  endfacet
  facet normal 0.000000 1.000000 0.000000
    outer loop
      vertex 15.0000 22.0000 20.2000
      vertex 12.4000 22.0000 16.5000
      vertex 12.4000 22.0000 23.9000
    endloop
  endfacet
  facet normal 0.000000 1.000000 0.000000
    outer loop
      vertex 14.3304 22.0000 25.6273
      vertex 14.4500 22.0000 25.5474
      vertex 12.4000 22.0000 23.9000
    endloop
  endfacet
  facet normal 0.000000 1.000000 0.000000
    outer loop
      vertex 14.4500 22.0000 25.5474
      vertex 14.5790 22.0000 25.4837
      vertex 12.4000 22.0000 23.9000
    endloop
  endfacet
  facet normal 0.000000 1.000000 0.000000
    outer loop
      vertex 14.5790 22.0000 25.4837
      vertex 14.7153 22.0000 25.4375
      vertex 12.4000 22.0000 23.9000
    endloop
  endfacet
  facet normal 0.000000 1.000000 0.000000
    outer loop
      vertex 14.7153 22.0000 25.4375
      vertex 14.8564 22.0000 25.4094
      vertex 12.4000 22.0000 23.9000
    endloop
  endfacet
  facet normal 0.000000 1.000000 0.000000
    outer loop
      vertex 14.8564 22.0000 25.4094
      vertex 15.0000 22.0000 25.4000
      vertex 12.4000 22.0000 23.9000
    endloop
  endfacet
  facet normal -0.000000 1.000000 0.000000
    outer loop
      vertex 15.0000 22.0000 25.4000
      vertex 15.1436 22.0000 25.4094
      vertex 12.4000 22.0000 23.9000
    endloop
  endfacet
  facet normal -0.000000 1.000000 0.000000
    outer loop
      vertex 15.1436 22.0000 25.4094
      vertex 15.2847 22.0000 25.4375
      vertex 12.4000 22.0000 23.9000
    endloop
  endfacet
  facet normal -0.000000 1.000000 0.000000
    outer loop
      vertex 15.2847 22.0000 25.4375
      vertex 15.4210 22.0000 25.4837
      vertex 12.4000 22.0000 23.9000
    endloop
  endfacet
  facet normal -0.000000 1.000000 0.000000
    outer loop
      vertex 15.4210 22.0000 25.4837
      vertex 15.5500 22.0000 25.5474
      vertex 12.4000 22.0000 23.9000
    endloop
  endfacet
  facet normal -0.000000 -1.000000 0.000000
    outer loop
      vertex 15.5500 22.0000 25.5474
      vertex 15.6696 22.0000 25.6273
      vertex 12.4000 22.0000 23.9000
    endloop
  endfacet
  facet normal -0.000000 -1.000000 0.000000
    outer loop
      vertex 15.6696 22.0000 25.6273
      vertex 15.7778 22.0000 25.7222
      vertex 12.4000 22.0000 23.9000
    endloop
  endfacet
  facet normal 0.000000 1.000000 0.000000
    outer loop
      vertex 15.7778 22.0000 25.7222
      vertex 17.6000 22.0000 23.9000
      vertex 12.4000 22.0000 23.9000
    endloop
  endfacet
  facet normal -0.000000 1.000000 0.000000
    outer loop
      vertex 15.7778 22.0000 25.7222
      vertex 15.8727 22.0000 25.8304
      vertex 17.6000 22.0000 23.9000
    endloop
  endfacet
  facet normal -0.000000 1.000000 0.000000
    outer loop
      vertex 15.8727 22.0000 25.8304
      vertex 15.9526 22.0000 25.9500
      vertex 17.6000 22.0000 23.9000
    endloop
  endfacet
  facet normal -0.000000 1.000000 0.000000
    outer loop
      vertex 15.9526 22.0000 25.9500
      vertex 16.0163 22.0000 26.0790
      vertex 17.6000 22.0000 23.9000
    endloop
  endfacet
  facet normal -0.000000 1.000000 0.000000
    outer loop
      vertex 16.0163 22.0000 26.0790
      vertex 16.0625 22.0000 26.2153
      vertex 17.6000 22.0000 23.9000
    endloop
  endfacet
  facet normal -0.000000 1.000000 0.000000
    outer loop
      vertex 16.0625 22.0000 26.2153
      vertex 16.0906 22.0000 26.3564
      vertex 17.6000 22.0000 23.9000
    endloop
  endfacet
  facet normal -0.000000 1.000000 0.000000
    outer loop
      vertex 16.0906 22.0000 26.3564
      vertex 16.1000 22.0000 26.5000
      vertex 17.6000 22.0000 23.9000
    endloop
  endfacet
  facet normal -0.000000 1.000000 -0.000000
    outer loop
      vertex 16.1000 22.0000 26.5000
      vertex 16.0906 22.0000 26.6436
      vertex 17.6000 22.0000 23.9000
    endloop
  endfacet
  facet normal -0.000000 1.000000 -0.000000
    outer loop
      vertex 16.0906 22.0000 26.6436
      vertex 16.0625 22.0000 26.7847
      vertex 17.6000 22.0000 23.9000
    endloop
  endfacet
  facet normal -0.000000 1.000000 -0.000000
    outer loop
      vertex 16.0625 22.0000 26.7847
      vertex 16.0163 22.0000 26.9210
      vertex 17.6000 22.0000 23.9000
    endloop
  endfacet
  facet normal -0.000000 1.000000 -0.000000
    outer loop
      vertex 16.0163 22.0000 26.9210
      vertex 15.9526 22.0000 27.0500
      vertex 17.6000 22.0000 23.9000
    endloop
  endfacet
  facet normal -0.000000 -1.000000 -0.000000
    outer loop
      vertex 15.9526 22.0000 27.0500
      vertex 15.8727 22.0000 27.1696
      vertex 17.6000 22.0000 23.9000
    endloop
  endfacet
  facet normal -0.000000 -1.000000 -0.000000
    outer loop
      vertex 15.8727 22.0000 27.1696
      vertex 15.7778 22.0000 27.2778
      vertex 17.6000 22.0000 23.9000
    endloop
  endfacet
  facet normal -0.000000 1.000000 0.000000
    outer loop
      vertex 15.7778 22.0000 27.2778
      vertex 17.6000 22.0000 29.1000
      vertex 17.6000 22.0000 23.9000
    endloop
  endfacet
  facet normal 0.000000 1.000000 -0.000000
    outer loop
      vertex 15.7778 22.0000 27.2778
      vertex 15.6696 22.0000 27.3727
      vertex 17.6000 22.0000 29.1000
    endloop
  endfacet
  facet normal 0.000000 1.000000 -0.000000
    outer loop
      vertex 15.6696 22.0000 27.3727
      vertex 15.5500 22.0000 27.4526
      vertex 17.6000 22.0000 29.1000
    endloop
  endfacet
  facet normal 0.000000 1.000000 -0.000000
    outer loop
      vertex 15.5500 22.0000 27.4526
      vertex 15.4210 22.0000 27.5163
      vertex 17.6000 22.0000 29.1000
    endloop
  endfacet
  facet normal 0.000000 1.000000 -0.000000
    outer loop
      vertex 15.4210 22.0000 27.5163
      vertex 15.2847 22.0000 27.5625
      vertex 17.6000 22.0000 29.1000
    endloop
  endfacet
  facet normal 0.000000 1.000000 -0.000000
    outer loop
      vertex 15.2847 22.0000 27.5625
      vertex 15.1436 22.0000 27.5906
      vertex 17.6000 22.0000 29.1000
    endloop
  endfacet
  facet normal 0.000000 1.000000 -0.000000
    outer loop
      vertex 15.1436 22.0000 27.5906
      vertex 15.0000 22.0000 27.6000
      vertex 17.6000 22.0000 29.1000
    endloop
  endfacet
  facet normal 0.000000 1.000000 -0.000000
    outer loop
      vertex 15.0000 22.0000 27.6000
      vertex 14.8564 22.0000 27.5906
      vertex 17.6000 22.0000 29.1000
    endloop
  endfacet
  facet normal 0.000000 1.000000 -0.000000
    outer loop
      vertex 14.8564 22.0000 27.5906
      vertex 14.7153 22.0000 27.5625
      vertex 17.6000 22.0000 29.1000
    endloop
  endfacet
  facet normal 0.000000 1.000000 -0.000000
    outer loop
      vertex 14.7153 22.0000 27.5625
      vertex 14.5790 22.0000 27.5163
      vertex 17.6000 22.0000 29.1000
    endloop
  endfacet
  facet normal 0.000000 1.000000 -0.000000
    outer loop
      vertex 14.5790 22.0000 27.5163
      vertex 14.4500 22.0000 27.4526
      vertex 17.6000 22.0000 29.1000
    endloop
  endfacet
  facet normal 0.000000 -1.000000 -0.000000
    outer loop
      vertex 14.4500 22.0000 27.4526
      vertex 14.3304 22.0000 27.3727
      vertex 17.6000 22.0000 29.1000
    endloop
  endfacet
  facet normal 0.000000 1.000000 -0.000000
    outer loop
      vertex 14.3304 22.0000 27.3727
      vertex 12.4000 22.0000 29.1000
      vertex 17.6000 22.0000 29.1000
    endloop
  endfacet
  facet normal 0.000000 1.000000 0.000000
    outer loop
      vertex 14.3304 22.0000 27.3727
      vertex 14.2222 22.0000 27.2778
      vertex 12.4000 22.0000 29.1000
    endloop
  endfacet
  facet normal 0.000000 1.000000 0.000000
    outer loop
      vertex 14.2222 22.0000 27.2778
      vertex 14.1273 22.0000 27.1696
      vertex 12.4000 22.0000 29.1000
    endloop
  endfacet
  facet normal 0.000000 1.000000 0.000000
    outer loop
      vertex 14.1273 22.0000 27.1696
      vertex 14.0474 22.0000 27.0500
      vertex 12.4000 22.0000 29.1000
    endloop
  endfacet
  facet normal 0.000000 1.000000 0.000000
    outer loop
      vertex 14.0474 22.0000 27.0500
      vertex 13.9837 22.0000 26.9210
      vertex 12.4000 22.0000 29.1000
    endloop
  endfacet
  facet normal 0.000000 1.000000 0.000000
    outer loop
      vertex 13.9837 22.0000 26.9210
      vertex 13.9375 22.0000 26.7847
      vertex 12.4000 22.0000 29.1000
    endloop
  endfacet
  facet normal 0.000000 1.000000 0.000000
    outer loop
      vertex 13.9375 22.0000 26.7847
      vertex 13.9094 22.0000 26.6436
      vertex 12.4000 22.0000 29.1000
    endloop
  endfacet
  facet normal 0.000000 1.000000 0.000000
    outer loop
      vertex 13.9094 22.0000 26.6436
      vertex 13.9000 22.0000 26.5000
      vertex 12.4000 22.0000 29.1000
    endloop
  endfacet
  facet normal 0.000000 1.000000 0.000000
    outer loop
      vertex 13.9000 22.0000 26.5000
      vertex 13.9094 22.0000 26.3564
      vertex 12.4000 22.0000 29.1000
    endloop
  endfacet
  facet normal 0.000000 1.000000 0.000000
    outer loop
      vertex 13.9094 22.0000 26.3564
      vertex 13.9375 22.0000 26.2153
      vertex 12.4000 22.0000 29.1000
    endloop
  endfacet
  facet normal 0.000000 1.000000 0.000000
    outer loop
      vertex 13.9375 22.0000 26.2153
      vertex 13.9837 22.0000 26.0790
      vertex 12.4000 22.0000 29.1000
    endloop
  endfacet
  facet normal 0.000000 1.000000 0.000000
    outer loop
      vertex 13.9837 22.0000 26.0790
      vertex 14.0474 22.0000 25.9500
      vertex 12.4000 22.0000 29.1000
    endloop
  endfacet
  facet normal 0.000000 -1.000000 0.000000
    outer loop
      vertex 14.0474 22.0000 25.9500
      vertex 14.1273 22.0000 25.8304
      vertex 12.4000 22.0000 29.1000
    endloop
  endfacet
  facet normal 0.000000 -1.000000 0.000000
    outer loop
      vertex 14.1273 22.0000 25.8304
      vertex 14.2222 22.0000 25.7222
      vertex 12.4000 22.0000 29.1000
    endloop
  endfacet
  facet normal 0.000000 1.000000 0.000000
    outer loop
      vertex 14.2222 22.0000 25.7222
      vertex 12.4000 22.0000 23.9000
      vertex 12.4000 22.0000 29.1000
    endloop
  endfacet
  facet normal 0.000000 1.000000 0.000000
    outer loop
      vertex 14.2222 22.0000 25.7222
      vertex 14.3304 22.0000 25.6273
      vertex 12.4000 22.0000 23.9000
    endloop
  endfacet
  facet normal 0.000000 1.000000 0.000000
    outer loop
      vertex 15.0000 22.0000 30.5500
      vertex 17.6000 22.0000 29.1000
      vertex 12.4000 22.0000 29.1000
    endloop
  endfacet
  facet normal -0.000000 1.000000 0.000000
    outer loop
      vertex 15.0000 22.0000 30.5500
      vertex 17.6000 22.0000 32.0000
      vertex 17.6000 22.0000 29.1000
    endloop
  endfacet
  facet normal 0.000000 1.000000 -0.000000
    outer loop
      vertex 15.0000 22.0000 30.5500
      vertex 12.4000 22.0000 32.0000
      vertex 17.6000 22.0000 32.0000
    endloop
  endfacet
  facet normal 0.000000 1.000000 0.000000
    outer loop
      vertex 15.0000 22.0000 30.5500
      vertex 12.4000 22.0000 29.1000
      vertex 12.4000 22.0000 32.0000
    endloop
  endfacet
  facet normal 0.000000 1.000000 0.000000
    outer loop
      vertex 20.3556 22.0000 16.2778
      vertex 30.0000 22.0000 0.0000
      vertex 17.6000 22.0000 0.0000
    endloop
  endfacet
  facet normal -0.000000 1.000000 0.000000
    outer loop
      vertex 20.3556 22.0000 16.2778
      vertex 30.0000 22.0000 32.0000
      vertex 30.0000 22.0000 0.0000
    endloop
  endfacet
  facet normal 0.000000 1.000000 -0.000000
    outer loop
      vertex 20.3556 22.0000 16.2778
      vertex 17.6000 22.0000 32.0000
      vertex 30.0000 22.0000 32.0000
    endloop
  endfacet
  facet normal 0.000000 1.000000 0.000000
    outer loop
      vertex 20.3556 22.0000 16.2778
      vertex 17.6000 22.0000 29.1000
      vertex 17.6000 22.0000 32.0000
    endloop
  endfacet
  facet normal 0.000000 1.000000 0.000000
    outer loop
      vertex 20.3556 22.0000 16.2778
      vertex 17.6000 22.0000 23.9000
      vertex 17.6000 22.0000 29.1000
    endloop
  endfacet
  facet normal 0.000000 1.000000 0.000000
    outer loop
      vertex 20.3556 22.0000 16.2778
      vertex 17.6000 22.0000 16.5000
      vertex 17.6000 22.0000 23.9000
    endloop
  endfacet
  facet normal 0.000000 1.000000 0.000000
    outer loop
      vertex 20.3556 22.0000 16.2778
      vertex 17.6000 22.0000 9.1000
      vertex 17.6000 22.0000 16.5000
    endloop
  endfacet
  facet normal 0.000000 1.000000 0.000000
    outer loop
      vertex 20.3556 22.0000 16.2778
      vertex 17.6000 22.0000 3.9000
      vertex 17.6000 22.0000 9.1000
    endloop
  endfacet
  facet normal 0.000000 1.000000 0.000000
    outer loop
      vertex 20.3556 22.0000 16.2778
      vertex 17.6000 22.0000 0.0000
      vertex 17.6000 22.0000 3.9000
    endloop
  endfacet
  facet normal 0.000000 1.000000 0.000000
    outer loop
      vertex 38.2667 22.0000 16.1667
      vertex 42.4000 22.0000 0.0000
      vertex 30.0000 22.0000 0.0000
    endloop
  endfacet
  facet normal 0.000000 1.000000 0.000000
    outer loop
      vertex 38.2667 22.0000 16.1667
      vertex 42.4000 22.0000 13.9000
      vertex 42.4000 22.0000 0.0000
    endloop
  endfacet
  facet normal -0.000000 1.000000 0.000000
    outer loop
      vertex 38.2667 22.0000 16.1667
      vertex 42.4000 22.0000 19.1000
      vertex 42.4000 22.0000 13.9000
    endloop
  endfacet
  facet normal 0.000000 1.000000 0.000000
    outer loop
      vertex 38.2667 22.0000 16.1667
      vertex 42.4000 22.0000 32.0000
      vertex 42.4000 22.0000 19.1000
    endloop
  endfacet
  facet normal 0.000000 1.000000 -0.000000
    outer loop
      vertex 38.2667 22.0000 16.1667
      vertex 30.0000 22.0000 32.0000
      vertex 42.4000 22.0000 32.0000
    endloop
  endfacet
  facet normal 0.000000 1.000000 0.000000
    outer loop
      vertex 38.2667 22.0000 16.1667
      vertex 30.0000 22.0000 0.0000
      vertex 30.0000 22.0000 32.0000
    endloop
  endfacet
  facet normal 0.000000 1.000000 0.000000
    outer loop
      vertex 45.0000 22.0000 6.9500
      vertex 47.6000 22.0000 0.0000
      vertex 42.4000 22.0000 0.0000
    endloop
  endfacet
  facet normal -0.000000 1.000000 0.000000
    outer loop
      vertex 45.0000 22.0000 6.9500
      vertex 47.6000 22.0000 13.9000
      vertex 47.6000 22.0000 0.0000
    endloop
  endfacet
  facet normal 0.000000 1.000000 -0.000000
    outer loop
      vertex 45.0000 22.0000 6.9500
      vertex 42.4000 22.0000 13.9000
      vertex 47.6000 22.0000 13.9000
    endloop
  endfacet
  facet normal 0.000000 1.000000 0.000000
    outer loop
      vertex 45.0000 22.0000 6.9500
      vertex 42.4000 22.0000 0.0000
      vertex 42.4000 22.0000 13.9000
    endloop
  endfacet
  facet normal 0.000000 1.000000 0.000000
    outer loop
      vertex 44.3304 22.0000 15.6273
      vertex 44.4500 22.0000 15.5474
      vertex 42.4000 22.0000 13.9000
    endloop
  endfacet
  facet normal 0.000000 1.000000 0.000000
    outer loop
      vertex 44.4500 22.0000 15.5474
      vertex 44.5790 22.0000 15.4837
      vertex 42.4000 22.0000 13.9000
    endloop
  endfacet
  facet normal 0.000000 1.000000 0.000000
    outer loop
      vertex 44.5790 22.0000 15.4837
      vertex 44.7153 22.0000 15.4375
      vertex 42.4000 22.0000 13.9000
    endloop
  endfacet
  facet normal 0.000000 1.000000 0.000000
    outer loop
      vertex 44.7153 22.0000 15.4375
      vertex 44.8564 22.0000 15.4094
      vertex 42.4000 22.0000 13.9000
    endloop
  endfacet
  facet normal 0.000000 1.000000 0.000000
    outer loop
      vertex 44.8564 22.0000 15.4094
      vertex 45.0000 22.0000 15.4000
      vertex 42.4000 22.0000 13.9000
    endloop
  endfacet
  facet normal -0.000000 1.000000 0.000000
    outer loop
      vertex 45.0000 22.0000 15.4000
      vertex 45.1436 22.0000 15.4094
      vertex 42.4000 22.0000 13.9000
    endloop
  endfacet
  facet normal -0.000000 1.000000 0.000000
    outer loop
      vertex 45.1436 22.0000 15.4094
      vertex 45.2847 22.0000 15.4375
      vertex 42.4000 22.0000 13.9000
    endloop
  endfacet
  facet normal -0.000000 1.000000 0.000000
    outer loop
      vertex 45.2847 22.0000 15.4375
      vertex 45.4210 22.0000 15.4837
      vertex 42.4000 22.0000 13.9000
    endloop
  endfacet
  facet normal -0.000000 1.000000 0.000000
    outer loop
      vertex 45.4210 22.0000 15.4837
      vertex 45.5500 22.0000 15.5474
      vertex 42.4000 22.0000 13.9000
    endloop
  endfacet
  facet normal -0.000000 -1.000000 0.000000
    outer loop
      vertex 45.5500 22.0000 15.5474
      vertex 45.6696 22.0000 15.6273
      vertex 42.4000 22.0000 13.9000
    endloop
  endfacet
  facet normal 0.000000 1.000000 0.000000
    outer loop
      vertex 45.6696 22.0000 15.6273
      vertex 47.6000 22.0000 13.9000
      vertex 42.4000 22.0000 13.9000
    endloop
  endfacet
  facet normal -0.000000 1.000000 0.000000
    outer loop
      vertex 45.6696 22.0000 15.6273
      vertex 45.7778 22.0000 15.7222
      vertex 47.6000 22.0000 13.9000
    endloop
  endfacet
  facet normal -0.000000 1.000000 0.000000
    outer loop
      vertex 45.7778 22.0000 15.7222
      vertex 45.8727 22.0000 15.8304
      vertex 47.6000 22.0000 13.9000
    endloop
  endfacet
  facet normal -0.000000 1.000000 0.000000
    outer loop
      vertex 45.8727 22.0000 15.8304
      vertex 45.9526 22.0000 15.9500
      vertex 47.6000 22.0000 13.9000
    endloop
  endfacet
  facet normal -0.000000 1.000000 0.000000
    outer loop
      vertex 45.9526 22.0000 15.9500
      vertex 46.0163 22.0000 16.0790
      vertex 47.6000 22.0000 13.9000
    endloop
  endfacet
  facet normal -0.000000 1.000000 0.000000
    outer loop
      vertex 46.0163 22.0000 16.0790
      vertex 46.0625 22.0000 16.2153
      vertex 47.6000 22.0000 13.9000
    endloop
  endfacet
  facet normal -0.000000 1.000000 0.000000
    outer loop
      vertex 46.0625 22.0000 16.2153
      vertex 46.0906 22.0000 16.3564
      vertex 47.6000 22.0000 13.9000
    endloop
  endfacet
  facet normal -0.000000 1.000000 0.000000
    outer loop
      vertex 46.0906 22.0000 16.3564
      vertex 46.1000 22.0000 16.5000
      vertex 47.6000 22.0000 13.9000
    endloop
  endfacet
  facet normal -0.000000 1.000000 -0.000000
    outer loop
      vertex 46.1000 22.0000 16.5000
      vertex 46.0906 22.0000 16.6436
      vertex 47.6000 22.0000 13.9000
    endloop
  endfacet
  facet normal -0.000000 1.000000 -0.000000
    outer loop
      vertex 46.0906 22.0000 16.6436
      vertex 46.0625 22.0000 16.7847
      vertex 47.6000 22.0000 13.9000
    endloop
  endfacet
  facet normal -0.000000 1.000000 -0.000000
    outer loop
      vertex 46.0625 22.0000 16.7847
      vertex 46.0163 22.0000 16.9210
      vertex 47.6000 22.0000 13.9000
    endloop
  endfacet
  facet normal -0.000000 1.000000 -0.000000
    outer loop
      vertex 46.0163 22.0000 16.9210
      vertex 45.9526 22.0000 17.0500
      vertex 47.6000 22.0000 13.9000
    endloop
  endfacet
  facet normal -0.000000 -1.000000 -0.000000
    outer loop
      vertex 45.9526 22.0000 17.0500
      vertex 45.8727 22.0000 17.1696
      vertex 47.6000 22.0000 13.9000
    endloop
  endfacet
  facet normal -0.000000 -1.000000 -0.000000
    outer loop
      vertex 45.8727 22.0000 17.1696
      vertex 45.7778 22.0000 17.2778
      vertex 47.6000 22.0000 13.9000
    endloop
  endfacet
  facet normal -0.000000 1.000000 0.000000
    outer loop
      vertex 45.7778 22.0000 17.2778
      vertex 47.6000 22.0000 19.1000
      vertex 47.6000 22.0000 13.9000
    endloop
  endfacet
  facet normal 0.000000 1.000000 -0.000000
    outer loop
      vertex 45.7778 22.0000 17.2778
      vertex 45.6696 22.0000 17.3727
      vertex 47.6000 22.0000 19.1000
    endloop
  endfacet
  facet normal 0.000000 1.000000 -0.000000
    outer loop
      vertex 45.6696 22.0000 17.3727
      vertex 45.5500 22.0000 17.4526
      vertex 47.6000 22.0000 19.1000
    endloop
  endfacet
  facet normal 0.000000 1.000000 -0.000000
    outer loop
      vertex 45.5500 22.0000 17.4526
      vertex 45.4210 22.0000 17.5163
      vertex 47.6000 22.0000 19.1000
    endloop
  endfacet
  facet normal 0.000000 1.000000 -0.000000
    outer loop
      vertex 45.4210 22.0000 17.5163
      vertex 45.2847 22.0000 17.5625
      vertex 47.6000 22.0000 19.1000
    endloop
  endfacet
  facet normal 0.000000 1.000000 -0.000000
    outer loop
      vertex 45.2847 22.0000 17.5625
      vertex 45.1436 22.0000 17.5906
      vertex 47.6000 22.0000 19.1000
    endloop
  endfacet
  facet normal 0.000000 1.000000 -0.000000
    outer loop
      vertex 45.1436 22.0000 17.5906
      vertex 45.0000 22.0000 17.6000
      vertex 47.6000 22.0000 19.1000
    endloop
  endfacet
  facet normal 0.000000 1.000000 -0.000000
    outer loop
      vertex 45.0000 22.0000 17.6000
      vertex 44.8564 22.0000 17.5906
      vertex 47.6000 22.0000 19.1000
    endloop
  endfacet
  facet normal 0.000000 1.000000 -0.000000
    outer loop
      vertex 44.8564 22.0000 17.5906
      vertex 44.7153 22.0000 17.5625
      vertex 47.6000 22.0000 19.1000
    endloop
  endfacet
  facet normal 0.000000 1.000000 -0.000000
    outer loop
      vertex 44.7153 22.0000 17.5625
      vertex 44.5790 22.0000 17.5163
      vertex 47.6000 22.0000 19.1000
    endloop
  endfacet
  facet normal 0.000000 1.000000 -0.000000
    outer loop
      vertex 44.5790 22.0000 17.5163
      vertex 44.4500 22.0000 17.4526
      vertex 47.6000 22.0000 19.1000
    endloop
  endfacet
  facet normal 0.000000 -1.000000 -0.000000
    outer loop
      vertex 44.4500 22.0000 17.4526
      vertex 44.3304 22.0000 17.3727
      vertex 47.6000 22.0000 19.1000
    endloop
  endfacet
  facet normal 0.000000 1.000000 -0.000000
    outer loop
      vertex 44.3304 22.0000 17.3727
      vertex 42.4000 22.0000 19.1000
      vertex 47.6000 22.0000 19.1000
    endloop
  endfacet
  facet normal 0.000000 1.000000 0.000000
    outer loop
      vertex 44.3304 22.0000 17.3727
      vertex 44.2222 22.0000 17.2778
      vertex 42.4000 22.0000 19.1000
    endloop
  endfacet
  facet normal 0.000000 1.000000 0.000000
    outer loop
      vertex 44.2222 22.0000 17.2778
      vertex 44.1273 22.0000 17.1696
      vertex 42.4000 22.0000 19.1000
    endloop
  endfacet
  facet normal 0.000000 1.000000 0.000000
    outer loop
      vertex 44.1273 22.0000 17.1696
      vertex 44.0474 22.0000 17.0500
      vertex 42.4000 22.0000 19.1000
    endloop
  endfacet
  facet normal 0.000000 1.000000 0.000000
    outer loop
      vertex 44.0474 22.0000 17.0500
      vertex 43.9837 22.0000 16.9210
      vertex 42.4000 22.0000 19.1000
    endloop
  endfacet
  facet normal 0.000000 1.000000 0.000000
    outer loop
      vertex 43.9837 22.0000 16.9210
      vertex 43.9375 22.0000 16.7847
      vertex 42.4000 22.0000 19.1000
    endloop
  endfacet
  facet normal 0.000000 1.000000 0.000000
    outer loop
      vertex 43.9375 22.0000 16.7847
      vertex 43.9094 22.0000 16.6436
      vertex 42.4000 22.0000 19.1000
    endloop
  endfacet
  facet normal 0.000000 1.000000 0.000000
    outer loop
      vertex 43.9094 22.0000 16.6436
      vertex 43.9000 22.0000 16.5000
      vertex 42.4000 22.0000 19.1000
    endloop
  endfacet
  facet normal 0.000000 1.000000 0.000000
    outer loop
      vertex 43.9000 22.0000 16.5000
      vertex 43.9094 22.0000 16.3564
      vertex 42.4000 22.0000 19.1000
    endloop
  endfacet
  facet normal 0.000000 1.000000 0.000000
    outer loop
      vertex 43.9094 22.0000 16.3564
      vertex 43.9375 22.0000 16.2153
      vertex 42.4000 22.0000 19.1000
    endloop
  endfacet
  facet normal 0.000000 1.000000 0.000000
    outer loop
      vertex 43.9375 22.0000 16.2153
      vertex 43.9837 22.0000 16.0790
      vertex 42.4000 22.0000 19.1000
    endloop
  endfacet
  facet normal 0.000000 1.000000 0.000000
    outer loop
      vertex 43.9837 22.0000 16.0790
      vertex 44.0474 22.0000 15.9500
      vertex 42.4000 22.0000 19.1000
    endloop
  endfacet
  facet normal 0.000000 -1.000000 0.000000
    outer loop
      vertex 44.0474 22.0000 15.9500
      vertex 44.1273 22.0000 15.8304
      vertex 42.4000 22.0000 19.1000
    endloop
  endfacet
  facet normal 0.000000 -1.000000 0.000000
    outer loop
      vertex 44.1273 22.0000 15.8304
      vertex 44.2222 22.0000 15.7222
      vertex 42.4000 22.0000 19.1000
    endloop
  endfacet
  facet normal 0.000000 1.000000 0.000000
    outer loop
      vertex 44.2222 22.0000 15.7222
      vertex 42.4000 22.0000 13.9000
      vertex 42.4000 22.0000 19.1000
    endloop
  endfacet
  facet normal 0.000000 1.000000 0.000000
    outer loop
      vertex 44.2222 22.0000 15.7222
      vertex 44.3304 22.0000 15.6273
      vertex 42.4000 22.0000 13.9000
    endloop
  endfacet
  facet normal 0.000000 1.000000 0.000000
    outer loop
      vertex 45.0000 22.0000 25.5500
      vertex 47.6000 22.0000 19.1000
      vertex 42.4000 22.0000 19.1000
    endloop
  endfacet
  facet normal -0.000000 1.000000 0.000000
    outer loop
      vertex 45.0000 22.0000 25.5500
      vertex 47.6000 22.0000 32.0000
      vertex 47.6000 22.0000 19.1000
    endloop
  endfacet
  facet normal 0.000000 1.000000 -0.000000
    outer loop
      vertex 45.0000 22.0000 25.5500
      vertex 42.4000 22.0000 32.0000
      vertex 47.6000 22.0000 32.0000
    endloop
  endfacet
  facet normal 0.000000 1.000000 0.000000
    outer loop
      vertex 45.0000 22.0000 25.5500
      vertex 42.4000 22.0000 19.1000
      vertex 42.4000 22.0000 32.0000
    endloop
  endfacet
  facet normal 0.000000 1.000000 0.000000
    outer loop
      vertex 48.4000 22.0000 16.1667
      vertex 50.0000 22.0000 0.0000
      vertex 47.6000 22.0000 0.0000
    endloop
  endfacet
  facet normal -0.000000 1.000000 0.000000
    outer loop
      vertex 48.4000 22.0000 16.1667
      vertex 50.0000 22.0000 32.0000
      vertex 50.0000 22.0000 0.0000
    endloop
  endfacet
  facet normal 0.000000 1.000000 -0.000000
    outer loop
      vertex 48.4000 22.0000 16.1667
      vertex 47.6000 22.0000 32.0000
      vertex 50.0000 22.0000 32.0000
    endloop
  endfacet
  facet normal 0.000000 1.000000 0.000000
    outer loop
      vertex 48.4000 22.0000 16.1667
      vertex 47.6000 22.0000 19.1000
      vertex 47.6000 22.0000 32.0000
    endloop
  endfacet
  facet normal 0.000000 1.000000 0.000000
    outer loop
      vertex 48.4000 22.0000 16.1667
      vertex 47.6000 22.0000 13.9000
      vertex 47.6000 22.0000 19.1000
    endloop
  endfacet
  facet normal 0.000000 1.000000 0.000000
    outer loop
      vertex 48.4000 22.0000 16.1667
      vertex 47.6000 22.0000 0.0000
      vertex 47.6000 22.0000 13.9000
    endloop
  endfacet
  facet normal 0.000000 -1.000000 0.000000
    outer loop
      vertex 0.0000 19.0000 0.0000
      vertex 12.4000 19.0000 0.0000
      vertex 9.6444 19.0000 16.2778
    endloop
  endfacet
  facet normal 0.000000 -1.000000 0.000000
    outer loop
      vertex 12.4000 19.0000 0.0000
      vertex 12.4000 19.0000 3.9000
      vertex 9.6444 19.0000 16.2778
    endloop
  endfacet
  facet normal 0.000000 -1.000000 0.000000
    outer loop
      vertex 12.4000 19.0000 3.9000
      vertex 12.4000 19.0000 9.1000
      vertex 9.6444 19.0000 16.2778
    endloop
  endfacet
  facet normal 0.000000 -1.000000 0.000000
    outer loop
      vertex 12.4000 19.0000 9.1000
      vertex 12.4000 19.0000 16.5000
      vertex 9.6444 19.0000 16.2778
    endloop
  endfacet
  facet normal -0.000000 -1.000000 0.000000
    outer loop
      vertex 12.4000 19.0000 16.5000
      vertex 12.4000 19.0000 23.9000
      vertex 9.6444 19.0000 16.2778
    endloop
  endfacet
  facet normal -0.000000 -1.000000 0.000000
    outer loop
      vertex 12.4000 19.0000 23.9000
      vertex 12.4000 19.0000 29.1000
      vertex 9.6444 19.0000 16.2778
    endloop
  endfacet
  facet normal -0.000000 -1.000000 0.000000
    outer loop
      vertex 12.4000 19.0000 29.1000
      vertex 12.4000 19.0000 32.0000
      vertex 9.6444 19.0000 16.2778
    endloop
  endfacet
  facet normal -0.000000 -1.000000 0.000000
    outer loop
      vertex 12.4000 19.0000 32.0000
      vertex 0.0000 19.0000 32.0000
      vertex 9.6444 19.0000 16.2778
    endloop
  endfacet
  facet normal 0.000000 -1.000000 0.000000
    outer loop
      vertex 0.0000 19.0000 32.0000
      vertex 0.0000 19.0000 0.0000
      vertex 9.6444 19.0000 16.2778
    endloop
  endfacet
  facet normal 0.000000 -1.000000 0.000000
    outer loop
      vertex 12.4000 19.0000 0.0000
      vertex 17.6000 19.0000 0.0000
      vertex 15.0000 19.0000 1.9500
    endloop
  endfacet
  facet normal 0.000000 -1.000000 0.000000
    outer loop
      vertex 17.6000 19.0000 0.0000
      vertex 17.6000 19.0000 3.9000
      vertex 15.0000 19.0000 1.9500
    endloop
  endfacet
  facet normal -0.000000 -1.000000 0.000000
    outer loop
      vertex 17.6000 19.0000 3.9000
      vertex 12.4000 19.0000 3.9000
      vertex 15.0000 19.0000 1.9500
    endloop
  endfacet
  facet normal 0.000000 -1.000000 0.000000
    outer loop
      vertex 12.4000 19.0000 3.9000
      vertex 12.4000 19.0000 0.0000
      vertex 15.0000 19.0000 1.9500
    endloop
  endfacet
  facet normal 0.000000 -1.000000 0.000000
    outer loop
      vertex 12.4000 19.0000 3.9000
      vertex 14.4500 19.0000 5.5474
      vertex 14.3304 19.0000 5.6273
    endloop
  endfacet
  facet normal 0.000000 -1.000000 0.000000
    outer loop
      vertex 12.4000 19.0000 3.9000
      vertex 14.5790 19.0000 5.4837
      vertex 14.4500 19.0000 5.5474
    endloop
  endfacet
  facet normal 0.000000 -1.000000 0.000000
    outer loop
      vertex 12.4000 19.0000 3.9000
      vertex 14.7153 19.0000 5.4375
      vertex 14.5790 19.0000 5.4837
    endloop
  endfacet
  facet normal 0.000000 -1.000000 0.000000
    outer loop
      vertex 12.4000 19.0000 3.9000
      vertex 14.8564 19.0000 5.4094
      vertex 14.7153 19.0000 5.4375
    endloop
  endfacet
  facet normal 0.000000 -1.000000 0.000000
    outer loop
      vertex 12.4000 19.0000 3.9000
      vertex 15.0000 19.0000 5.4000
      vertex 14.8564 19.0000 5.4094
    endloop
  endfacet
  facet normal 0.000000 -1.000000 0.000000
    outer loop
      vertex 12.4000 19.0000 3.9000
      vertex 15.1436 19.0000 5.4094
      vertex 15.0000 19.0000 5.4000
    endloop
  endfacet
  facet normal 0.000000 -1.000000 0.000000
    outer loop
      vertex 12.4000 19.0000 3.9000
      vertex 15.2847 19.0000 5.4375
      vertex 15.1436 19.0000 5.4094
    endloop
  endfacet
  facet normal 0.000000 -1.000000 0.000000
    outer loop
      vertex 12.4000 19.0000 3.9000
      vertex 15.4210 19.0000 5.4837
      vertex 15.2847 19.0000 5.4375
    endloop
  endfacet
  facet normal 0.000000 -1.000000 0.000000
    outer loop
      vertex 12.4000 19.0000 3.9000
      vertex 15.5500 19.0000 5.5474
      vertex 15.4210 19.0000 5.4837
    endloop
  endfacet
  facet normal 0.000000 1.000000 0.000000
    outer loop
      vertex 12.4000 19.0000 3.9000
      vertex 15.6696 19.0000 5.6273
      vertex 15.5500 19.0000 5.5474
    endloop
  endfacet
  facet normal 0.000000 1.000000 0.000000
    outer loop
      vertex 12.4000 19.0000 3.9000
      vertex 15.7778 19.0000 5.7222
      vertex 15.6696 19.0000 5.6273
    endloop
  endfacet
  facet normal 0.000000 -1.000000 0.000000
    outer loop
      vertex 12.4000 19.0000 3.9000
      vertex 17.6000 19.0000 3.9000
      vertex 15.7778 19.0000 5.7222
    endloop
  endfacet
  facet normal 0.000000 -1.000000 0.000000
    outer loop
      vertex 17.6000 19.0000 3.9000
      vertex 15.8727 19.0000 5.8304
      vertex 15.7778 19.0000 5.7222
    endloop
  endfacet
  facet normal 0.000000 -1.000000 0.000000
    outer loop
      vertex 17.6000 19.0000 3.9000
      vertex 15.9526 19.0000 5.9500
      vertex 15.8727 19.0000 5.8304
    endloop
  endfacet
  facet normal 0.000000 -1.000000 0.000000
    outer loop
      vertex 17.6000 19.0000 3.9000
      vertex 16.0163 19.0000 6.0790
      vertex 15.9526 19.0000 5.9500
    endloop
  endfacet
  facet normal 0.000000 -1.000000 0.000000
    outer loop
      vertex 17.6000 19.0000 3.9000
      vertex 16.0625 19.0000 6.2153
      vertex 16.0163 19.0000 6.0790
    endloop
  endfacet
  facet normal 0.000000 -1.000000 0.000000
    outer loop
      vertex 17.6000 19.0000 3.9000
      vertex 16.0906 19.0000 6.3564
      vertex 16.0625 19.0000 6.2153
    endloop
  endfacet
  facet normal 0.000000 -1.000000 0.000000
    outer loop
      vertex 17.6000 19.0000 3.9000
      vertex 16.1000 19.0000 6.5000
      vertex 16.0906 19.0000 6.3564
    endloop
  endfacet
  facet normal 0.000000 -1.000000 0.000000
    outer loop
      vertex 17.6000 19.0000 3.9000
      vertex 16.0906 19.0000 6.6436
      vertex 16.1000 19.0000 6.5000
    endloop
  endfacet
  facet normal 0.000000 -1.000000 0.000000
    outer loop
      vertex 17.6000 19.0000 3.9000
      vertex 16.0625 19.0000 6.7847
      vertex 16.0906 19.0000 6.6436
    endloop
  endfacet
  facet normal 0.000000 -1.000000 0.000000
    outer loop
      vertex 17.6000 19.0000 3.9000
      vertex 16.0163 19.0000 6.9210
      vertex 16.0625 19.0000 6.7847
    endloop
  endfacet
  facet normal 0.000000 -1.000000 0.000000
    outer loop
      vertex 17.6000 19.0000 3.9000
      vertex 15.9526 19.0000 7.0500
      vertex 16.0163 19.0000 6.9210
    endloop
  endfacet
  facet normal 0.000000 1.000000 0.000000
    outer loop
      vertex 17.6000 19.0000 3.9000
      vertex 15.8727 19.0000 7.1696
      vertex 15.9526 19.0000 7.0500
    endloop
  endfacet
  facet normal 0.000000 -1.000000 0.000000
    outer loop
      vertex 17.6000 19.0000 3.9000
      vertex 17.6000 19.0000 9.1000
      vertex 15.8727 19.0000 7.1696
    endloop
  endfacet
  facet normal 0.000000 -1.000000 0.000000
    outer loop
      vertex 17.6000 19.0000 9.1000
      vertex 15.7778 19.0000 7.2778
      vertex 15.8727 19.0000 7.1696
    endloop
  endfacet
  facet normal 0.000000 -1.000000 0.000000
    outer loop
      vertex 17.6000 19.0000 9.1000
      vertex 15.6696 19.0000 7.3727
      vertex 15.7778 19.0000 7.2778
    endloop
  endfacet
  facet normal 0.000000 -1.000000 0.000000
    outer loop
      vertex 17.6000 19.0000 9.1000
      vertex 15.5500 19.0000 7.4526
      vertex 15.6696 19.0000 7.3727
    endloop
  endfacet
  facet normal 0.000000 -1.000000 0.000000
    outer loop
      vertex 17.6000 19.0000 9.1000
      vertex 15.4210 19.0000 7.5163
      vertex 15.5500 19.0000 7.4526
    endloop
  endfacet
  facet normal 0.000000 -1.000000 0.000000
    outer loop
      vertex 17.6000 19.0000 9.1000
      vertex 15.2847 19.0000 7.5625
      vertex 15.4210 19.0000 7.5163
    endloop
  endfacet
  facet normal 0.000000 -1.000000 0.000000
    outer loop
      vertex 17.6000 19.0000 9.1000
      vertex 15.1436 19.0000 7.5906
      vertex 15.2847 19.0000 7.5625
    endloop
  endfacet
  facet normal 0.000000 -1.000000 0.000000
    outer loop
      vertex 17.6000 19.0000 9.1000
      vertex 15.0000 19.0000 7.6000
      vertex 15.1436 19.0000 7.5906
    endloop
  endfacet
  facet normal 0.000000 -1.000000 0.000000
    outer loop
      vertex 17.6000 19.0000 9.1000
      vertex 14.8564 19.0000 7.5906
      vertex 15.0000 19.0000 7.6000
    endloop
  endfacet
  facet normal 0.000000 -1.000000 0.000000
    outer loop
      vertex 17.6000 19.0000 9.1000
      vertex 14.7153 19.0000 7.5625
      vertex 14.8564 19.0000 7.5906
    endloop
  endfacet
  facet normal 0.000000 -1.000000 0.000000
    outer loop
      vertex 17.6000 19.0000 9.1000
      vertex 14.5790 19.0000 7.5163
      vertex 14.7153 19.0000 7.5625
    endloop
  endfacet
  facet normal 0.000000 -1.000000 0.000000
    outer loop
      vertex 17.6000 19.0000 9.1000
      vertex 14.4500 19.0000 7.4526
      vertex 14.5790 19.0000 7.5163
    endloop
  endfacet
  facet normal 0.000000 1.000000 0.000000
    outer loop
      vertex 17.6000 19.0000 9.1000
      vertex 14.3304 19.0000 7.3727
      vertex 14.4500 19.0000 7.4526
    endloop
  endfacet
  facet normal -0.000000 -1.000000 0.000000
    outer loop
      vertex 17.6000 19.0000 9.1000
      vertex 12.4000 19.0000 9.1000
      vertex 14.3304 19.0000 7.3727
    endloop
  endfacet
  facet normal 0.000000 -1.000000 0.000000
    outer loop
      vertex 12.4000 19.0000 9.1000
      vertex 14.2222 19.0000 7.2778
      vertex 14.3304 19.0000 7.3727
    endloop
  endfacet
  facet normal 0.000000 -1.000000 0.000000
    outer loop
      vertex 12.4000 19.0000 9.1000
      vertex 14.1273 19.0000 7.1696
      vertex 14.2222 19.0000 7.2778
    endloop
  endfacet
  facet normal 0.000000 -1.000000 0.000000
    outer loop
      vertex 12.4000 19.0000 9.1000
      vertex 14.0474 19.0000 7.0500
      vertex 14.1273 19.0000 7.1696
    endloop
  endfacet
  facet normal 0.000000 -1.000000 0.000000
    outer loop
      vertex 12.4000 19.0000 9.1000
      vertex 13.9837 19.0000 6.9210
      vertex 14.0474 19.0000 7.0500
    endloop
  endfacet
  facet normal 0.000000 -1.000000 0.000000
    outer loop
      vertex 12.4000 19.0000 9.1000
      vertex 13.9375 19.0000 6.7847
      vertex 13.9837 19.0000 6.9210
    endloop
  endfacet
  facet normal 0.000000 -1.000000 0.000000
    outer loop
      vertex 12.4000 19.0000 9.1000
      vertex 13.9094 19.0000 6.6436
      vertex 13.9375 19.0000 6.7847
    endloop
  endfacet
  facet normal 0.000000 -1.000000 0.000000
    outer loop
      vertex 12.4000 19.0000 9.1000
      vertex 13.9000 19.0000 6.5000
      vertex 13.9094 19.0000 6.6436
    endloop
  endfacet
  facet normal 0.000000 -1.000000 0.000000
    outer loop
      vertex 12.4000 19.0000 9.1000
      vertex 13.9094 19.0000 6.3564
      vertex 13.9000 19.0000 6.5000
    endloop
  endfacet
  facet normal 0.000000 -1.000000 0.000000
    outer loop
      vertex 12.4000 19.0000 9.1000
      vertex 13.9375 19.0000 6.2153
      vertex 13.9094 19.0000 6.3564
    endloop
  endfacet
  facet normal 0.000000 -1.000000 0.000000
    outer loop
      vertex 12.4000 19.0000 9.1000
      vertex 13.9837 19.0000 6.0790
      vertex 13.9375 19.0000 6.2153
    endloop
  endfacet
  facet normal 0.000000 -1.000000 0.000000
    outer loop
      vertex 12.4000 19.0000 9.1000
      vertex 14.0474 19.0000 5.9500
      vertex 13.9837 19.0000 6.0790
    endloop
  endfacet
  facet normal 0.000000 1.000000 0.000000
    outer loop
      vertex 12.4000 19.0000 9.1000
      vertex 14.1273 19.0000 5.8304
      vertex 14.0474 19.0000 5.9500
    endloop
  endfacet
  facet normal 0.000000 -1.000000 0.000000
    outer loop
      vertex 12.4000 19.0000 9.1000
      vertex 12.4000 19.0000 3.9000
      vertex 14.1273 19.0000 5.8304
    endloop
  endfacet
  facet normal 0.000000 -1.000000 0.000000
    outer loop
      vertex 12.4000 19.0000 3.9000
      vertex 14.2222 19.0000 5.7222
      vertex 14.1273 19.0000 5.8304
    endloop
  endfacet
  facet normal 0.000000 -1.000000 0.000000
    outer loop
      vertex 12.4000 19.0000 3.9000
      vertex 14.3304 19.0000 5.6273
      vertex 14.2222 19.0000 5.7222
    endloop
  endfacet
  facet normal 0.000000 -1.000000 0.000000
    outer loop
      vertex 12.4000 19.0000 9.1000
      vertex 17.6000 19.0000 9.1000
      vertex 15.0000 19.0000 12.8000
    endloop
  endfacet
  facet normal 0.000000 -1.000000 0.000000
    outer loop
      vertex 17.6000 19.0000 9.1000
      vertex 17.6000 19.0000 16.5000
      vertex 15.0000 19.0000 12.8000
    endloop
  endfacet
  facet normal -0.000000 -1.000000 0.000000
    outer loop
      vertex 17.6000 19.0000 16.5000
      vertex 12.4000 19.0000 16.5000
      vertex 15.0000 19.0000 12.8000
    endloop
  endfacet
  facet normal 0.000000 -1.000000 0.000000
    outer loop
      vertex 12.4000 19.0000 16.5000
      vertex 12.4000 19.0000 9.1000
      vertex 15.0000 19.0000 12.8000
    endloop
  endfacet
  facet normal 0.000000 -1.000000 0.000000
    outer loop
      vertex 12.4000 19.0000 16.5000
      vertex 17.6000 19.0000 16.5000
      vertex 15.0000 19.0000 20.2000
    endloop
  endfacet
  facet normal 0.000000 -1.000000 0.000000
    outer loop
      vertex 17.6000 19.0000 16.5000
      vertex 17.6000 19.0000 23.9000
      vertex 15.0000 19.0000 20.2000
    endloop
  endfacet
  facet normal -0.000000 -1.000000 0.000000
    outer loop
      vertex 17.6000 19.0000 23.9000
      vertex 12.4000 19.0000 23.9000
      vertex 15.0000 19.0000 20.2000
    endloop
  endfacet
  facet normal 0.000000 -1.000000 0.000000
    outer loop
      vertex 12.4000 19.0000 23.9000
      vertex 12.4000 19.0000 16.5000
      vertex 15.0000 19.0000 20.2000
    endloop
  endfacet
  facet normal 0.000000 -1.000000 0.000000
    outer loop
      vertex 12.4000 19.0000 23.9000
      vertex 14.4500 19.0000 25.5474
      vertex 14.3304 19.0000 25.6273
    endloop
  endfacet
  facet normal 0.000000 -1.000000 0.000000
    outer loop
      vertex 12.4000 19.0000 23.9000
      vertex 14.5790 19.0000 25.4837
      vertex 14.4500 19.0000 25.5474
    endloop
  endfacet
  facet normal 0.000000 -1.000000 0.000000
    outer loop
      vertex 12.4000 19.0000 23.9000
      vertex 14.7153 19.0000 25.4375
      vertex 14.5790 19.0000 25.4837
    endloop
  endfacet
  facet normal 0.000000 -1.000000 0.000000
    outer loop
      vertex 12.4000 19.0000 23.9000
      vertex 14.8564 19.0000 25.4094
      vertex 14.7153 19.0000 25.4375
    endloop
  endfacet
  facet normal 0.000000 -1.000000 0.000000
    outer loop
      vertex 12.4000 19.0000 23.9000
      vertex 15.0000 19.0000 25.4000
      vertex 14.8564 19.0000 25.4094
    endloop
  endfacet
  facet normal 0.000000 -1.000000 0.000000
    outer loop
      vertex 12.4000 19.0000 23.9000
      vertex 15.1436 19.0000 25.4094
      vertex 15.0000 19.0000 25.4000
    endloop
  endfacet
  facet normal 0.000000 -1.000000 0.000000
    outer loop
      vertex 12.4000 19.0000 23.9000
      vertex 15.2847 19.0000 25.4375
      vertex 15.1436 19.0000 25.4094
    endloop
  endfacet
  facet normal 0.000000 -1.000000 0.000000
    outer loop
      vertex 12.4000 19.0000 23.9000
      vertex 15.4210 19.0000 25.4837
      vertex 15.2847 19.0000 25.4375
    endloop
  endfacet
  facet normal 0.000000 -1.000000 0.000000
    outer loop
      vertex 12.4000 19.0000 23.9000
      vertex 15.5500 19.0000 25.5474
      vertex 15.4210 19.0000 25.4837
    endloop
  endfacet
  facet normal 0.000000 1.000000 0.000000
    outer loop
      vertex 12.4000 19.0000 23.9000
      vertex 15.6696 19.0000 25.6273
      vertex 15.5500 19.0000 25.5474
    endloop
  endfacet
  facet normal 0.000000 1.000000 0.000000
    outer loop
      vertex 12.4000 19.0000 23.9000
      vertex 15.7778 19.0000 25.7222
      vertex 15.6696 19.0000 25.6273
    endloop
  endfacet
  facet normal 0.000000 -1.000000 0.000000
    outer loop
      vertex 12.4000 19.0000 23.9000
      vertex 17.6000 19.0000 23.9000
      vertex 15.7778 19.0000 25.7222
    endloop
  endfacet
  facet normal 0.000000 -1.000000 0.000000
    outer loop
      vertex 17.6000 19.0000 23.9000
      vertex 15.8727 19.0000 25.8304
      vertex 15.7778 19.0000 25.7222
    endloop
  endfacet
  facet normal 0.000000 -1.000000 0.000000
    outer loop
      vertex 17.6000 19.0000 23.9000
      vertex 15.9526 19.0000 25.9500
      vertex 15.8727 19.0000 25.8304
    endloop
  endfacet
  facet normal 0.000000 -1.000000 0.000000
    outer loop
      vertex 17.6000 19.0000 23.9000
      vertex 16.0163 19.0000 26.0790
      vertex 15.9526 19.0000 25.9500
    endloop
  endfacet
  facet normal 0.000000 -1.000000 0.000000
    outer loop
      vertex 17.6000 19.0000 23.9000
      vertex 16.0625 19.0000 26.2153
      vertex 16.0163 19.0000 26.0790
    endloop
  endfacet
  facet normal 0.000000 -1.000000 0.000000
    outer loop
      vertex 17.6000 19.0000 23.9000
      vertex 16.0906 19.0000 26.3564
      vertex 16.0625 19.0000 26.2153
    endloop
  endfacet
  facet normal 0.000000 -1.000000 0.000000
    outer loop
      vertex 17.6000 19.0000 23.9000
      vertex 16.1000 19.0000 26.5000
      vertex 16.0906 19.0000 26.3564
    endloop
  endfacet
  facet normal 0.000000 -1.000000 0.000000
    outer loop
      vertex 17.6000 19.0000 23.9000
      vertex 16.0906 19.0000 26.6436
      vertex 16.1000 19.0000 26.5000
    endloop
  endfacet
  facet normal 0.000000 -1.000000 0.000000
    outer loop
      vertex 17.6000 19.0000 23.9000
      vertex 16.0625 19.0000 26.7847
      vertex 16.0906 19.0000 26.6436
    endloop
  endfacet
  facet normal 0.000000 -1.000000 0.000000
    outer loop
      vertex 17.6000 19.0000 23.9000
      vertex 16.0163 19.0000 26.9210
      vertex 16.0625 19.0000 26.7847
    endloop
  endfacet
  facet normal 0.000000 -1.000000 0.000000
    outer loop
      vertex 17.6000 19.0000 23.9000
      vertex 15.9526 19.0000 27.0500
      vertex 16.0163 19.0000 26.9210
    endloop
  endfacet
  facet normal 0.000000 1.000000 0.000000
    outer loop
      vertex 17.6000 19.0000 23.9000
      vertex 15.8727 19.0000 27.1696
      vertex 15.9526 19.0000 27.0500
    endloop
  endfacet
  facet normal 0.000000 1.000000 0.000000
    outer loop
      vertex 17.6000 19.0000 23.9000
      vertex 15.7778 19.0000 27.2778
      vertex 15.8727 19.0000 27.1696
    endloop
  endfacet
  facet normal 0.000000 -1.000000 0.000000
    outer loop
      vertex 17.6000 19.0000 23.9000
      vertex 17.6000 19.0000 29.1000
      vertex 15.7778 19.0000 27.2778
    endloop
  endfacet
  facet normal 0.000000 -1.000000 0.000000
    outer loop
      vertex 17.6000 19.0000 29.1000
      vertex 15.6696 19.0000 27.3727
      vertex 15.7778 19.0000 27.2778
    endloop
  endfacet
  facet normal 0.000000 -1.000000 0.000000
    outer loop
      vertex 17.6000 19.0000 29.1000
      vertex 15.5500 19.0000 27.4526
      vertex 15.6696 19.0000 27.3727
    endloop
  endfacet
  facet normal 0.000000 -1.000000 0.000000
    outer loop
      vertex 17.6000 19.0000 29.1000
      vertex 15.4210 19.0000 27.5163
      vertex 15.5500 19.0000 27.4526
    endloop
  endfacet
  facet normal 0.000000 -1.000000 0.000000
    outer loop
      vertex 17.6000 19.0000 29.1000
      vertex 15.2847 19.0000 27.5625
      vertex 15.4210 19.0000 27.5163
    endloop
  endfacet
  facet normal 0.000000 -1.000000 0.000000
    outer loop
      vertex 17.6000 19.0000 29.1000
      vertex 15.1436 19.0000 27.5906
      vertex 15.2847 19.0000 27.5625
    endloop
  endfacet
  facet normal 0.000000 -1.000000 0.000000
    outer loop
      vertex 17.6000 19.0000 29.1000
      vertex 15.0000 19.0000 27.6000
      vertex 15.1436 19.0000 27.5906
    endloop
  endfacet
  facet normal 0.000000 -1.000000 0.000000
    outer loop
      vertex 17.6000 19.0000 29.1000
      vertex 14.8564 19.0000 27.5906
      vertex 15.0000 19.0000 27.6000
    endloop
  endfacet
  facet normal 0.000000 -1.000000 0.000000
    outer loop
      vertex 17.6000 19.0000 29.1000
      vertex 14.7153 19.0000 27.5625
      vertex 14.8564 19.0000 27.5906
    endloop
  endfacet
  facet normal 0.000000 -1.000000 0.000000
    outer loop
      vertex 17.6000 19.0000 29.1000
      vertex 14.5790 19.0000 27.5163
      vertex 14.7153 19.0000 27.5625
    endloop
  endfacet
  facet normal 0.000000 -1.000000 0.000000
    outer loop
      vertex 17.6000 19.0000 29.1000
      vertex 14.4500 19.0000 27.4526
      vertex 14.5790 19.0000 27.5163
    endloop
  endfacet
  facet normal 0.000000 1.000000 0.000000
    outer loop
      vertex 17.6000 19.0000 29.1000
      vertex 14.3304 19.0000 27.3727
      vertex 14.4500 19.0000 27.4526
    endloop
  endfacet
  facet normal -0.000000 -1.000000 0.000000
    outer loop
      vertex 17.6000 19.0000 29.1000
      vertex 12.4000 19.0000 29.1000
      vertex 14.3304 19.0000 27.3727
    endloop
  endfacet
  facet normal 0.000000 -1.000000 0.000000
    outer loop
      vertex 12.4000 19.0000 29.1000
      vertex 14.2222 19.0000 27.2778
      vertex 14.3304 19.0000 27.3727
    endloop
  endfacet
  facet normal 0.000000 -1.000000 0.000000
    outer loop
      vertex 12.4000 19.0000 29.1000
      vertex 14.1273 19.0000 27.1696
      vertex 14.2222 19.0000 27.2778
    endloop
  endfacet
  facet normal 0.000000 -1.000000 0.000000
    outer loop
      vertex 12.4000 19.0000 29.1000
      vertex 14.0474 19.0000 27.0500
      vertex 14.1273 19.0000 27.1696
    endloop
  endfacet
  facet normal 0.000000 -1.000000 0.000000
    outer loop
      vertex 12.4000 19.0000 29.1000
      vertex 13.9837 19.0000 26.9210
      vertex 14.0474 19.0000 27.0500
    endloop
  endfacet
  facet normal 0.000000 -1.000000 0.000000
    outer loop
      vertex 12.4000 19.0000 29.1000
      vertex 13.9375 19.0000 26.7847
      vertex 13.9837 19.0000 26.9210
    endloop
  endfacet
  facet normal 0.000000 -1.000000 0.000000
    outer loop
      vertex 12.4000 19.0000 29.1000
      vertex 13.9094 19.0000 26.6436
      vertex 13.9375 19.0000 26.7847
    endloop
  endfacet
  facet normal 0.000000 -1.000000 0.000000
    outer loop
      vertex 12.4000 19.0000 29.1000
      vertex 13.9000 19.0000 26.5000
      vertex 13.9094 19.0000 26.6436
    endloop
  endfacet
  facet normal 0.000000 -1.000000 0.000000
    outer loop
      vertex 12.4000 19.0000 29.1000
      vertex 13.9094 19.0000 26.3564
      vertex 13.9000 19.0000 26.5000
    endloop
  endfacet
  facet normal 0.000000 -1.000000 0.000000
    outer loop
      vertex 12.4000 19.0000 29.1000
      vertex 13.9375 19.0000 26.2153
      vertex 13.9094 19.0000 26.3564
    endloop
  endfacet
  facet normal 0.000000 -1.000000 0.000000
    outer loop
      vertex 12.4000 19.0000 29.1000
      vertex 13.9837 19.0000 26.0790
      vertex 13.9375 19.0000 26.2153
    endloop
  endfacet
  facet normal 0.000000 -1.000000 0.000000
    outer loop
      vertex 12.4000 19.0000 29.1000
      vertex 14.0474 19.0000 25.9500
      vertex 13.9837 19.0000 26.0790
    endloop
  endfacet
  facet normal 0.000000 1.000000 0.000000
    outer loop
      vertex 12.4000 19.0000 29.1000
      vertex 14.1273 19.0000 25.8304
      vertex 14.0474 19.0000 25.9500
    endloop
  endfacet
  facet normal 0.000000 1.000000 0.000000
    outer loop
      vertex 12.4000 19.0000 29.1000
      vertex 14.2222 19.0000 25.7222
      vertex 14.1273 19.0000 25.8304
    endloop
  endfacet
  facet normal 0.000000 -1.000000 0.000000
    outer loop
      vertex 12.4000 19.0000 29.1000
      vertex 12.4000 19.0000 23.9000
      vertex 14.2222 19.0000 25.7222
    endloop
  endfacet
  facet normal 0.000000 -1.000000 0.000000
    outer loop
      vertex 12.4000 19.0000 23.9000
      vertex 14.3304 19.0000 25.6273
      vertex 14.2222 19.0000 25.7222
    endloop
  endfacet
  facet normal 0.000000 -1.000000 0.000000
    outer loop
      vertex 12.4000 19.0000 29.1000
      vertex 17.6000 19.0000 29.1000
      vertex 15.0000 19.0000 30.5500
    endloop
  endfacet
  facet normal 0.000000 -1.000000 0.000000
    outer loop
      vertex 17.6000 19.0000 29.1000
      vertex 17.6000 19.0000 32.0000
      vertex 15.0000 19.0000 30.5500
    endloop
  endfacet
  facet normal -0.000000 -1.000000 0.000000
    outer loop
      vertex 17.6000 19.0000 32.0000
      vertex 12.4000 19.0000 32.0000
      vertex 15.0000 19.0000 30.5500
    endloop
  endfacet
  facet normal 0.000000 -1.000000 0.000000
    outer loop
      vertex 12.4000 19.0000 32.0000
      vertex 12.4000 19.0000 29.1000
      vertex 15.0000 19.0000 30.5500
    endloop
  endfacet
  facet normal 0.000000 -1.000000 0.000000
    outer loop
      vertex 17.6000 19.0000 0.0000
      vertex 30.0000 19.0000 0.0000
      vertex 20.3556 19.0000 16.2778
    endloop
  endfacet
  facet normal 0.000000 -1.000000 0.000000
    outer loop
      vertex 30.0000 19.0000 0.0000
      vertex 30.0000 19.0000 32.0000
      vertex 20.3556 19.0000 16.2778
    endloop
  endfacet
  facet normal -0.000000 -1.000000 0.000000
    outer loop
      vertex 30.0000 19.0000 32.0000
      vertex 17.6000 19.0000 32.0000
      vertex 20.3556 19.0000 16.2778
    endloop
  endfacet
  facet normal 0.000000 -1.000000 0.000000
    outer loop
      vertex 17.6000 19.0000 32.0000
      vertex 17.6000 19.0000 29.1000
      vertex 20.3556 19.0000 16.2778
    endloop
  endfacet
  facet normal 0.000000 -1.000000 0.000000
    outer loop
      vertex 17.6000 19.0000 29.1000
      vertex 17.6000 19.0000 23.9000
      vertex 20.3556 19.0000 16.2778
    endloop
  endfacet
  facet normal 0.000000 -1.000000 0.000000
    outer loop
      vertex 17.6000 19.0000 23.9000
      vertex 17.6000 19.0000 16.5000
      vertex 20.3556 19.0000 16.2778
    endloop
  endfacet
  facet normal 0.000000 -1.000000 0.000000
    outer loop
      vertex 17.6000 19.0000 16.5000
      vertex 17.6000 19.0000 9.1000
      vertex 20.3556 19.0000 16.2778
    endloop
  endfacet
  facet normal 0.000000 -1.000000 0.000000
    outer loop
      vertex 17.6000 19.0000 9.1000
      vertex 17.6000 19.0000 3.9000
      vertex 20.3556 19.0000 16.2778
    endloop
  endfacet
  facet normal 0.000000 -1.000000 0.000000
    outer loop
      vertex 17.6000 19.0000 3.9000
      vertex 17.6000 19.0000 0.0000
      vertex 20.3556 19.0000 16.2778
    endloop
  endfacet
  facet normal 0.000000 -1.000000 0.000000
    outer loop
      vertex 30.0000 19.0000 0.0000
      vertex 42.4000 19.0000 0.0000
      vertex 38.2667 19.0000 16.1667
    endloop
  endfacet
  facet normal 0.000000 -1.000000 0.000000
    outer loop
      vertex 42.4000 19.0000 0.0000
      vertex 42.4000 19.0000 13.9000
      vertex 38.2667 19.0000 16.1667
    endloop
  endfacet
  facet normal 0.000000 -1.000000 0.000000
    outer loop
      vertex 42.4000 19.0000 13.9000
      vertex 42.4000 19.0000 19.1000
      vertex 38.2667 19.0000 16.1667
    endloop
  endfacet
  facet normal -0.000000 -1.000000 0.000000
    outer loop
      vertex 42.4000 19.0000 19.1000
      vertex 42.4000 19.0000 32.0000
      vertex 38.2667 19.0000 16.1667
    endloop
  endfacet
  facet normal -0.000000 -1.000000 0.000000
    outer loop
      vertex 42.4000 19.0000 32.0000
      vertex 30.0000 19.0000 32.0000
      vertex 38.2667 19.0000 16.1667
    endloop
  endfacet
  facet normal 0.000000 -1.000000 0.000000
    outer loop
      vertex 30.0000 19.0000 32.0000
      vertex 30.0000 19.0000 0.0000
      vertex 38.2667 19.0000 16.1667
    endloop
  endfacet
  facet normal 0.000000 -1.000000 0.000000
    outer loop
      vertex 42.4000 19.0000 0.0000
      vertex 47.6000 19.0000 0.0000
      vertex 45.0000 19.0000 6.9500
    endloop
  endfacet
  facet normal 0.000000 -1.000000 0.000000
    outer loop
      vertex 47.6000 19.0000 0.0000
      vertex 47.6000 19.0000 13.9000
      vertex 45.0000 19.0000 6.9500
    endloop
  endfacet
  facet normal -0.000000 -1.000000 0.000000
    outer loop
      vertex 47.6000 19.0000 13.9000
      vertex 42.4000 19.0000 13.9000
      vertex 45.0000 19.0000 6.9500
    endloop
  endfacet
  facet normal 0.000000 -1.000000 0.000000
    outer loop
      vertex 42.4000 19.0000 13.9000
      vertex 42.4000 19.0000 0.0000
      vertex 45.0000 19.0000 6.9500
    endloop
  endfacet
  facet normal 0.000000 -1.000000 0.000000
    outer loop
      vertex 42.4000 19.0000 13.9000
      vertex 44.4500 19.0000 15.5474
      vertex 44.3304 19.0000 15.6273
    endloop
  endfacet
  facet normal 0.000000 -1.000000 0.000000
    outer loop
      vertex 42.4000 19.0000 13.9000
      vertex 44.5790 19.0000 15.4837
      vertex 44.4500 19.0000 15.5474
    endloop
  endfacet
  facet normal 0.000000 -1.000000 0.000000
    outer loop
      vertex 42.4000 19.0000 13.9000
      vertex 44.7153 19.0000 15.4375
      vertex 44.5790 19.0000 15.4837
    endloop
  endfacet
  facet normal 0.000000 -1.000000 0.000000
    outer loop
      vertex 42.4000 19.0000 13.9000
      vertex 44.8564 19.0000 15.4094
      vertex 44.7153 19.0000 15.4375
    endloop
  endfacet
  facet normal 0.000000 -1.000000 0.000000
    outer loop
      vertex 42.4000 19.0000 13.9000
      vertex 45.0000 19.0000 15.4000
      vertex 44.8564 19.0000 15.4094
    endloop
  endfacet
  facet normal 0.000000 -1.000000 0.000000
    outer loop
      vertex 42.4000 19.0000 13.9000
      vertex 45.1436 19.0000 15.4094
      vertex 45.0000 19.0000 15.4000
    endloop
  endfacet
  facet normal 0.000000 -1.000000 0.000000
    outer loop
      vertex 42.4000 19.0000 13.9000
      vertex 45.2847 19.0000 15.4375
      vertex 45.1436 19.0000 15.4094
    endloop
  endfacet
  facet normal 0.000000 -1.000000 0.000000
    outer loop
      vertex 42.4000 19.0000 13.9000
      vertex 45.4210 19.0000 15.4837
      vertex 45.2847 19.0000 15.4375
    endloop
  endfacet
  facet normal 0.000000 -1.000000 0.000000
    outer loop
      vertex 42.4000 19.0000 13.9000
      vertex 45.5500 19.0000 15.5474
      vertex 45.4210 19.0000 15.4837
    endloop
  endfacet
  facet normal 0.000000 1.000000 0.000000
    outer loop
      vertex 42.4000 19.0000 13.9000
      vertex 45.6696 19.0000 15.6273
      vertex 45.5500 19.0000 15.5474
    endloop
  endfacet
  facet normal 0.000000 -1.000000 0.000000
    outer loop
      vertex 42.4000 19.0000 13.9000
      vertex 47.6000 19.0000 13.9000
      vertex 45.6696 19.0000 15.6273
    endloop
  endfacet
  facet normal 0.000000 -1.000000 0.000000
    outer loop
      vertex 47.6000 19.0000 13.9000
      vertex 45.7778 19.0000 15.7222
      vertex 45.6696 19.0000 15.6273
    endloop
  endfacet
  facet normal 0.000000 -1.000000 0.000000
    outer loop
      vertex 47.6000 19.0000 13.9000
      vertex 45.8727 19.0000 15.8304
      vertex 45.7778 19.0000 15.7222
    endloop
  endfacet
  facet normal 0.000000 -1.000000 0.000000
    outer loop
      vertex 47.6000 19.0000 13.9000
      vertex 45.9526 19.0000 15.9500
      vertex 45.8727 19.0000 15.8304
    endloop
  endfacet
  facet normal 0.000000 -1.000000 0.000000
    outer loop
      vertex 47.6000 19.0000 13.9000
      vertex 46.0163 19.0000 16.0790
      vertex 45.9526 19.0000 15.9500
    endloop
  endfacet
  facet normal 0.000000 -1.000000 0.000000
    outer loop
      vertex 47.6000 19.0000 13.9000
      vertex 46.0625 19.0000 16.2153
      vertex 46.0163 19.0000 16.0790
    endloop
  endfacet
  facet normal 0.000000 -1.000000 0.000000
    outer loop
      vertex 47.6000 19.0000 13.9000
      vertex 46.0906 19.0000 16.3564
      vertex 46.0625 19.0000 16.2153
    endloop
  endfacet
  facet normal 0.000000 -1.000000 0.000000
    outer loop
      vertex 47.6000 19.0000 13.9000
      vertex 46.1000 19.0000 16.5000
      vertex 46.0906 19.0000 16.3564
    endloop
  endfacet
  facet normal 0.000000 -1.000000 0.000000
    outer loop
      vertex 47.6000 19.0000 13.9000
      vertex 46.0906 19.0000 16.6436
      vertex 46.1000 19.0000 16.5000
    endloop
  endfacet
  facet normal 0.000000 -1.000000 0.000000
    outer loop
      vertex 47.6000 19.0000 13.9000
      vertex 46.0625 19.0000 16.7847
      vertex 46.0906 19.0000 16.6436
    endloop
  endfacet
  facet normal 0.000000 -1.000000 0.000000
    outer loop
      vertex 47.6000 19.0000 13.9000
      vertex 46.0163 19.0000 16.9210
      vertex 46.0625 19.0000 16.7847
    endloop
  endfacet
  facet normal 0.000000 -1.000000 0.000000
    outer loop
      vertex 47.6000 19.0000 13.9000
      vertex 45.9526 19.0000 17.0500
      vertex 46.0163 19.0000 16.9210
    endloop
  endfacet
  facet normal 0.000000 1.000000 0.000000
    outer loop
      vertex 47.6000 19.0000 13.9000
      vertex 45.8727 19.0000 17.1696
      vertex 45.9526 19.0000 17.0500
    endloop
  endfacet
  facet normal 0.000000 1.000000 0.000000
    outer loop
      vertex 47.6000 19.0000 13.9000
      vertex 45.7778 19.0000 17.2778
      vertex 45.8727 19.0000 17.1696
    endloop
  endfacet
  facet normal 0.000000 -1.000000 0.000000
    outer loop
      vertex 47.6000 19.0000 13.9000
      vertex 47.6000 19.0000 19.1000
      vertex 45.7778 19.0000 17.2778
    endloop
  endfacet
  facet normal 0.000000 -1.000000 0.000000
    outer loop
      vertex 47.6000 19.0000 19.1000
      vertex 45.6696 19.0000 17.3727
      vertex 45.7778 19.0000 17.2778
    endloop
  endfacet
  facet normal 0.000000 -1.000000 0.000000
    outer loop
      vertex 47.6000 19.0000 19.1000
      vertex 45.5500 19.0000 17.4526
      vertex 45.6696 19.0000 17.3727
    endloop
  endfacet
  facet normal 0.000000 -1.000000 0.000000
    outer loop
      vertex 47.6000 19.0000 19.1000
      vertex 45.4210 19.0000 17.5163
      vertex 45.5500 19.0000 17.4526
    endloop
  endfacet
  facet normal 0.000000 -1.000000 0.000000
    outer loop
      vertex 47.6000 19.0000 19.1000
      vertex 45.2847 19.0000 17.5625
      vertex 45.4210 19.0000 17.5163
    endloop
  endfacet
  facet normal 0.000000 -1.000000 0.000000
    outer loop
      vertex 47.6000 19.0000 19.1000
      vertex 45.1436 19.0000 17.5906
      vertex 45.2847 19.0000 17.5625
    endloop
  endfacet
  facet normal 0.000000 -1.000000 0.000000
    outer loop
      vertex 47.6000 19.0000 19.1000
      vertex 45.0000 19.0000 17.6000
      vertex 45.1436 19.0000 17.5906
    endloop
  endfacet
  facet normal 0.000000 -1.000000 0.000000
    outer loop
      vertex 47.6000 19.0000 19.1000
      vertex 44.8564 19.0000 17.5906
      vertex 45.0000 19.0000 17.6000
    endloop
  endfacet
  facet normal 0.000000 -1.000000 0.000000
    outer loop
      vertex 47.6000 19.0000 19.1000
      vertex 44.7153 19.0000 17.5625
      vertex 44.8564 19.0000 17.5906
    endloop
  endfacet
  facet normal 0.000000 -1.000000 0.000000
    outer loop
      vertex 47.6000 19.0000 19.1000
      vertex 44.5790 19.0000 17.5163
      vertex 44.7153 19.0000 17.5625
    endloop
  endfacet
  facet normal 0.000000 -1.000000 0.000000
    outer loop
      vertex 47.6000 19.0000 19.1000
      vertex 44.4500 19.0000 17.4526
      vertex 44.5790 19.0000 17.5163
    endloop
  endfacet
  facet normal 0.000000 1.000000 0.000000
    outer loop
      vertex 47.6000 19.0000 19.1000
      vertex 44.3304 19.0000 17.3727
      vertex 44.4500 19.0000 17.4526
    endloop
  endfacet
  facet normal -0.000000 -1.000000 0.000000
    outer loop
      vertex 47.6000 19.0000 19.1000
      vertex 42.4000 19.0000 19.1000
      vertex 44.3304 19.0000 17.3727
    endloop
  endfacet
  facet normal 0.000000 -1.000000 0.000000
    outer loop
      vertex 42.4000 19.0000 19.1000
      vertex 44.2222 19.0000 17.2778
      vertex 44.3304 19.0000 17.3727
    endloop
  endfacet
  facet normal 0.000000 -1.000000 0.000000
    outer loop
      vertex 42.4000 19.0000 19.1000
      vertex 44.1273 19.0000 17.1696
      vertex 44.2222 19.0000 17.2778
    endloop
  endfacet
  facet normal 0.000000 -1.000000 0.000000
    outer loop
      vertex 42.4000 19.0000 19.1000
      vertex 44.0474 19.0000 17.0500
      vertex 44.1273 19.0000 17.1696
    endloop
  endfacet
  facet normal 0.000000 -1.000000 0.000000
    outer loop
      vertex 42.4000 19.0000 19.1000
      vertex 43.9837 19.0000 16.9210
      vertex 44.0474 19.0000 17.0500
    endloop
  endfacet
  facet normal 0.000000 -1.000000 0.000000
    outer loop
      vertex 42.4000 19.0000 19.1000
      vertex 43.9375 19.0000 16.7847
      vertex 43.9837 19.0000 16.9210
    endloop
  endfacet
  facet normal 0.000000 -1.000000 0.000000
    outer loop
      vertex 42.4000 19.0000 19.1000
      vertex 43.9094 19.0000 16.6436
      vertex 43.9375 19.0000 16.7847
    endloop
  endfacet
  facet normal 0.000000 -1.000000 0.000000
    outer loop
      vertex 42.4000 19.0000 19.1000
      vertex 43.9000 19.0000 16.5000
      vertex 43.9094 19.0000 16.6436
    endloop
  endfacet
  facet normal 0.000000 -1.000000 0.000000
    outer loop
      vertex 42.4000 19.0000 19.1000
      vertex 43.9094 19.0000 16.3564
      vertex 43.9000 19.0000 16.5000
    endloop
  endfacet
  facet normal 0.000000 -1.000000 0.000000
    outer loop
      vertex 42.4000 19.0000 19.1000
      vertex 43.9375 19.0000 16.2153
      vertex 43.9094 19.0000 16.3564
    endloop
  endfacet
  facet normal 0.000000 -1.000000 0.000000
    outer loop
      vertex 42.4000 19.0000 19.1000
      vertex 43.9837 19.0000 16.0790
      vertex 43.9375 19.0000 16.2153
    endloop
  endfacet
  facet normal 0.000000 -1.000000 0.000000
    outer loop
      vertex 42.4000 19.0000 19.1000
      vertex 44.0474 19.0000 15.9500
      vertex 43.9837 19.0000 16.0790
    endloop
  endfacet
  facet normal 0.000000 1.000000 0.000000
    outer loop
      vertex 42.4000 19.0000 19.1000
      vertex 44.1273 19.0000 15.8304
      vertex 44.0474 19.0000 15.9500
    endloop
  endfacet
  facet normal 0.000000 1.000000 0.000000
    outer loop
      vertex 42.4000 19.0000 19.1000
      vertex 44.2222 19.0000 15.7222
      vertex 44.1273 19.0000 15.8304
    endloop
  endfacet
  facet normal 0.000000 -1.000000 0.000000
    outer loop
      vertex 42.4000 19.0000 19.1000
      vertex 42.4000 19.0000 13.9000
      vertex 44.2222 19.0000 15.7222
    endloop
  endfacet
  facet normal 0.000000 -1.000000 0.000000
    outer loop
      vertex 42.4000 19.0000 13.9000
      vertex 44.3304 19.0000 15.6273
      vertex 44.2222 19.0000 15.7222
    endloop
  endfacet
  facet normal 0.000000 -1.000000 0.000000
    outer loop
      vertex 42.4000 19.0000 19.1000
      vertex 47.6000 19.0000 19.1000
      vertex 45.0000 19.0000 25.5500
    endloop
  endfacet
  facet normal 0.000000 -1.000000 0.000000
    outer loop
      vertex 47.6000 19.0000 19.1000
      vertex 47.6000 19.0000 32.0000
      vertex 45.0000 19.0000 25.5500
    endloop
  endfacet
  facet normal -0.000000 -1.000000 0.000000
    outer loop
      vertex 47.6000 19.0000 32.0000
      vertex 42.4000 19.0000 32.0000
      vertex 45.0000 19.0000 25.5500
    endloop
  endfacet
  facet normal 0.000000 -1.000000 0.000000
    outer loop
      vertex 42.4000 19.0000 32.0000
      vertex 42.4000 19.0000 19.1000
      vertex 45.0000 19.0000 25.5500
    endloop
  endfacet
  facet normal 0.000000 -1.000000 0.000000
    outer loop
      vertex 47.6000 19.0000 0.0000
      vertex 50.0000 19.0000 0.0000
      vertex 48.4000 19.0000 16.1667
    endloop
  endfacet
  facet normal 0.000000 -1.000000 0.000000
    outer loop
      vertex 50.0000 19.0000 0.0000
      vertex 50.0000 19.0000 32.0000
      vertex 48.4000 19.0000 16.1667
    endloop
  endfacet
  facet normal -0.000000 -1.000000 0.000000
    outer loop
      vertex 50.0000 19.0000 32.0000
      vertex 47.6000 19.0000 32.0000
      vertex 48.4000 19.0000 16.1667
    endloop
  endfacet
  facet normal 0.000000 -1.000000 0.000000
    outer loop
      vertex 47.6000 19.0000 32.0000
      vertex 47.6000 19.0000 19.1000
      vertex 48.4000 19.0000 16.1667
    endloop
  endfacet
  facet normal 0.000000 -1.000000 0.000000
    outer loop
      vertex 47.6000 19.0000 19.1000
      vertex 47.6000 19.0000 13.9000
      vertex 48.4000 19.0000 16.1667
    endloop
  endfacet
  facet normal 0.000000 -1.000000 0.000000
    outer loop
      vertex 47.6000 19.0000 13.9000
      vertex 47.6000 19.0000 0.0000
      vertex 48.4000 19.0000 16.1667
    endloop
  endfacet
  facet normal -0.195090 -0.000000 -0.980785
    outer loop
      vertex 45.1436 22.0000 17.5906
      vertex 45.2847 19.0000 17.5625
      vertex 45.1436 19.0000 17.5906
    endloop
  endfacet
  facet normal -0.195090 0.000000 -0.980785
    outer loop
      vertex 45.1436 22.0000 17.5906
      vertex 45.2847 22.0000 17.5625
      vertex 45.2847 19.0000 17.5625
    endloop
  endfacet
  facet normal -0.946930 0.000000 0.321439
    outer loop
      vertex 46.0625 22.0000 16.2153
      vertex 46.0163 19.0000 16.0790
      vertex 46.0625 19.0000 16.2153
    endloop
  endfacet
  facet normal -0.946930 0.000000 0.321439
    outer loop
      vertex 46.0625 22.0000 16.2153
      vertex 46.0163 22.0000 16.0790
      vertex 46.0163 19.0000 16.0790
    endloop
  endfacet
  facet normal 0.000000 0.000000 -1.000000
    outer loop
      vertex 0.0000 22.0000 0.0000
      vertex 12.4000 19.0000 0.0000
      vertex 0.0000 19.0000 0.0000
    endloop
  endfacet
  facet normal 0.000000 0.000000 -1.000000
    outer loop
      vertex 0.0000 22.0000 0.0000
      vertex 12.4000 22.0000 0.0000
      vertex 12.4000 19.0000 0.0000
    endloop
  endfacet
  facet normal -0.751840 -0.000000 -0.659346
    outer loop
      vertex 15.7778 22.0000 7.2778
      vertex 15.8727 19.0000 7.1696
      vertex 15.7778 19.0000 7.2778
    endloop
  endfacet
  facet normal -0.751840 0.000000 -0.659346
    outer loop
      vertex 15.7778 22.0000 7.2778
      vertex 15.8727 22.0000 7.1696
      vertex 15.8727 19.0000 7.1696
    endloop
  endfacet
  facet normal 0.997859 0.000000 -0.065403
    outer loop
      vertex 13.9000 22.0000 6.5000
      vertex 13.9094 19.0000 6.6436
      vertex 13.9000 19.0000 6.5000
    endloop
  endfacet
  facet normal 0.997859 0.000000 -0.065403
    outer loop
      vertex 13.9000 22.0000 6.5000
      vertex 13.9094 22.0000 6.6436
      vertex 13.9094 19.0000 6.6436
    endloop
  endfacet
  facet normal 0.000000 0.000000 1.000000
    outer loop
      vertex 42.4000 22.0000 32.0000
      vertex 30.0000 19.0000 32.0000
      vertex 42.4000 19.0000 32.0000
    endloop
  endfacet
  facet normal 0.000000 0.000000 1.000000
    outer loop
      vertex 42.4000 22.0000 32.0000
      vertex 30.0000 22.0000 32.0000
      vertex 30.0000 19.0000 32.0000
    endloop
  endfacet
  facet normal -0.555570 -0.000000 -0.831470
    outer loop
      vertex 45.5500 22.0000 17.4526
      vertex 45.6696 19.0000 17.3727
      vertex 45.5500 19.0000 17.4526
    endloop
  endfacet
  facet normal -0.555570 0.000000 -0.831470
    outer loop
      vertex 45.5500 22.0000 17.4526
      vertex 45.6696 22.0000 17.3727
      vertex 45.6696 19.0000 17.3727
    endloop
  endfacet
  facet normal -0.555570 -0.000000 -0.831470
    outer loop
      vertex 15.5500 22.0000 7.4526
      vertex 15.6696 19.0000 7.3727
      vertex 15.5500 19.0000 7.4526
    endloop
  endfacet
  facet normal -0.555570 0.000000 -0.831470
    outer loop
      vertex 15.5500 22.0000 7.4526
      vertex 15.6696 22.0000 7.3727
      vertex 15.6696 19.0000 7.3727
    endloop
  endfacet
  facet normal -0.065403 0.000000 0.997859
    outer loop
      vertex 45.1436 22.0000 15.4094
      vertex 45.0000 19.0000 15.4000
      vertex 45.1436 19.0000 15.4094
    endloop
  endfacet
  facet normal -0.065403 0.000000 0.997859
    outer loop
      vertex 45.1436 22.0000 15.4094
      vertex 45.0000 22.0000 15.4000
      vertex 45.0000 19.0000 15.4000
    endloop
  endfacet
  facet normal 0.751840 0.000000 -0.659346
    outer loop
      vertex 44.1273 22.0000 17.1696
      vertex 44.2222 19.0000 17.2778
      vertex 44.1273 19.0000 17.1696
    endloop
  endfacet
  facet normal 0.751840 0.000000 -0.659346
    outer loop
      vertex 44.1273 22.0000 17.1696
      vertex 44.2222 22.0000 17.2778
      vertex 44.2222 19.0000 17.2778
    endloop
  endfacet
  facet normal -0.321439 -0.000000 -0.946930
    outer loop
      vertex 45.2847 22.0000 17.5625
      vertex 45.4210 19.0000 17.5163
      vertex 45.2847 19.0000 17.5625
    endloop
  endfacet
  facet normal -0.321439 0.000000 -0.946930
    outer loop
      vertex 45.2847 22.0000 17.5625
      vertex 45.4210 22.0000 17.5163
      vertex 45.4210 19.0000 17.5163
    endloop
  endfacet
  facet normal 0.000000 0.000000 -1.000000
    outer loop
      vertex 17.6000 22.0000 0.0000
      vertex 30.0000 19.0000 0.0000
      vertex 17.6000 19.0000 0.0000
    endloop
  endfacet
  facet normal 0.000000 0.000000 -1.000000
    outer loop
      vertex 17.6000 22.0000 0.0000
      vertex 30.0000 22.0000 0.0000
      vertex 30.0000 19.0000 0.0000
    endloop
  endfacet
  facet normal -0.195090 0.000000 0.980785
    outer loop
      vertex 15.2847 22.0000 5.4375
      vertex 15.1436 19.0000 5.4094
      vertex 15.2847 19.0000 5.4375
    endloop
  endfacet
  facet normal -0.195090 0.000000 0.980785
    outer loop
      vertex 15.2847 22.0000 5.4375
      vertex 15.1436 22.0000 5.4094
      vertex 15.1436 19.0000 5.4094
    endloop
  endfacet
  facet normal 0.065403 0.000000 -0.997859
    outer loop
      vertex 14.8564 22.0000 27.5906
      vertex 15.0000 19.0000 27.6000
      vertex 14.8564 19.0000 27.5906
    endloop
  endfacet
  facet normal 0.065403 0.000000 -0.997859
    outer loop
      vertex 14.8564 22.0000 27.5906
      vertex 15.0000 22.0000 27.6000
      vertex 15.0000 19.0000 27.6000
    endloop
  endfacet
  facet normal 0.896873 0.000000 0.442289
    outer loop
      vertex 44.0474 22.0000 15.9500
      vertex 43.9837 19.0000 16.0790
      vertex 44.0474 19.0000 15.9500
    endloop
  endfacet
  facet normal 0.896873 0.000000 0.442289
    outer loop
      vertex 44.0474 22.0000 15.9500
      vertex 43.9837 22.0000 16.0790
      vertex 43.9837 19.0000 16.0790
    endloop
  endfacet
  facet normal 0.659346 0.000000 0.751840
    outer loop
      vertex 14.3304 22.0000 5.6273
      vertex 14.2222 19.0000 5.7222
      vertex 14.3304 19.0000 5.6273
    endloop
  endfacet
  facet normal 0.659346 0.000000 0.751840
    outer loop
      vertex 14.3304 22.0000 5.6273
      vertex 14.2222 22.0000 5.7222
      vertex 14.2222 19.0000 5.7222
    endloop
  endfacet
  facet normal -0.831470 -0.000000 -0.555570
    outer loop
      vertex 45.8727 22.0000 17.1696
      vertex 45.9526 19.0000 17.0500
      vertex 45.8727 19.0000 17.1696
    endloop
  endfacet
  facet normal -0.831470 0.000000 -0.555570
    outer loop
      vertex 45.8727 22.0000 17.1696
      vertex 45.9526 22.0000 17.0500
      vertex 45.9526 19.0000 17.0500
    endloop
  endfacet
  facet normal 0.980785 0.000000 -0.195090
    outer loop
      vertex 13.9094 22.0000 6.6436
      vertex 13.9375 19.0000 6.7847
      vertex 13.9094 19.0000 6.6436
    endloop
  endfacet
  facet normal 0.980785 0.000000 -0.195090
    outer loop
      vertex 13.9094 22.0000 6.6436
      vertex 13.9375 22.0000 6.7847
      vertex 13.9375 19.0000 6.7847
    endloop
  endfacet
  facet normal -0.065403 0.000000 0.997859
    outer loop
      vertex 15.1436 22.0000 25.4094
      vertex 15.0000 19.0000 25.4000
      vertex 15.1436 19.0000 25.4094
    endloop
  endfacet
  facet normal -0.065403 0.000000 0.997859
    outer loop
      vertex 15.1436 22.0000 25.4094
      vertex 15.0000 22.0000 25.4000
      vertex 15.0000 19.0000 25.4000
    endloop
  endfacet
  facet normal 0.997859 0.000000 0.065403
    outer loop
      vertex 43.9094 22.0000 16.3564
      vertex 43.9000 19.0000 16.5000
      vertex 43.9094 19.0000 16.3564
    endloop
  endfacet
  facet normal 0.997859 0.000000 0.065403
    outer loop
      vertex 43.9094 22.0000 16.3564
      vertex 43.9000 22.0000 16.5000
      vertex 43.9000 19.0000 16.5000
    endloop
  endfacet
  facet normal 0.946930 0.000000 -0.321439
    outer loop
      vertex 43.9375 22.0000 16.7847
      vertex 43.9837 19.0000 16.9210
      vertex 43.9375 19.0000 16.7847
    endloop
  endfacet
  facet normal 0.946930 0.000000 -0.321439
    outer loop
      vertex 43.9375 22.0000 16.7847
      vertex 43.9837 22.0000 16.9210
      vertex 43.9837 19.0000 16.9210
    endloop
  endfacet
  facet normal -0.555570 0.000000 0.831470
    outer loop
      vertex 45.6696 22.0000 15.6273
      vertex 45.5500 19.0000 15.5474
      vertex 45.6696 19.0000 15.6273
    endloop
  endfacet
  facet normal -0.555570 0.000000 0.831470
    outer loop
      vertex 45.6696 22.0000 15.6273
      vertex 45.5500 22.0000 15.5474
      vertex 45.5500 19.0000 15.5474
    endloop
  endfacet
  facet normal -0.751840 -0.000000 -0.659346
    outer loop
      vertex 45.7778 22.0000 17.2778
      vertex 45.8727 19.0000 17.1696
      vertex 45.7778 19.0000 17.2778
    endloop
  endfacet
  facet normal -0.751840 0.000000 -0.659346
    outer loop
      vertex 45.7778 22.0000 17.2778
      vertex 45.8727 22.0000 17.1696
      vertex 45.8727 19.0000 17.1696
    endloop
  endfacet
  facet normal 0.659346 0.000000 0.751840
    outer loop
      vertex 14.3304 22.0000 25.6273
      vertex 14.2222 19.0000 25.7222
      vertex 14.3304 19.0000 25.6273
    endloop
  endfacet
  facet normal 0.659346 0.000000 0.751840
    outer loop
      vertex 14.3304 22.0000 25.6273
      vertex 14.2222 22.0000 25.7222
      vertex 14.2222 19.0000 25.7222
    endloop
  endfacet
  facet normal -1.000000 -0.000000 0.000000
    outer loop
      vertex 0.0000 22.0000 32.0000
      vertex 0.0000 19.0000 0.0000
      vertex 0.0000 19.0000 32.0000
    endloop
  endfacet
  facet normal -1.000000 0.000000 -0.000000
    outer loop
      vertex 0.0000 22.0000 32.0000
      vertex 0.0000 22.0000 0.0000
      vertex 0.0000 19.0000 0.0000
    endloop
  endfacet
  facet normal -0.997859 -0.000000 -0.065403
    outer loop
      vertex 16.0906 22.0000 6.6436
      vertex 16.1000 19.0000 6.5000
      vertex 16.0906 19.0000 6.6436
    endloop
  endfacet
  facet normal -0.997859 0.000000 -0.065403
    outer loop
      vertex 16.0906 22.0000 6.6436
      vertex 16.1000 22.0000 6.5000
      vertex 16.1000 19.0000 6.5000
    endloop
  endfacet
  facet normal 0.831470 0.000000 -0.555570
    outer loop
      vertex 14.0474 22.0000 7.0500
      vertex 14.1273 19.0000 7.1696
      vertex 14.0474 19.0000 7.0500
    endloop
  endfacet
  facet normal 0.831470 0.000000 -0.555570
    outer loop
      vertex 14.0474 22.0000 7.0500
      vertex 14.1273 22.0000 7.1696
      vertex 14.1273 19.0000 7.1696
    endloop
  endfacet
  facet normal 0.000000 0.000000 1.000000
    outer loop
      vertex 12.4000 22.0000 32.0000
      vertex 0.0000 19.0000 32.0000
      vertex 12.4000 19.0000 32.0000
    endloop
  endfacet
  facet normal 0.000000 0.000000 1.000000
    outer loop
      vertex 12.4000 22.0000 32.0000
      vertex 0.0000 22.0000 32.0000
      vertex 0.0000 19.0000 32.0000
    endloop
  endfacet
  facet normal 0.997859 0.000000 -0.065403
    outer loop
      vertex 43.9000 22.0000 16.5000
      vertex 43.9094 19.0000 16.6436
      vertex 43.9000 19.0000 16.5000
    endloop
  endfacet
  facet normal 0.997859 0.000000 -0.065403
    outer loop
      vertex 43.9000 22.0000 16.5000
      vertex 43.9094 22.0000 16.6436
      vertex 43.9094 19.0000 16.6436
    endloop
  endfacet
  facet normal -0.831470 -0.000000 -0.555570
    outer loop
      vertex 15.8727 22.0000 7.1696
      vertex 15.9526 19.0000 7.0500
      vertex 15.8727 19.0000 7.1696
    endloop
  endfacet
  facet normal -0.831470 0.000000 -0.555570
    outer loop
      vertex 15.8727 22.0000 7.1696
      vertex 15.9526 22.0000 7.0500
      vertex 15.9526 19.0000 7.0500
    endloop
  endfacet
  facet normal -0.751840 0.000000 0.659346
    outer loop
      vertex 45.8727 22.0000 15.8304
      vertex 45.7778 19.0000 15.7222
      vertex 45.8727 19.0000 15.8304
    endloop
  endfacet
  facet normal -0.751840 0.000000 0.659346
    outer loop
      vertex 45.8727 22.0000 15.8304
      vertex 45.7778 22.0000 15.7222
      vertex 45.7778 19.0000 15.7222
    endloop
  endfacet
  facet normal -0.321439 0.000000 0.946930
    outer loop
      vertex 45.4210 22.0000 15.4837
      vertex 45.2847 19.0000 15.4375
      vertex 45.4210 19.0000 15.4837
    endloop
  endfacet
  facet normal -0.321439 0.000000 0.946930
    outer loop
      vertex 45.4210 22.0000 15.4837
      vertex 45.2847 22.0000 15.4375
      vertex 45.2847 19.0000 15.4375
    endloop
  endfacet
  facet normal -0.997859 -0.000000 -0.065403
    outer loop
      vertex 46.0906 22.0000 16.6436
      vertex 46.1000 19.0000 16.5000
      vertex 46.0906 19.0000 16.6436
    endloop
  endfacet
  facet normal -0.997859 0.000000 -0.065403
    outer loop
      vertex 46.0906 22.0000 16.6436
      vertex 46.1000 22.0000 16.5000
      vertex 46.1000 19.0000 16.5000
    endloop
  endfacet
  facet normal 0.659346 0.000000 -0.751840
    outer loop
      vertex 14.2222 22.0000 27.2778
      vertex 14.3304 19.0000 27.3727
      vertex 14.2222 19.0000 27.2778
    endloop
  endfacet
  facet normal 0.659346 0.000000 -0.751840
    outer loop
      vertex 14.2222 22.0000 27.2778
      vertex 14.3304 22.0000 27.3727
      vertex 14.3304 19.0000 27.3727
    endloop
  endfacet
  facet normal 0.980785 0.000000 0.195090
    outer loop
      vertex 13.9375 22.0000 26.2153
      vertex 13.9094 19.0000 26.3564
      vertex 13.9375 19.0000 26.2153
    endloop
  endfacet
  facet normal 0.980785 0.000000 0.195090
    outer loop
      vertex 13.9375 22.0000 26.2153
      vertex 13.9094 22.0000 26.3564
      vertex 13.9094 19.0000 26.3564
    endloop
  endfacet
  facet normal 0.751840 0.000000 0.659346
    outer loop
      vertex 44.2222 22.0000 15.7222
      vertex 44.1273 19.0000 15.8304
      vertex 44.2222 19.0000 15.7222
    endloop
  endfacet
  facet normal 0.751840 0.000000 0.659346
    outer loop
      vertex 44.2222 22.0000 15.7222
      vertex 44.1273 22.0000 15.8304
      vertex 44.1273 19.0000 15.8304
    endloop
  endfacet
  facet normal -0.555570 0.000000 0.831470
    outer loop
      vertex 15.6696 22.0000 25.6273
      vertex 15.5500 19.0000 25.5474
      vertex 15.6696 19.0000 25.6273
    endloop
  endfacet
  facet normal -0.555570 0.000000 0.831470
    outer loop
      vertex 15.6696 22.0000 25.6273
      vertex 15.5500 22.0000 25.5474
      vertex 15.5500 19.0000 25.5474
    endloop
  endfacet
  facet normal -0.831470 0.000000 0.555570
    outer loop
      vertex 45.9526 22.0000 15.9500
      vertex 45.8727 19.0000 15.8304
      vertex 45.9526 19.0000 15.9500
    endloop
  endfacet
  facet normal -0.831470 0.000000 0.555570
    outer loop
      vertex 45.9526 22.0000 15.9500
      vertex 45.8727 22.0000 15.8304
      vertex 45.8727 19.0000 15.8304
    endloop
  endfacet
  facet normal -0.555570 -0.000000 -0.831470
    outer loop
      vertex 15.5500 22.0000 27.4526
      vertex 15.6696 19.0000 27.3727
      vertex 15.5500 19.0000 27.4526
    endloop
  endfacet
  facet normal -0.555570 0.000000 -0.831470
    outer loop
      vertex 15.5500 22.0000 27.4526
      vertex 15.6696 22.0000 27.3727
      vertex 15.6696 19.0000 27.3727
    endloop
  endfacet
  facet normal -0.442289 0.000000 0.896873
    outer loop
      vertex 15.5500 22.0000 5.5474
      vertex 15.4210 19.0000 5.4837
      vertex 15.5500 19.0000 5.5474
    endloop
  endfacet
  facet normal -0.442289 0.000000 0.896873
    outer loop
      vertex 15.5500 22.0000 5.5474
      vertex 15.4210 22.0000 5.4837
      vertex 15.4210 19.0000 5.4837
    endloop
  endfacet
  facet normal -0.946930 -0.000000 -0.321439
    outer loop
      vertex 46.0163 22.0000 16.9210
      vertex 46.0625 19.0000 16.7847
      vertex 46.0163 19.0000 16.9210
    endloop
  endfacet
  facet normal -0.946930 0.000000 -0.321439
    outer loop
      vertex 46.0163 22.0000 16.9210
      vertex 46.0625 22.0000 16.7847
      vertex 46.0625 19.0000 16.7847
    endloop
  endfacet
  facet normal -0.831470 -0.000000 -0.555570
    outer loop
      vertex 15.8727 22.0000 27.1696
      vertex 15.9526 19.0000 27.0500
      vertex 15.8727 19.0000 27.1696
    endloop
  endfacet
  facet normal -0.831470 0.000000 -0.555570
    outer loop
      vertex 15.8727 22.0000 27.1696
      vertex 15.9526 22.0000 27.0500
      vertex 15.9526 19.0000 27.0500
    endloop
  endfacet
  facet normal -0.997859 0.000000 0.065403
    outer loop
      vertex 46.1000 22.0000 16.5000
      vertex 46.0906 19.0000 16.3564
      vertex 46.1000 19.0000 16.5000
    endloop
  endfacet
  facet normal -0.997859 0.000000 0.065403
    outer loop
      vertex 46.1000 22.0000 16.5000
      vertex 46.0906 22.0000 16.3564
      vertex 46.0906 19.0000 16.3564
    endloop
  endfacet
  facet normal -0.896873 0.000000 0.442289
    outer loop
      vertex 16.0163 22.0000 6.0790
      vertex 15.9526 19.0000 5.9500
      vertex 16.0163 19.0000 6.0790
    endloop
  endfacet
  facet normal -0.896873 0.000000 0.442289
    outer loop
      vertex 16.0163 22.0000 6.0790
      vertex 15.9526 22.0000 5.9500
      vertex 15.9526 19.0000 5.9500
    endloop
  endfacet
  facet normal -0.831470 0.000000 0.555570
    outer loop
      vertex 15.9526 22.0000 5.9500
      vertex 15.8727 19.0000 5.8304
      vertex 15.9526 19.0000 5.9500
    endloop
  endfacet
  facet normal -0.831470 0.000000 0.555570
    outer loop
      vertex 15.9526 22.0000 5.9500
      vertex 15.8727 22.0000 5.8304
      vertex 15.8727 19.0000 5.8304
    endloop
  endfacet
  facet normal -0.195090 -0.000000 -0.980785
    outer loop
      vertex 15.1436 22.0000 7.5906
      vertex 15.2847 19.0000 7.5625
      vertex 15.1436 19.0000 7.5906
    endloop
  endfacet
  facet normal -0.195090 0.000000 -0.980785
    outer loop
      vertex 15.1436 22.0000 7.5906
      vertex 15.2847 22.0000 7.5625
      vertex 15.2847 19.0000 7.5625
    endloop
  endfacet
  facet normal 0.896873 0.000000 0.442289
    outer loop
      vertex 14.0474 22.0000 5.9500
      vertex 13.9837 19.0000 6.0790
      vertex 14.0474 19.0000 5.9500
    endloop
  endfacet
  facet normal 0.896873 0.000000 0.442289
    outer loop
      vertex 14.0474 22.0000 5.9500
      vertex 13.9837 22.0000 6.0790
      vertex 13.9837 19.0000 6.0790
    endloop
  endfacet
  facet normal 0.751840 0.000000 0.659346
    outer loop
      vertex 14.2222 22.0000 5.7222
      vertex 14.1273 19.0000 5.8304
      vertex 14.2222 19.0000 5.7222
    endloop
  endfacet
  facet normal 0.751840 0.000000 0.659346
    outer loop
      vertex 14.2222 22.0000 5.7222
      vertex 14.1273 22.0000 5.8304
      vertex 14.1273 19.0000 5.8304
    endloop
  endfacet
  facet normal 0.555570 0.000000 0.831470
    outer loop
      vertex 44.4500 22.0000 15.5474
      vertex 44.3304 19.0000 15.6273
      vertex 44.4500 19.0000 15.5474
    endloop
  endfacet
  facet normal 0.555570 0.000000 0.831470
    outer loop
      vertex 44.4500 22.0000 15.5474
      vertex 44.3304 22.0000 15.6273
      vertex 44.3304 19.0000 15.6273
    endloop
  endfacet
  facet normal 0.195090 0.000000 0.980785
    outer loop
      vertex 14.8564 22.0000 5.4094
      vertex 14.7153 19.0000 5.4375
      vertex 14.8564 19.0000 5.4094
    endloop
  endfacet
  facet normal 0.195090 0.000000 0.980785
    outer loop
      vertex 14.8564 22.0000 5.4094
      vertex 14.7153 22.0000 5.4375
      vertex 14.7153 19.0000 5.4375
    endloop
  endfacet
  facet normal -0.065403 0.000000 0.997859
    outer loop
      vertex 15.1436 22.0000 5.4094
      vertex 15.0000 19.0000 5.4000
      vertex 15.1436 19.0000 5.4094
    endloop
  endfacet
  facet normal -0.065403 0.000000 0.997859
    outer loop
      vertex 15.1436 22.0000 5.4094
      vertex 15.0000 22.0000 5.4000
      vertex 15.0000 19.0000 5.4000
    endloop
  endfacet
  facet normal -0.442289 -0.000000 -0.896873
    outer loop
      vertex 15.4210 22.0000 7.5163
      vertex 15.5500 19.0000 7.4526
      vertex 15.4210 19.0000 7.5163
    endloop
  endfacet
  facet normal -0.442289 0.000000 -0.896873
    outer loop
      vertex 15.4210 22.0000 7.5163
      vertex 15.5500 22.0000 7.4526
      vertex 15.5500 19.0000 7.4526
    endloop
  endfacet
  facet normal 0.896873 0.000000 -0.442289
    outer loop
      vertex 13.9837 22.0000 6.9210
      vertex 14.0474 19.0000 7.0500
      vertex 13.9837 19.0000 6.9210
    endloop
  endfacet
  facet normal 0.896873 0.000000 -0.442289
    outer loop
      vertex 13.9837 22.0000 6.9210
      vertex 14.0474 22.0000 7.0500
      vertex 14.0474 19.0000 7.0500
    endloop
  endfacet
  facet normal -0.659346 -0.000000 -0.751840
    outer loop
      vertex 45.6696 22.0000 17.3727
      vertex 45.7778 19.0000 17.2778
      vertex 45.6696 19.0000 17.3727
    endloop
  endfacet
  facet normal -0.659346 0.000000 -0.751840
    outer loop
      vertex 45.6696 22.0000 17.3727
      vertex 45.7778 22.0000 17.2778
      vertex 45.7778 19.0000 17.2778
    endloop
  endfacet
  facet normal 0.321439 0.000000 -0.946930
    outer loop
      vertex 14.5790 22.0000 27.5163
      vertex 14.7153 19.0000 27.5625
      vertex 14.5790 19.0000 27.5163
    endloop
  endfacet
  facet normal 0.321439 0.000000 -0.946930
    outer loop
      vertex 14.5790 22.0000 27.5163
      vertex 14.7153 22.0000 27.5625
      vertex 14.7153 19.0000 27.5625
    endloop
  endfacet
  facet normal 0.000000 0.000000 1.000000
    outer loop
      vertex 47.6000 22.0000 32.0000
      vertex 42.4000 19.0000 32.0000
      vertex 47.6000 19.0000 32.0000
    endloop
  endfacet
  facet normal 0.000000 0.000000 1.000000
    outer loop
      vertex 47.6000 22.0000 32.0000
      vertex 42.4000 22.0000 32.0000
      vertex 42.4000 19.0000 32.0000
    endloop
  endfacet
  facet normal -0.659346 0.000000 0.751840
    outer loop
      vertex 15.7778 22.0000 25.7222
      vertex 15.6696 19.0000 25.6273
      vertex 15.7778 19.0000 25.7222
    endloop
  endfacet
  facet normal -0.659346 0.000000 0.751840
    outer loop
      vertex 15.7778 22.0000 25.7222
      vertex 15.6696 22.0000 25.6273
      vertex 15.6696 19.0000 25.6273
    endloop
  endfacet
  facet normal 0.195090 0.000000 0.980785
    outer loop
      vertex 14.8564 22.0000 25.4094
      vertex 14.7153 19.0000 25.4375
      vertex 14.8564 19.0000 25.4094
    endloop
  endfacet
  facet normal 0.195090 0.000000 0.980785
    outer loop
      vertex 14.8564 22.0000 25.4094
      vertex 14.7153 22.0000 25.4375
      vertex 14.7153 19.0000 25.4375
    endloop
  endfacet
  facet normal 0.831470 0.000000 0.555570
    outer loop
      vertex 14.1273 22.0000 25.8304
      vertex 14.0474 19.0000 25.9500
      vertex 14.1273 19.0000 25.8304
    endloop
  endfacet
  facet normal 0.831470 0.000000 0.555570
    outer loop
      vertex 14.1273 22.0000 25.8304
      vertex 14.0474 22.0000 25.9500
      vertex 14.0474 19.0000 25.9500
    endloop
  endfacet
  facet normal -0.997859 -0.000000 -0.065403
    outer loop
      vertex 16.0906 22.0000 26.6436
      vertex 16.1000 19.0000 26.5000
      vertex 16.0906 19.0000 26.6436
    endloop
  endfacet
  facet normal -0.997859 0.000000 -0.065403
    outer loop
      vertex 16.0906 22.0000 26.6436
      vertex 16.1000 22.0000 26.5000
      vertex 16.1000 19.0000 26.5000
    endloop
  endfacet
  facet normal 0.065403 0.000000 0.997859
    outer loop
      vertex 15.0000 22.0000 5.4000
      vertex 14.8564 19.0000 5.4094
      vertex 15.0000 19.0000 5.4000
    endloop
  endfacet
  facet normal 0.065403 0.000000 0.997859
    outer loop
      vertex 15.0000 22.0000 5.4000
      vertex 14.8564 22.0000 5.4094
      vertex 14.8564 19.0000 5.4094
    endloop
  endfacet
  facet normal 0.831470 0.000000 0.555570
    outer loop
      vertex 14.1273 22.0000 5.8304
      vertex 14.0474 19.0000 5.9500
      vertex 14.1273 19.0000 5.8304
    endloop
  endfacet
  facet normal 0.831470 0.000000 0.555570
    outer loop
      vertex 14.1273 22.0000 5.8304
      vertex 14.0474 22.0000 5.9500
      vertex 14.0474 19.0000 5.9500
    endloop
  endfacet
  facet normal -0.195090 -0.000000 -0.980785
    outer loop
      vertex 15.1436 22.0000 27.5906
      vertex 15.2847 19.0000 27.5625
      vertex 15.1436 19.0000 27.5906
    endloop
  endfacet
  facet normal -0.195090 0.000000 -0.980785
    outer loop
      vertex 15.1436 22.0000 27.5906
      vertex 15.2847 22.0000 27.5625
      vertex 15.2847 19.0000 27.5625
    endloop
  endfacet
  facet normal 0.321439 0.000000 -0.946930
    outer loop
      vertex 44.5790 22.0000 17.5163
      vertex 44.7153 19.0000 17.5625
      vertex 44.5790 19.0000 17.5163
    endloop
  endfacet
  facet normal 0.321439 0.000000 -0.946930
    outer loop
      vertex 44.5790 22.0000 17.5163
      vertex 44.7153 22.0000 17.5625
      vertex 44.7153 19.0000 17.5625
    endloop
  endfacet
  facet normal -0.555570 0.000000 0.831470
    outer loop
      vertex 15.6696 22.0000 5.6273
      vertex 15.5500 19.0000 5.5474
      vertex 15.6696 19.0000 5.6273
    endloop
  endfacet
  facet normal -0.555570 0.000000 0.831470
    outer loop
      vertex 15.6696 22.0000 5.6273
      vertex 15.5500 22.0000 5.5474
      vertex 15.5500 19.0000 5.5474
    endloop
  endfacet
  facet normal 0.000000 0.000000 -1.000000
    outer loop
      vertex 30.0000 22.0000 0.0000
      vertex 42.4000 19.0000 0.0000
      vertex 30.0000 19.0000 0.0000
    endloop
  endfacet
  facet normal 0.000000 0.000000 -1.000000
    outer loop
      vertex 30.0000 22.0000 0.0000
      vertex 42.4000 22.0000 0.0000
      vertex 42.4000 19.0000 0.0000
    endloop
  endfacet
  facet normal 0.065403 0.000000 0.997859
    outer loop
      vertex 45.0000 22.0000 15.4000
      vertex 44.8564 19.0000 15.4094
      vertex 45.0000 19.0000 15.4000
    endloop
  endfacet
  facet normal 0.065403 0.000000 0.997859
    outer loop
      vertex 45.0000 22.0000 15.4000
      vertex 44.8564 22.0000 15.4094
      vertex 44.8564 19.0000 15.4094
    endloop
  endfacet
  facet normal 0.000000 0.000000 -1.000000
    outer loop
      vertex 47.6000 22.0000 0.0000
      vertex 50.0000 19.0000 0.0000
      vertex 47.6000 19.0000 0.0000
    endloop
  endfacet
  facet normal 0.000000 0.000000 -1.000000
    outer loop
      vertex 47.6000 22.0000 0.0000
      vertex 50.0000 22.0000 0.0000
      vertex 50.0000 19.0000 0.0000
    endloop
  endfacet
  facet normal -0.195090 0.000000 0.980785
    outer loop
      vertex 45.2847 22.0000 15.4375
      vertex 45.1436 19.0000 15.4094
      vertex 45.2847 19.0000 15.4375
    endloop
  endfacet
  facet normal -0.195090 0.000000 0.980785
    outer loop
      vertex 45.2847 22.0000 15.4375
      vertex 45.1436 22.0000 15.4094
      vertex 45.1436 19.0000 15.4094
    endloop
  endfacet
  facet normal 0.751840 0.000000 -0.659346
    outer loop
      vertex 14.1273 22.0000 7.1696
      vertex 14.2222 19.0000 7.2778
      vertex 14.1273 19.0000 7.1696
    endloop
  endfacet
  facet normal 0.751840 0.000000 -0.659346
    outer loop
      vertex 14.1273 22.0000 7.1696
      vertex 14.2222 22.0000 7.2778
      vertex 14.2222 19.0000 7.2778
    endloop
  endfacet
  facet normal 0.442289 0.000000 -0.896873
    outer loop
      vertex 44.4500 22.0000 17.4526
      vertex 44.5790 19.0000 17.5163
      vertex 44.4500 19.0000 17.4526
    endloop
  endfacet
  facet normal 0.442289 0.000000 -0.896873
    outer loop
      vertex 44.4500 22.0000 17.4526
      vertex 44.5790 22.0000 17.5163
      vertex 44.5790 19.0000 17.5163
    endloop
  endfacet
  facet normal 0.946930 0.000000 0.321439
    outer loop
      vertex 43.9837 22.0000 16.0790
      vertex 43.9375 19.0000 16.2153
      vertex 43.9837 19.0000 16.0790
    endloop
  endfacet
  facet normal 0.946930 0.000000 0.321439
    outer loop
      vertex 43.9837 22.0000 16.0790
      vertex 43.9375 22.0000 16.2153
      vertex 43.9375 19.0000 16.2153
    endloop
  endfacet
  facet normal -0.321439 0.000000 0.946930
    outer loop
      vertex 15.4210 22.0000 25.4837
      vertex 15.2847 19.0000 25.4375
      vertex 15.4210 19.0000 25.4837
    endloop
  endfacet
  facet normal -0.321439 0.000000 0.946930
    outer loop
      vertex 15.4210 22.0000 25.4837
      vertex 15.2847 22.0000 25.4375
      vertex 15.2847 19.0000 25.4375
    endloop
  endfacet
  facet normal -0.065403 -0.000000 -0.997859
    outer loop
      vertex 15.0000 22.0000 27.6000
      vertex 15.1436 19.0000 27.5906
      vertex 15.0000 19.0000 27.6000
    endloop
  endfacet
  facet normal -0.065403 0.000000 -0.997859
    outer loop
      vertex 15.0000 22.0000 27.6000
      vertex 15.1436 22.0000 27.5906
      vertex 15.1436 19.0000 27.5906
    endloop
  endfacet
  facet normal -0.751840 -0.000000 -0.659346
    outer loop
      vertex 15.7778 22.0000 27.2778
      vertex 15.8727 19.0000 27.1696
      vertex 15.7778 19.0000 27.2778
    endloop
  endfacet
  facet normal -0.751840 0.000000 -0.659346
    outer loop
      vertex 15.7778 22.0000 27.2778
      vertex 15.8727 22.0000 27.1696
      vertex 15.8727 19.0000 27.1696
    endloop
  endfacet
  facet normal -0.946930 -0.000000 -0.321439
    outer loop
      vertex 16.0163 22.0000 6.9210
      vertex 16.0625 19.0000 6.7847
      vertex 16.0163 19.0000 6.9210
    endloop
  endfacet
  facet normal -0.946930 0.000000 -0.321439
    outer loop
      vertex 16.0163 22.0000 6.9210
      vertex 16.0625 22.0000 6.7847
      vertex 16.0625 19.0000 6.7847
    endloop
  endfacet
  facet normal 0.195090 0.000000 -0.980785
    outer loop
      vertex 14.7153 22.0000 27.5625
      vertex 14.8564 19.0000 27.5906
      vertex 14.7153 19.0000 27.5625
    endloop
  endfacet
  facet normal 0.195090 0.000000 -0.980785
    outer loop
      vertex 14.7153 22.0000 27.5625
      vertex 14.8564 22.0000 27.5906
      vertex 14.8564 19.0000 27.5906
    endloop
  endfacet
  facet normal 0.000000 0.000000 1.000000
    outer loop
      vertex 17.6000 22.0000 32.0000
      vertex 12.4000 19.0000 32.0000
      vertex 17.6000 19.0000 32.0000
    endloop
  endfacet
  facet normal 0.000000 0.000000 1.000000
    outer loop
      vertex 17.6000 22.0000 32.0000
      vertex 12.4000 22.0000 32.0000
      vertex 12.4000 19.0000 32.0000
    endloop
  endfacet
  facet normal 0.442289 0.000000 -0.896873
    outer loop
      vertex 14.4500 22.0000 27.4526
      vertex 14.5790 19.0000 27.5163
      vertex 14.4500 19.0000 27.4526
    endloop
  endfacet
  facet normal 0.442289 0.000000 -0.896873
    outer loop
      vertex 14.4500 22.0000 27.4526
      vertex 14.5790 22.0000 27.5163
      vertex 14.5790 19.0000 27.5163
    endloop
  endfacet
  facet normal 0.321439 0.000000 0.946930
    outer loop
      vertex 44.7153 22.0000 15.4375
      vertex 44.5790 19.0000 15.4837
      vertex 44.7153 19.0000 15.4375
    endloop
  endfacet
  facet normal 0.321439 0.000000 0.946930
    outer loop
      vertex 44.7153 22.0000 15.4375
      vertex 44.5790 22.0000 15.4837
      vertex 44.5790 19.0000 15.4837
    endloop
  endfacet
  facet normal 0.997859 0.000000 0.065403
    outer loop
      vertex 13.9094 22.0000 6.3564
      vertex 13.9000 19.0000 6.5000
      vertex 13.9094 19.0000 6.3564
    endloop
  endfacet
  facet normal 0.997859 0.000000 0.065403
    outer loop
      vertex 13.9094 22.0000 6.3564
      vertex 13.9000 22.0000 6.5000
      vertex 13.9000 19.0000 6.5000
    endloop
  endfacet
  facet normal -0.896873 0.000000 0.442289
    outer loop
      vertex 46.0163 22.0000 16.0790
      vertex 45.9526 19.0000 15.9500
      vertex 46.0163 19.0000 16.0790
    endloop
  endfacet
  facet normal -0.896873 0.000000 0.442289
    outer loop
      vertex 46.0163 22.0000 16.0790
      vertex 45.9526 22.0000 15.9500
      vertex 45.9526 19.0000 15.9500
    endloop
  endfacet
  facet normal -0.831470 0.000000 0.555570
    outer loop
      vertex 15.9526 22.0000 25.9500
      vertex 15.8727 19.0000 25.8304
      vertex 15.9526 19.0000 25.9500
    endloop
  endfacet
  facet normal -0.831470 0.000000 0.555570
    outer loop
      vertex 15.9526 22.0000 25.9500
      vertex 15.8727 22.0000 25.8304
      vertex 15.8727 19.0000 25.8304
    endloop
  endfacet
  facet normal -0.195090 0.000000 0.980785
    outer loop
      vertex 15.2847 22.0000 25.4375
      vertex 15.1436 19.0000 25.4094
      vertex 15.2847 19.0000 25.4375
    endloop
  endfacet
  facet normal -0.195090 0.000000 0.980785
    outer loop
      vertex 15.2847 22.0000 25.4375
      vertex 15.1436 22.0000 25.4094
      vertex 15.1436 19.0000 25.4094
    endloop
  endfacet
  facet normal 0.555570 0.000000 0.831470
    outer loop
      vertex 14.4500 22.0000 5.5474
      vertex 14.3304 19.0000 5.6273
      vertex 14.4500 19.0000 5.5474
    endloop
  endfacet
  facet normal 0.555570 0.000000 0.831470
    outer loop
      vertex 14.4500 22.0000 5.5474
      vertex 14.3304 22.0000 5.6273
      vertex 14.3304 19.0000 5.6273
    endloop
  endfacet
  facet normal -0.659346 -0.000000 -0.751840
    outer loop
      vertex 15.6696 22.0000 7.3727
      vertex 15.7778 19.0000 7.2778
      vertex 15.6696 19.0000 7.3727
    endloop
  endfacet
  facet normal -0.659346 0.000000 -0.751840
    outer loop
      vertex 15.6696 22.0000 7.3727
      vertex 15.7778 22.0000 7.2778
      vertex 15.7778 19.0000 7.2778
    endloop
  endfacet
  facet normal 0.831470 0.000000 0.555570
    outer loop
      vertex 44.1273 22.0000 15.8304
      vertex 44.0474 19.0000 15.9500
      vertex 44.1273 19.0000 15.8304
    endloop
  endfacet
  facet normal 0.831470 0.000000 0.555570
    outer loop
      vertex 44.1273 22.0000 15.8304
      vertex 44.0474 22.0000 15.9500
      vertex 44.0474 19.0000 15.9500
    endloop
  endfacet
  facet normal -0.751840 0.000000 0.659346
    outer loop
      vertex 15.8727 22.0000 25.8304
      vertex 15.7778 19.0000 25.7222
      vertex 15.8727 19.0000 25.8304
    endloop
  endfacet
  facet normal -0.751840 0.000000 0.659346
    outer loop
      vertex 15.8727 22.0000 25.8304
      vertex 15.7778 22.0000 25.7222
      vertex 15.7778 19.0000 25.7222
    endloop
  endfacet
  facet normal 0.751840 0.000000 0.659346
    outer loop
      vertex 14.2222 22.0000 25.7222
      vertex 14.1273 19.0000 25.8304
      vertex 14.2222 19.0000 25.7222
    endloop
  endfacet
  facet normal 0.751840 0.000000 0.659346
    outer loop
      vertex 14.2222 22.0000 25.7222
      vertex 14.1273 22.0000 25.8304
      vertex 14.1273 19.0000 25.8304
    endloop
  endfacet
  facet normal 0.997859 0.000000 0.065403
    outer loop
      vertex 13.9094 22.0000 26.3564
      vertex 13.9000 19.0000 26.5000
      vertex 13.9094 19.0000 26.3564
    endloop
  endfacet
  facet normal 0.997859 0.000000 0.065403
    outer loop
      vertex 13.9094 22.0000 26.3564
      vertex 13.9000 22.0000 26.5000
      vertex 13.9000 19.0000 26.5000
    endloop
  endfacet
  facet normal 0.000000 0.000000 1.000000
    outer loop
      vertex 30.0000 22.0000 32.0000
      vertex 17.6000 19.0000 32.0000
      vertex 30.0000 19.0000 32.0000
    endloop
  endfacet
  facet normal 0.000000 0.000000 1.000000
    outer loop
      vertex 30.0000 22.0000 32.0000
      vertex 17.6000 22.0000 32.0000
      vertex 17.6000 19.0000 32.0000
    endloop
  endfacet
  facet normal 0.195090 0.000000 -0.980785
    outer loop
      vertex 44.7153 22.0000 17.5625
      vertex 44.8564 19.0000 17.5906
      vertex 44.7153 19.0000 17.5625
    endloop
  endfacet
  facet normal 0.195090 0.000000 -0.980785
    outer loop
      vertex 44.7153 22.0000 17.5625
      vertex 44.8564 22.0000 17.5906
      vertex 44.8564 19.0000 17.5906
    endloop
  endfacet
  facet normal -0.980785 -0.000000 -0.195090
    outer loop
      vertex 46.0625 22.0000 16.7847
      vertex 46.0906 19.0000 16.6436
      vertex 46.0625 19.0000 16.7847
    endloop
  endfacet
  facet normal -0.980785 0.000000 -0.195090
    outer loop
      vertex 46.0625 22.0000 16.7847
      vertex 46.0906 22.0000 16.6436
      vertex 46.0906 19.0000 16.6436
    endloop
  endfacet
  facet normal 0.321439 0.000000 -0.946930
    outer loop
      vertex 14.5790 22.0000 7.5163
      vertex 14.7153 19.0000 7.5625
      vertex 14.5790 19.0000 7.5163
    endloop
  endfacet
  facet normal 0.321439 0.000000 -0.946930
    outer loop
      vertex 14.5790 22.0000 7.5163
      vertex 14.7153 22.0000 7.5625
      vertex 14.7153 19.0000 7.5625
    endloop
  endfacet
  facet normal 0.980785 0.000000 0.195090
    outer loop
      vertex 43.9375 22.0000 16.2153
      vertex 43.9094 19.0000 16.3564
      vertex 43.9375 19.0000 16.2153
    endloop
  endfacet
  facet normal 0.980785 0.000000 0.195090
    outer loop
      vertex 43.9375 22.0000 16.2153
      vertex 43.9094 22.0000 16.3564
      vertex 43.9094 19.0000 16.3564
    endloop
  endfacet
  facet normal -0.659346 0.000000 0.751840
    outer loop
      vertex 15.7778 22.0000 5.7222
      vertex 15.6696 19.0000 5.6273
      vertex 15.7778 19.0000 5.7222
    endloop
  endfacet
  facet normal -0.659346 0.000000 0.751840
    outer loop
      vertex 15.7778 22.0000 5.7222
      vertex 15.6696 22.0000 5.6273
      vertex 15.6696 19.0000 5.6273
    endloop
  endfacet
  facet normal 0.896873 0.000000 -0.442289
    outer loop
      vertex 13.9837 22.0000 26.9210
      vertex 14.0474 19.0000 27.0500
      vertex 13.9837 19.0000 26.9210
    endloop
  endfacet
  facet normal 0.896873 0.000000 -0.442289
    outer loop
      vertex 13.9837 22.0000 26.9210
      vertex 14.0474 22.0000 27.0500
      vertex 14.0474 19.0000 27.0500
    endloop
  endfacet
  facet normal 0.896873 0.000000 0.442289
    outer loop
      vertex 14.0474 22.0000 25.9500
      vertex 13.9837 19.0000 26.0790
      vertex 14.0474 19.0000 25.9500
    endloop
  endfacet
  facet normal 0.896873 0.000000 0.442289
    outer loop
      vertex 14.0474 22.0000 25.9500
      vertex 13.9837 22.0000 26.0790
      vertex 13.9837 19.0000 26.0790
    endloop
  endfacet
  facet normal -0.321439 0.000000 0.946930
    outer loop
      vertex 15.4210 22.0000 5.4837
      vertex 15.2847 19.0000 5.4375
      vertex 15.4210 19.0000 5.4837
    endloop
  endfacet
  facet normal -0.321439 0.000000 0.946930
    outer loop
      vertex 15.4210 22.0000 5.4837
      vertex 15.2847 22.0000 5.4375
      vertex 15.2847 19.0000 5.4375
    endloop
  endfacet
  facet normal 0.896873 0.000000 -0.442289
    outer loop
      vertex 43.9837 22.0000 16.9210
      vertex 44.0474 19.0000 17.0500
      vertex 43.9837 19.0000 16.9210
    endloop
  endfacet
  facet normal 0.896873 0.000000 -0.442289
    outer loop
      vertex 43.9837 22.0000 16.9210
      vertex 44.0474 22.0000 17.0500
      vertex 44.0474 19.0000 17.0500
    endloop
  endfacet
  facet normal 0.946930 0.000000 0.321439
    outer loop
      vertex 13.9837 22.0000 26.0790
      vertex 13.9375 19.0000 26.2153
      vertex 13.9837 19.0000 26.0790
    endloop
  endfacet
  facet normal 0.946930 0.000000 0.321439
    outer loop
      vertex 13.9837 22.0000 26.0790
      vertex 13.9375 22.0000 26.2153
      vertex 13.9375 19.0000 26.2153
    endloop
  endfacet
  facet normal 0.442289 0.000000 -0.896873
    outer loop
      vertex 14.4500 22.0000 7.4526
      vertex 14.5790 19.0000 7.5163
      vertex 14.4500 19.0000 7.4526
    endloop
  endfacet
  facet normal 0.442289 0.000000 -0.896873
    outer loop
      vertex 14.4500 22.0000 7.4526
      vertex 14.5790 22.0000 7.5163
      vertex 14.5790 19.0000 7.5163
    endloop
  endfacet
  facet normal 0.659346 0.000000 -0.751840
    outer loop
      vertex 14.2222 22.0000 7.2778
      vertex 14.3304 19.0000 7.3727
      vertex 14.2222 19.0000 7.2778
    endloop
  endfacet
  facet normal 0.659346 0.000000 -0.751840
    outer loop
      vertex 14.2222 22.0000 7.2778
      vertex 14.3304 22.0000 7.3727
      vertex 14.3304 19.0000 7.3727
    endloop
  endfacet
  facet normal 0.321439 0.000000 0.946930
    outer loop
      vertex 14.7153 22.0000 25.4375
      vertex 14.5790 19.0000 25.4837
      vertex 14.7153 19.0000 25.4375
    endloop
  endfacet
  facet normal 0.321439 0.000000 0.946930
    outer loop
      vertex 14.7153 22.0000 25.4375
      vertex 14.5790 22.0000 25.4837
      vertex 14.5790 19.0000 25.4837
    endloop
  endfacet
  facet normal 0.000000 0.000000 -1.000000
    outer loop
      vertex 12.4000 22.0000 0.0000
      vertex 17.6000 19.0000 0.0000
      vertex 12.4000 19.0000 0.0000
    endloop
  endfacet
  facet normal 0.000000 0.000000 -1.000000
    outer loop
      vertex 12.4000 22.0000 0.0000
      vertex 17.6000 22.0000 0.0000
      vertex 17.6000 19.0000 0.0000
    endloop
  endfacet
  facet normal -0.980785 0.000000 0.195090
    outer loop
      vertex 16.0906 22.0000 26.3564
      vertex 16.0625 19.0000 26.2153
      vertex 16.0906 19.0000 26.3564
    endloop
  endfacet
  facet normal -0.980785 0.000000 0.195090
    outer loop
      vertex 16.0906 22.0000 26.3564
      vertex 16.0625 22.0000 26.2153
      vertex 16.0625 19.0000 26.2153
    endloop
  endfacet
  facet normal 0.195090 0.000000 -0.980785
    outer loop
      vertex 14.7153 22.0000 7.5625
      vertex 14.8564 19.0000 7.5906
      vertex 14.7153 19.0000 7.5625
    endloop
  endfacet
  facet normal 0.195090 0.000000 -0.980785
    outer loop
      vertex 14.7153 22.0000 7.5625
      vertex 14.8564 22.0000 7.5906
      vertex 14.8564 19.0000 7.5906
    endloop
  endfacet
  facet normal 0.065403 0.000000 -0.997859
    outer loop
      vertex 14.8564 22.0000 7.5906
      vertex 15.0000 19.0000 7.6000
      vertex 14.8564 19.0000 7.5906
    endloop
  endfacet
  facet normal 0.065403 0.000000 -0.997859
    outer loop
      vertex 14.8564 22.0000 7.5906
      vertex 15.0000 22.0000 7.6000
      vertex 15.0000 19.0000 7.6000
    endloop
  endfacet
  facet normal 0.555570 0.000000 -0.831470
    outer loop
      vertex 14.3304 22.0000 27.3727
      vertex 14.4500 19.0000 27.4526
      vertex 14.3304 19.0000 27.3727
    endloop
  endfacet
  facet normal 0.555570 0.000000 -0.831470
    outer loop
      vertex 14.3304 22.0000 27.3727
      vertex 14.4500 22.0000 27.4526
      vertex 14.4500 19.0000 27.4526
    endloop
  endfacet
  facet normal 0.997859 0.000000 -0.065403
    outer loop
      vertex 13.9000 22.0000 26.5000
      vertex 13.9094 19.0000 26.6436
      vertex 13.9000 19.0000 26.5000
    endloop
  endfacet
  facet normal 0.997859 0.000000 -0.065403
    outer loop
      vertex 13.9000 22.0000 26.5000
      vertex 13.9094 22.0000 26.6436
      vertex 13.9094 19.0000 26.6436
    endloop
  endfacet
  facet normal -0.997859 0.000000 0.065403
    outer loop
      vertex 16.1000 22.0000 6.5000
      vertex 16.0906 19.0000 6.3564
      vertex 16.1000 19.0000 6.5000
    endloop
  endfacet
  facet normal -0.997859 0.000000 0.065403
    outer loop
      vertex 16.1000 22.0000 6.5000
      vertex 16.0906 22.0000 6.3564
      vertex 16.0906 19.0000 6.3564
    endloop
  endfacet
  facet normal 0.555570 0.000000 0.831470
    outer loop
      vertex 14.4500 22.0000 25.5474
      vertex 14.3304 19.0000 25.6273
      vertex 14.4500 19.0000 25.5474
    endloop
  endfacet
  facet normal 0.555570 0.000000 0.831470
    outer loop
      vertex 14.4500 22.0000 25.5474
      vertex 14.3304 22.0000 25.6273
      vertex 14.3304 19.0000 25.6273
    endloop
  endfacet
  facet normal 0.195090 0.000000 0.980785
    outer loop
      vertex 44.8564 22.0000 15.4094
      vertex 44.7153 19.0000 15.4375
      vertex 44.8564 19.0000 15.4094
    endloop
  endfacet
  facet normal 0.195090 0.000000 0.980785
    outer loop
      vertex 44.8564 22.0000 15.4094
      vertex 44.7153 22.0000 15.4375
      vertex 44.7153 19.0000 15.4375
    endloop
  endfacet
  facet normal -0.896873 0.000000 0.442289
    outer loop
      vertex 16.0163 22.0000 26.0790
      vertex 15.9526 19.0000 25.9500
      vertex 16.0163 19.0000 26.0790
    endloop
  endfacet
  facet normal -0.896873 0.000000 0.442289
    outer loop
      vertex 16.0163 22.0000 26.0790
      vertex 15.9526 22.0000 25.9500
      vertex 15.9526 19.0000 25.9500
    endloop
  endfacet
  facet normal -0.659346 0.000000 0.751840
    outer loop
      vertex 45.7778 22.0000 15.7222
      vertex 45.6696 19.0000 15.6273
      vertex 45.7778 19.0000 15.7222
    endloop
  endfacet
  facet normal -0.659346 0.000000 0.751840
    outer loop
      vertex 45.7778 22.0000 15.7222
      vertex 45.6696 22.0000 15.6273
      vertex 45.6696 19.0000 15.6273
    endloop
  endfacet
  facet normal 1.000000 0.000000 0.000000
    outer loop
      vertex 50.0000 22.0000 0.0000
      vertex 50.0000 19.0000 32.0000
      vertex 50.0000 19.0000 0.0000
    endloop
  endfacet
  facet normal 1.000000 0.000000 -0.000000
    outer loop
      vertex 50.0000 22.0000 0.0000
      vertex 50.0000 22.0000 32.0000
      vertex 50.0000 19.0000 32.0000
    endloop
  endfacet
  facet normal -0.946930 -0.000000 -0.321439
    outer loop
      vertex 16.0163 22.0000 26.9210
      vertex 16.0625 19.0000 26.7847
      vertex 16.0163 19.0000 26.9210
    endloop
  endfacet
  facet normal -0.946930 0.000000 -0.321439
    outer loop
      vertex 16.0163 22.0000 26.9210
      vertex 16.0625 22.0000 26.7847
      vertex 16.0625 19.0000 26.7847
    endloop
  endfacet
  facet normal -0.980785 0.000000 0.195090
    outer loop
      vertex 16.0906 22.0000 6.3564
      vertex 16.0625 19.0000 6.2153
      vertex 16.0906 19.0000 6.3564
    endloop
  endfacet
  facet normal -0.980785 0.000000 0.195090
    outer loop
      vertex 16.0906 22.0000 6.3564
      vertex 16.0625 22.0000 6.2153
      vertex 16.0625 19.0000 6.2153
    endloop
  endfacet
  facet normal 0.946930 0.000000 -0.321439
    outer loop
      vertex 13.9375 22.0000 6.7847
      vertex 13.9837 19.0000 6.9210
      vertex 13.9375 19.0000 6.7847
    endloop
  endfacet
  facet normal 0.946930 0.000000 -0.321439
    outer loop
      vertex 13.9375 22.0000 6.7847
      vertex 13.9837 22.0000 6.9210
      vertex 13.9837 19.0000 6.9210
    endloop
  endfacet
  facet normal 0.000000 0.000000 1.000000
    outer loop
      vertex 50.0000 22.0000 32.0000
      vertex 47.6000 19.0000 32.0000
      vertex 50.0000 19.0000 32.0000
    endloop
  endfacet
  facet normal 0.000000 0.000000 1.000000
    outer loop
      vertex 50.0000 22.0000 32.0000
      vertex 47.6000 22.0000 32.0000
      vertex 47.6000 19.0000 32.0000
    endloop
  endfacet
  facet normal -0.065403 -0.000000 -0.997859
    outer loop
      vertex 15.0000 22.0000 7.6000
      vertex 15.1436 19.0000 7.5906
      vertex 15.0000 19.0000 7.6000
    endloop
  endfacet
  facet normal -0.065403 0.000000 -0.997859
    outer loop
      vertex 15.0000 22.0000 7.6000
      vertex 15.1436 22.0000 7.5906
      vertex 15.1436 19.0000 7.5906
    endloop
  endfacet
  facet normal -0.659346 -0.000000 -0.751840
    outer loop
      vertex 15.6696 22.0000 27.3727
      vertex 15.7778 19.0000 27.2778
      vertex 15.6696 19.0000 27.3727
    endloop
  endfacet
  facet normal -0.659346 0.000000 -0.751840
    outer loop
      vertex 15.6696 22.0000 27.3727
      vertex 15.7778 22.0000 27.2778
      vertex 15.7778 19.0000 27.2778
    endloop
  endfacet
  facet normal 0.000000 0.000000 -1.000000
    outer loop
      vertex 42.4000 22.0000 0.0000
      vertex 47.6000 19.0000 0.0000
      vertex 42.4000 19.0000 0.0000
    endloop
  endfacet
  facet normal 0.000000 0.000000 -1.000000
    outer loop
      vertex 42.4000 22.0000 0.0000
      vertex 47.6000 22.0000 0.0000
      vertex 47.6000 19.0000 0.0000
    endloop
  endfacet
  facet normal 0.321439 0.000000 0.946930
    outer loop
      vertex 14.7153 22.0000 5.4375
      vertex 14.5790 19.0000 5.4837
      vertex 14.7153 19.0000 5.4375
    endloop
  endfacet
  facet normal 0.321439 0.000000 0.946930
    outer loop
      vertex 14.7153 22.0000 5.4375
      vertex 14.5790 22.0000 5.4837
      vertex 14.5790 19.0000 5.4837
    endloop
  endfacet
  facet normal -0.442289 0.000000 0.896873
    outer loop
      vertex 45.5500 22.0000 15.5474
      vertex 45.4210 19.0000 15.4837
      vertex 45.5500 19.0000 15.5474
    endloop
  endfacet
  facet normal -0.442289 0.000000 0.896873
    outer loop
      vertex 45.5500 22.0000 15.5474
      vertex 45.4210 22.0000 15.4837
      vertex 45.4210 19.0000 15.4837
    endloop
  endfacet
  facet normal 0.946930 0.000000 -0.321439
    outer loop
      vertex 13.9375 22.0000 26.7847
      vertex 13.9837 19.0000 26.9210
      vertex 13.9375 19.0000 26.7847
    endloop
  endfacet
  facet normal 0.946930 0.000000 -0.321439
    outer loop
      vertex 13.9375 22.0000 26.7847
      vertex 13.9837 22.0000 26.9210
      vertex 13.9837 19.0000 26.9210
    endloop
  endfacet
  facet normal 0.980785 0.000000 -0.195090
    outer loop
      vertex 13.9094 22.0000 26.6436
      vertex 13.9375 19.0000 26.7847
      vertex 13.9094 19.0000 26.6436
    endloop
  endfacet
  facet normal 0.980785 0.000000 -0.195090
    outer loop
      vertex 13.9094 22.0000 26.6436
      vertex 13.9375 22.0000 26.7847
      vertex 13.9375 19.0000 26.7847
    endloop
  endfacet
  facet normal 0.442289 0.000000 0.896873
    outer loop
      vertex 14.5790 22.0000 5.4837
      vertex 14.4500 19.0000 5.5474
      vertex 14.5790 19.0000 5.4837
    endloop
  endfacet
  facet normal 0.442289 0.000000 0.896873
    outer loop
      vertex 14.5790 22.0000 5.4837
      vertex 14.4500 22.0000 5.5474
      vertex 14.4500 19.0000 5.5474
    endloop
  endfacet
  facet normal -0.896873 -0.000000 -0.442289
    outer loop
      vertex 15.9526 22.0000 27.0500
      vertex 16.0163 19.0000 26.9210
      vertex 15.9526 19.0000 27.0500
    endloop
  endfacet
  facet normal -0.896873 0.000000 -0.442289
    outer loop
      vertex 15.9526 22.0000 27.0500
      vertex 16.0163 22.0000 26.9210
      vertex 16.0163 19.0000 26.9210
    endloop
  endfacet
  facet normal 0.555570 0.000000 -0.831470
    outer loop
      vertex 44.3304 22.0000 17.3727
      vertex 44.4500 19.0000 17.4526
      vertex 44.3304 19.0000 17.3727
    endloop
  endfacet
  facet normal 0.555570 0.000000 -0.831470
    outer loop
      vertex 44.3304 22.0000 17.3727
      vertex 44.4500 22.0000 17.4526
      vertex 44.4500 19.0000 17.4526
    endloop
  endfacet
  facet normal -0.751840 0.000000 0.659346
    outer loop
      vertex 15.8727 22.0000 5.8304
      vertex 15.7778 19.0000 5.7222
      vertex 15.8727 19.0000 5.8304
    endloop
  endfacet
  facet normal -0.751840 0.000000 0.659346
    outer loop
      vertex 15.8727 22.0000 5.8304
      vertex 15.7778 22.0000 5.7222
      vertex 15.7778 19.0000 5.7222
    endloop
  endfacet
  facet normal -0.946930 0.000000 0.321439
    outer loop
      vertex 16.0625 22.0000 26.2153
      vertex 16.0163 19.0000 26.0790
      vertex 16.0625 19.0000 26.2153
    endloop
  endfacet
  facet normal -0.946930 0.000000 0.321439
    outer loop
      vertex 16.0625 22.0000 26.2153
      vertex 16.0163 22.0000 26.0790
      vertex 16.0163 19.0000 26.0790
    endloop
  endfacet
  facet normal -0.896873 -0.000000 -0.442289
    outer loop
      vertex 45.9526 22.0000 17.0500
      vertex 46.0163 19.0000 16.9210
      vertex 45.9526 19.0000 17.0500
    endloop
  endfacet
  facet normal -0.896873 0.000000 -0.442289
    outer loop
      vertex 45.9526 22.0000 17.0500
      vertex 46.0163 22.0000 16.9210
      vertex 46.0163 19.0000 16.9210
    endloop
  endfacet
  facet normal 0.946930 0.000000 0.321439
    outer loop
      vertex 13.9837 22.0000 6.0790
      vertex 13.9375 19.0000 6.2153
      vertex 13.9837 19.0000 6.0790
    endloop
  endfacet
  facet normal 0.946930 0.000000 0.321439
    outer loop
      vertex 13.9837 22.0000 6.0790
      vertex 13.9375 22.0000 6.2153
      vertex 13.9375 19.0000 6.2153
    endloop
  endfacet
  facet normal 0.659346 0.000000 -0.751840
    outer loop
      vertex 44.2222 22.0000 17.2778
      vertex 44.3304 19.0000 17.3727
      vertex 44.2222 19.0000 17.2778
    endloop
  endfacet
  facet normal 0.659346 0.000000 -0.751840
    outer loop
      vertex 44.2222 22.0000 17.2778
      vertex 44.3304 22.0000 17.3727
      vertex 44.3304 19.0000 17.3727
    endloop
  endfacet
  facet normal 0.555570 0.000000 -0.831470
    outer loop
      vertex 14.3304 22.0000 7.3727
      vertex 14.4500 19.0000 7.4526
      vertex 14.3304 19.0000 7.3727
    endloop
  endfacet
  facet normal 0.555570 0.000000 -0.831470
    outer loop
      vertex 14.3304 22.0000 7.3727
      vertex 14.4500 22.0000 7.4526
      vertex 14.4500 19.0000 7.4526
    endloop
  endfacet
  facet normal -0.065403 -0.000000 -0.997859
    outer loop
      vertex 45.0000 22.0000 17.6000
      vertex 45.1436 19.0000 17.5906
      vertex 45.0000 19.0000 17.6000
    endloop
  endfacet
  facet normal -0.065403 0.000000 -0.997859
    outer loop
      vertex 45.0000 22.0000 17.6000
      vertex 45.1436 22.0000 17.5906
      vertex 45.1436 19.0000 17.5906
    endloop
  endfacet
  facet normal -0.442289 -0.000000 -0.896873
    outer loop
      vertex 45.4210 22.0000 17.5163
      vertex 45.5500 19.0000 17.4526
      vertex 45.4210 19.0000 17.5163
    endloop
  endfacet
  facet normal -0.442289 0.000000 -0.896873
    outer loop
      vertex 45.4210 22.0000 17.5163
      vertex 45.5500 22.0000 17.4526
      vertex 45.5500 19.0000 17.4526
    endloop
  endfacet
  facet normal -0.946930 0.000000 0.321439
    outer loop
      vertex 16.0625 22.0000 6.2153
      vertex 16.0163 19.0000 6.0790
      vertex 16.0625 19.0000 6.2153
    endloop
  endfacet
  facet normal -0.946930 0.000000 0.321439
    outer loop
      vertex 16.0625 22.0000 6.2153
      vertex 16.0163 22.0000 6.0790
      vertex 16.0163 19.0000 6.0790
    endloop
  endfacet
  facet normal -0.980785 -0.000000 -0.195090
    outer loop
      vertex 16.0625 22.0000 26.7847
      vertex 16.0906 19.0000 26.6436
      vertex 16.0625 19.0000 26.7847
    endloop
  endfacet
  facet normal -0.980785 0.000000 -0.195090
    outer loop
      vertex 16.0625 22.0000 26.7847
      vertex 16.0906 22.0000 26.6436
      vertex 16.0906 19.0000 26.6436
    endloop
  endfacet
  facet normal -0.997859 0.000000 0.065403
    outer loop
      vertex 16.1000 22.0000 26.5000
      vertex 16.0906 19.0000 26.3564
      vertex 16.1000 19.0000 26.5000
    endloop
  endfacet
  facet normal -0.997859 0.000000 0.065403
    outer loop
      vertex 16.1000 22.0000 26.5000
      vertex 16.0906 22.0000 26.3564
      vertex 16.0906 19.0000 26.3564
    endloop
  endfacet
  facet normal 0.751840 0.000000 -0.659346
    outer loop
      vertex 14.1273 22.0000 27.1696
      vertex 14.2222 19.0000 27.2778
      vertex 14.1273 19.0000 27.1696
    endloop
  endfacet
  facet normal 0.751840 0.000000 -0.659346
    outer loop
      vertex 14.1273 22.0000 27.1696
      vertex 14.2222 22.0000 27.2778
      vertex 14.2222 19.0000 27.2778
    endloop
  endfacet
  facet normal 0.442289 0.000000 0.896873
    outer loop
      vertex 44.5790 22.0000 15.4837
      vertex 44.4500 19.0000 15.5474
      vertex 44.5790 19.0000 15.4837
    endloop
  endfacet
  facet normal 0.442289 0.000000 0.896873
    outer loop
      vertex 44.5790 22.0000 15.4837
      vertex 44.4500 22.0000 15.5474
      vertex 44.4500 19.0000 15.5474
    endloop
  endfacet
  facet normal 0.442289 0.000000 0.896873
    outer loop
      vertex 14.5790 22.0000 25.4837
      vertex 14.4500 19.0000 25.5474
      vertex 14.5790 19.0000 25.4837
    endloop
  endfacet
  facet normal 0.442289 0.000000 0.896873
    outer loop
      vertex 14.5790 22.0000 25.4837
      vertex 14.4500 22.0000 25.5474
      vertex 14.4500 19.0000 25.5474
    endloop
  endfacet
  facet normal 0.659346 0.000000 0.751840
    outer loop
      vertex 44.3304 22.0000 15.6273
      vertex 44.2222 19.0000 15.7222
      vertex 44.3304 19.0000 15.6273
    endloop
  endfacet
  facet normal 0.659346 0.000000 0.751840
    outer loop
      vertex 44.3304 22.0000 15.6273
      vertex 44.2222 22.0000 15.7222
      vertex 44.2222 19.0000 15.7222
    endloop
  endfacet
  facet normal 0.831470 0.000000 -0.555570
    outer loop
      vertex 14.0474 22.0000 27.0500
      vertex 14.1273 19.0000 27.1696
      vertex 14.0474 19.0000 27.0500
    endloop
  endfacet
  facet normal 0.831470 0.000000 -0.555570
    outer loop
      vertex 14.0474 22.0000 27.0500
      vertex 14.1273 22.0000 27.1696
      vertex 14.1273 19.0000 27.1696
    endloop
  endfacet
  facet normal -0.321439 -0.000000 -0.946930
    outer loop
      vertex 15.2847 22.0000 7.5625
      vertex 15.4210 19.0000 7.5163
      vertex 15.2847 19.0000 7.5625
    endloop
  endfacet
  facet normal -0.321439 0.000000 -0.946930
    outer loop
      vertex 15.2847 22.0000 7.5625
      vertex 15.4210 22.0000 7.5163
      vertex 15.4210 19.0000 7.5163
    endloop
  endfacet
  facet normal -0.896873 -0.000000 -0.442289
    outer loop
      vertex 15.9526 22.0000 7.0500
      vertex 16.0163 19.0000 6.9210
      vertex 15.9526 19.0000 7.0500
    endloop
  endfacet
  facet normal -0.896873 0.000000 -0.442289
    outer loop
      vertex 15.9526 22.0000 7.0500
      vertex 16.0163 22.0000 6.9210
      vertex 16.0163 19.0000 6.9210
    endloop
  endfacet
  facet normal -0.442289 0.000000 0.896873
    outer loop
      vertex 15.5500 22.0000 25.5474
      vertex 15.4210 19.0000 25.4837
      vertex 15.5500 19.0000 25.5474
    endloop
  endfacet
  facet normal -0.442289 0.000000 0.896873
    outer loop
      vertex 15.5500 22.0000 25.5474
      vertex 15.4210 22.0000 25.4837
      vertex 15.4210 19.0000 25.4837
    endloop
  endfacet
  facet normal 0.980785 0.000000 0.195090
    outer loop
      vertex 13.9375 22.0000 6.2153
      vertex 13.9094 19.0000 6.3564
      vertex 13.9375 19.0000 6.2153
    endloop
  endfacet
  facet normal 0.980785 0.000000 0.195090
    outer loop
      vertex 13.9375 22.0000 6.2153
      vertex 13.9094 22.0000 6.3564
      vertex 13.9094 19.0000 6.3564
    endloop
  endfacet
  facet normal -0.980785 0.000000 0.195090
    outer loop
      vertex 46.0906 22.0000 16.3564
      vertex 46.0625 19.0000 16.2153
      vertex 46.0906 19.0000 16.3564
    endloop
  endfacet
  facet normal -0.980785 0.000000 0.195090
    outer loop
      vertex 46.0906 22.0000 16.3564
      vertex 46.0625 22.0000 16.2153
      vertex 46.0625 19.0000 16.2153
    endloop
  endfacet
  facet normal 0.980785 0.000000 -0.195090
    outer loop
      vertex 43.9094 22.0000 16.6436
      vertex 43.9375 19.0000 16.7847
      vertex 43.9094 19.0000 16.6436
    endloop
  endfacet
  facet normal 0.980785 0.000000 -0.195090
    outer loop
      vertex 43.9094 22.0000 16.6436
      vertex 43.9375 22.0000 16.7847
      vertex 43.9375 19.0000 16.7847
    endloop
  endfacet
  facet normal 0.065403 0.000000 0.997859
    outer loop
      vertex 15.0000 22.0000 25.4000
      vertex 14.8564 19.0000 25.4094
      vertex 15.0000 19.0000 25.4000
    endloop
  endfacet
  facet normal 0.065403 0.000000 0.997859
    outer loop
      vertex 15.0000 22.0000 25.4000
      vertex 14.8564 22.0000 25.4094
      vertex 14.8564 19.0000 25.4094
    endloop
  endfacet
  facet normal 0.065403 0.000000 -0.997859
    outer loop
      vertex 44.8564 22.0000 17.5906
      vertex 45.0000 19.0000 17.6000
      vertex 44.8564 19.0000 17.5906
    endloop
  endfacet
  facet normal 0.065403 0.000000 -0.997859
    outer loop
      vertex 44.8564 22.0000 17.5906
      vertex 45.0000 22.0000 17.6000
      vertex 45.0000 19.0000 17.6000
    endloop
  endfacet
  facet normal -0.980785 -0.000000 -0.195090
    outer loop
      vertex 16.0625 22.0000 6.7847
      vertex 16.0906 19.0000 6.6436
      vertex 16.0625 19.0000 6.7847
    endloop
  endfacet
  facet normal -0.980785 0.000000 -0.195090
    outer loop
      vertex 16.0625 22.0000 6.7847
      vertex 16.0906 22.0000 6.6436
      vertex 16.0906 19.0000 6.6436
    endloop
  endfacet
  facet normal -0.321439 -0.000000 -0.946930
    outer loop
      vertex 15.2847 22.0000 27.5625
      vertex 15.4210 19.0000 27.5163
      vertex 15.2847 19.0000 27.5625
    endloop
  endfacet
  facet normal -0.321439 0.000000 -0.946930
    outer loop
      vertex 15.2847 22.0000 27.5625
      vertex 15.4210 22.0000 27.5163
      vertex 15.4210 19.0000 27.5163
    endloop
  endfacet
  facet normal 0.831470 0.000000 -0.555570
    outer loop
      vertex 44.0474 22.0000 17.0500
      vertex 44.1273 19.0000 17.1696
      vertex 44.0474 19.0000 17.0500
    endloop
  endfacet
  facet normal 0.831470 0.000000 -0.555570
    outer loop
      vertex 44.0474 22.0000 17.0500
      vertex 44.1273 22.0000 17.1696
      vertex 44.1273 19.0000 17.1696
    endloop
  endfacet
  facet normal -0.442289 -0.000000 -0.896873
    outer loop
      vertex 15.4210 22.0000 27.5163
      vertex 15.5500 19.0000 27.4526
      vertex 15.4210 19.0000 27.5163
    endloop
  endfacet
  facet normal -0.442289 0.000000 -0.896873
    outer loop
      vertex 15.4210 22.0000 27.5163
      vertex 15.5500 22.0000 27.4526
      vertex 15.5500 19.0000 27.4526
    endloop
  endfacet
  facet normal 0.000000 0.000000 1.000000
    outer loop
      vertex 0.0000 0.0000 32.0000
      vertex 50.0000 0.0000 32.0000
      vertex 25.0000 11.0000 32.0000
    endloop
  endfacet
  facet normal 0.000000 -0.000000 1.000000
    outer loop
      vertex 50.0000 0.0000 32.0000
      vertex 50.0000 22.0000 32.0000
      vertex 25.0000 11.0000 32.0000
    endloop
  endfacet
  facet normal 0.000000 0.000000 1.000000
    outer loop
      vertex 50.0000 22.0000 32.0000
      vertex 0.0000 22.0000 32.0000
      vertex 25.0000 11.0000 32.0000
    endloop
  endfacet
  facet normal 0.000000 0.000000 1.000000
    outer loop
      vertex 0.0000 22.0000 32.0000
      vertex 0.0000 0.0000 32.0000
      vertex 25.0000 11.0000 32.0000
    endloop
  endfacet
  facet normal 0.000000 -0.000000 -1.000000
    outer loop
      vertex 25.0000 11.0000 29.0000
      vertex 50.0000 0.0000 29.0000
      vertex 0.0000 0.0000 29.0000
    endloop
  endfacet
  facet normal 0.000000 0.000000 -1.000000
    outer loop
      vertex 25.0000 11.0000 29.0000
      vertex 50.0000 22.0000 29.0000
      vertex 50.0000 0.0000 29.0000
    endloop
  endfacet
  facet normal 0.000000 0.000000 -1.000000
    outer loop
      vertex 25.0000 11.0000 29.0000
      vertex 0.0000 22.0000 29.0000
      vertex 50.0000 22.0000 29.0000
    endloop
  endfacet
  facet normal -0.000000 0.000000 -1.000000
    outer loop
      vertex 25.0000 11.0000 29.0000
      vertex 0.0000 0.0000 29.0000
      vertex 0.0000 22.0000 29.0000
    endloop
  endfacet
  facet normal 1.000000 0.000000 0.000000
    outer loop
      vertex 50.0000 0.0000 32.0000
      vertex 50.0000 0.0000 29.0000
      vertex 50.0000 22.0000 29.0000
    endloop
  endfacet
  facet normal 1.000000 -0.000000 0.000000
    outer loop
      vertex 50.0000 0.0000 32.0000
      vertex 50.0000 22.0000 29.0000
      vertex 50.0000 22.0000 32.0000
    endloop
  endfacet
  facet normal -1.000000 0.000000 -0.000000
    outer loop
      vertex 0.0000 22.0000 32.0000
      vertex 0.0000 22.0000 29.0000
      vertex 0.0000 0.0000 29.0000
    endloop
  endfacet
  facet normal -1.000000 -0.000000 0.000000
    outer loop
      vertex 0.0000 22.0000 32.0000
      vertex 0.0000 0.0000 29.0000
      vertex 0.0000 0.0000 32.0000
    endloop
  endfacet
  facet normal 0.000000 -1.000000 0.000000
    outer loop
      vertex 0.0000 0.0000 32.0000
      vertex 0.0000 0.0000 29.0000
      vertex 50.0000 0.0000 29.0000
    endloop
  endfacet
  facet normal 0.000000 -1.000000 0.000000
    outer loop
      vertex 0.0000 0.0000 32.0000
      vertex 50.0000 0.0000 29.0000
      vertex 50.0000 0.0000 32.0000
    endloop
  endfacet
  facet normal 0.000000 1.000000 0.000000
    outer loop
      vertex 50.0000 22.0000 32.0000
      vertex 50.0000 22.0000 29.0000
      vertex 0.0000 22.0000 29.0000
    endloop
  endfacet
  facet normal 0.000000 1.000000 0.000000
    outer loop
      vertex 50.0000 22.0000 32.0000
      vertex 0.0000 22.0000 29.0000
      vertex 0.0000 22.0000 32.0000
    endloop
  endfacet
endsolid pir_bracket
