solid vision_cradle
  facet normal 0.000000 0.000000 1.000000
    outer loop
      vertex 0.0000 0.0000 3.0000
      vertex 6.5000 0.0000 3.0000
      vertex 5.0556 23.8956 3.0000
    endloop
  endfacet
  facet normal 0.000000 -0.000000 1.000000
    outer loop
      vertex 6.5000 0.0000 3.0000
      vertex 6.5000 9.6500 3.0000
      vertex 5.0556 23.8956 3.0000
    endloop
  endfacet
  facet normal 0.000000 -0.000000 1.000000
    outer loop
      vertex 6.5000 9.6500 3.0000
      vertex 6.5000 14.3500 3.0000
      vertex 5.0556 23.8956 3.0000
    endloop
  endfacet
  facet normal 0.000000 -0.000000 1.000000
    outer loop
      vertex 6.5000 14.3500 3.0000
      vertex 6.5000 22.0000 3.0000
      vertex 5.0556 23.8956 3.0000
    endloop
  endfacet
  facet normal 0.000000 -0.000000 1.000000
    outer loop
      vertex 6.5000 22.0000 3.0000
      vertex 6.5000 29.6500 3.0000
      vertex 5.0556 23.8956 3.0000
    endloop
  endfacet
  facet normal 0.000000 -0.000000 1.000000
    outer loop
      vertex 6.5000 29.6500 3.0000
      vertex 6.5000 34.3500 3.0000
      vertex 5.0556 23.8956 3.0000
    endloop
  endfacet
  facet normal 0.000000 -0.000000 1.000000
    outer loop
      vertex 6.5000 34.3500 3.0000
      vertex 6.5000 52.5300 3.0000
      vertex 5.0556 23.8956 3.0000
    endloop
  endfacet
  facet normal 0.000000 0.000000 1.000000
    outer loop
      vertex 6.5000 52.5300 3.0000
      vertex 0.0000 52.5300 3.0000
      vertex 5.0556 23.8956 3.0000
    endloop
  endfacet
  facet normal 0.000000 0.000000 1.000000
    outer loop
      vertex 0.0000 52.5300 3.0000
      vertex 0.0000 0.0000 3.0000
      vertex 5.0556 23.8956 3.0000
    endloop
  endfacet
  facet normal 0.000000 0.000000 1.000000
    outer loop
      vertex 6.5000 0.0000 3.0000
      vertex 11.2000 0.0000 3.0000
      vertex 8.8500 4.8250 3.0000
    endloop
  endfacet
  facet normal 0.000000 -0.000000 1.000000
    outer loop
      vertex 11.2000 0.0000 3.0000
      vertex 11.2000 9.6500 3.0000
      vertex 8.8500 4.8250 3.0000
    endloop
  endfacet
  facet normal 0.000000 0.000000 1.000000
    outer loop
      vertex 11.2000 9.6500 3.0000
      vertex 6.5000 9.6500 3.0000
      vertex 8.8500 4.8250 3.0000
    endloop
  endfacet
  facet normal 0.000000 0.000000 1.000000
    outer loop
      vertex 6.5000 9.6500 3.0000
      vertex 6.5000 0.0000 3.0000
      vertex 8.8500 4.8250 3.0000
    endloop
  endfacet
  facet normal 0.000000 0.000000 1.000000
    outer loop
      vertex 6.5000 9.6500 3.0000
      vertex 8.3326 11.3256 3.0000
      vertex 8.2490 11.3990 3.0000
    endloop
  endfacet
  facet normal 0.000000 0.000000 1.000000
    outer loop
      vertex 6.5000 9.6500 3.0000
      vertex 8.4250 11.2639 3.0000
      vertex 8.3326 11.3256 3.0000
    endloop
  endfacet
  facet normal 0.000000 0.000000 1.000000
    outer loop
      vertex 6.5000 9.6500 3.0000
      vertex 8.5247 11.2147 3.0000
      vertex 8.4250 11.2639 3.0000
    endloop
  endfacet
  facet normal 0.000000 0.000000 1.000000
    outer loop
      vertex 6.5000 9.6500 3.0000
      vertex 8.6300 11.1790 3.0000
      vertex 8.5247 11.2147 3.0000
    endloop
  endfacet
  facet normal 0.000000 0.000000 1.000000
    outer loop
      vertex 6.5000 9.6500 3.0000
      vertex 8.7391 11.1573 3.0000
      vertex 8.6300 11.1790 3.0000
    endloop
  endfacet
  facet normal 0.000000 0.000000 1.000000
    outer loop
      vertex 6.5000 9.6500 3.0000
      vertex 8.8500 11.1500 3.0000
      vertex 8.7391 11.1573 3.0000
    endloop
  endfacet
  facet normal 0.000000 0.000000 1.000000
    outer loop
      vertex 6.5000 9.6500 3.0000
      vertex 8.9609 11.1573 3.0000
      vertex 8.8500 11.1500 3.0000
    endloop
  endfacet
  facet normal 0.000000 0.000000 1.000000
    outer loop
      vertex 6.5000 9.6500 3.0000
      vertex 9.0700 11.1790 3.0000
      vertex 8.9609 11.1573 3.0000
    endloop
  endfacet
  facet normal 0.000000 0.000000 1.000000
    outer loop
      vertex 6.5000 9.6500 3.0000
      vertex 9.1753 11.2147 3.0000
      vertex 9.0700 11.1790 3.0000
    endloop
  endfacet
  facet normal 0.000000 0.000000 1.000000
    outer loop
      vertex 6.5000 9.6500 3.0000
      vertex 9.2750 11.2639 3.0000
      vertex 9.1753 11.2147 3.0000
    endloop
  endfacet
  facet normal 0.000000 0.000000 -1.000000
    outer loop
      vertex 6.5000 9.6500 3.0000
      vertex 9.3674 11.3256 3.0000
      vertex 9.2750 11.2639 3.0000
    endloop
  endfacet
  facet normal 0.000000 0.000000 1.000000
    outer loop
      vertex 6.5000 9.6500 3.0000
      vertex 11.2000 9.6500 3.0000
      vertex 9.3674 11.3256 3.0000
    endloop
  endfacet
  facet normal 0.000000 0.000000 1.000000
    outer loop
      vertex 11.2000 9.6500 3.0000
      vertex 9.4510 11.3990 3.0000
      vertex 9.3674 11.3256 3.0000
    endloop
  endfacet
  facet normal 0.000000 0.000000 1.000000
    outer loop
      vertex 11.2000 9.6500 3.0000
      vertex 9.5244 11.4826 3.0000
      vertex 9.4510 11.3990 3.0000
    endloop
  endfacet
  facet normal 0.000000 0.000000 1.000000
    outer loop
      vertex 11.2000 9.6500 3.0000
      vertex 9.5861 11.5750 3.0000
      vertex 9.5244 11.4826 3.0000
    endloop
  endfacet
  facet normal 0.000000 0.000000 1.000000
    outer loop
      vertex 11.2000 9.6500 3.0000
      vertex 9.6353 11.6747 3.0000
      vertex 9.5861 11.5750 3.0000
    endloop
  endfacet
  facet normal 0.000000 0.000000 1.000000
    outer loop
      vertex 11.2000 9.6500 3.0000
      vertex 9.6710 11.7800 3.0000
      vertex 9.6353 11.6747 3.0000
    endloop
  endfacet
  facet normal 0.000000 0.000000 1.000000
    outer loop
      vertex 11.2000 9.6500 3.0000
      vertex 9.6927 11.8891 3.0000
      vertex 9.6710 11.7800 3.0000
    endloop
  endfacet
  facet normal 0.000000 0.000000 1.000000
    outer loop
      vertex 11.2000 9.6500 3.0000
      vertex 9.7000 12.0000 3.0000
      vertex 9.6927 11.8891 3.0000
    endloop
  endfacet
  facet normal 0.000000 0.000000 1.000000
    outer loop
      vertex 11.2000 9.6500 3.0000
      vertex 9.6927 12.1109 3.0000
      vertex 9.7000 12.0000 3.0000
    endloop
  endfacet
  facet normal 0.000000 0.000000 1.000000
    outer loop
      vertex 11.2000 9.6500 3.0000
      vertex 9.6710 12.2200 3.0000
      vertex 9.6927 12.1109 3.0000
    endloop
  endfacet
  facet normal 0.000000 0.000000 1.000000
    outer loop
      vertex 11.2000 9.6500 3.0000
      vertex 9.6353 12.3253 3.0000
      vertex 9.6710 12.2200 3.0000
    endloop
  endfacet
  facet normal 0.000000 0.000000 1.000000
    outer loop
      vertex 11.2000 9.6500 3.0000
      vertex 9.5861 12.4250 3.0000
      vertex 9.6353 12.3253 3.0000
    endloop
  endfacet
  facet normal 0.000000 0.000000 -1.000000
    outer loop
      vertex 11.2000 9.6500 3.0000
      vertex 9.5244 12.5174 3.0000
      vertex 9.5861 12.4250 3.0000
    endloop
  endfacet
  facet normal 0.000000 -0.000000 1.000000
    outer loop
      vertex 11.2000 9.6500 3.0000
      vertex 11.2000 14.3500 3.0000
      vertex 9.5244 12.5174 3.0000
    endloop
  endfacet
  facet normal 0.000000 0.000000 1.000000
    outer loop
      vertex 11.2000 14.3500 3.0000
      vertex 9.4510 12.6010 3.0000
      vertex 9.5244 12.5174 3.0000
    endloop
  endfacet
  facet normal 0.000000 0.000000 1.000000
    outer loop
      vertex 11.2000 14.3500 3.0000
      vertex 9.3674 12.6744 3.0000
      vertex 9.4510 12.6010 3.0000
    endloop
  endfacet
  facet normal 0.000000 0.000000 1.000000
    outer loop
      vertex 11.2000 14.3500 3.0000
      vertex 9.2750 12.7361 3.0000
      vertex 9.3674 12.6744 3.0000
    endloop
  endfacet
  facet normal 0.000000 0.000000 1.000000
    outer loop
      vertex 11.2000 14.3500 3.0000
      vertex 9.1753 12.7853 3.0000
      vertex 9.2750 12.7361 3.0000
    endloop
  endfacet
  facet normal 0.000000 0.000000 1.000000
    outer loop
      vertex 11.2000 14.3500 3.0000
      vertex 9.0700 12.8210 3.0000
      vertex 9.1753 12.7853 3.0000
    endloop
  endfacet
  facet normal 0.000000 0.000000 1.000000
    outer loop
      vertex 11.2000 14.3500 3.0000
      vertex 8.9609 12.8427 3.0000
      vertex 9.0700 12.8210 3.0000
    endloop
  endfacet
  facet normal 0.000000 0.000000 1.000000
    outer loop
      vertex 11.2000 14.3500 3.0000
      vertex 8.8500 12.8500 3.0000
      vertex 8.9609 12.8427 3.0000
    endloop
  endfacet
  facet normal 0.000000 0.000000 1.000000
    outer loop
      vertex 11.2000 14.3500 3.0000
      vertex 8.7391 12.8427 3.0000
      vertex 8.8500 12.8500 3.0000
    endloop
  endfacet
  facet normal 0.000000 0.000000 1.000000
    outer loop
      vertex 11.2000 14.3500 3.0000
      vertex 8.6300 12.8210 3.0000
      vertex 8.7391 12.8427 3.0000
    endloop
  endfacet
  facet normal 0.000000 0.000000 1.000000
    outer loop
      vertex 11.2000 14.3500 3.0000
      vertex 8.5247 12.7853 3.0000
      vertex 8.6300 12.8210 3.0000
    endloop
  endfacet
  facet normal 0.000000 0.000000 1.000000
    outer loop
      vertex 11.2000 14.3500 3.0000
      vertex 8.4250 12.7361 3.0000
      vertex 8.5247 12.7853 3.0000
    endloop
  endfacet
  facet normal 0.000000 0.000000 -1.000000
    outer loop
      vertex 11.2000 14.3500 3.0000
      vertex 8.3326 12.6744 3.0000
      vertex 8.4250 12.7361 3.0000
    endloop
  endfacet
  facet normal 0.000000 0.000000 1.000000
    outer loop
      vertex 11.2000 14.3500 3.0000
      vertex 6.5000 14.3500 3.0000
      vertex 8.3326 12.6744 3.0000
    endloop
  endfacet
  facet normal 0.000000 0.000000 1.000000
    outer loop
      vertex 6.5000 14.3500 3.0000
      vertex 8.2490 12.6010 3.0000
      vertex 8.3326 12.6744 3.0000
    endloop
  endfacet
  facet normal 0.000000 0.000000 1.000000
    outer loop
      vertex 6.5000 14.3500 3.0000
      vertex 8.1756 12.5174 3.0000
      vertex 8.2490 12.6010 3.0000
    endloop
  endfacet
  facet normal 0.000000 0.000000 1.000000
    outer loop
      vertex 6.5000 14.3500 3.0000
      vertex 8.1139 12.4250 3.0000
      vertex 8.1756 12.5174 3.0000
    endloop
  endfacet
  facet normal 0.000000 0.000000 1.000000
    outer loop
      vertex 6.5000 14.3500 3.0000
      vertex 8.0647 12.3253 3.0000
      vertex 8.1139 12.4250 3.0000
    endloop
  endfacet
  facet normal 0.000000 0.000000 1.000000
    outer loop
      vertex 6.5000 14.3500 3.0000
      vertex 8.0290 12.2200 3.0000
      vertex 8.0647 12.3253 3.0000
    endloop
  endfacet
  facet normal 0.000000 0.000000 1.000000
    outer loop
      vertex 6.5000 14.3500 3.0000
      vertex 8.0073 12.1109 3.0000
      vertex 8.0290 12.2200 3.0000
    endloop
  endfacet
  facet normal 0.000000 0.000000 1.000000
    outer loop
      vertex 6.5000 14.3500 3.0000
      vertex 8.0000 12.0000 3.0000
      vertex 8.0073 12.1109 3.0000
    endloop
  endfacet
  facet normal 0.000000 0.000000 1.000000
    outer loop
      vertex 6.5000 14.3500 3.0000
      vertex 8.0073 11.8891 3.0000
      vertex 8.0000 12.0000 3.0000
    endloop
  endfacet
  facet normal 0.000000 0.000000 1.000000
    outer loop
      vertex 6.5000 14.3500 3.0000
      vertex 8.0290 11.7800 3.0000
      vertex 8.0073 11.8891 3.0000
    endloop
  endfacet
  facet normal 0.000000 0.000000 1.000000
    outer loop
      vertex 6.5000 14.3500 3.0000
      vertex 8.0647 11.6747 3.0000
      vertex 8.0290 11.7800 3.0000
    endloop
  endfacet
  facet normal 0.000000 0.000000 1.000000
    outer loop
      vertex 6.5000 14.3500 3.0000
      vertex 8.1139 11.5750 3.0000
      vertex 8.0647 11.6747 3.0000
    endloop
  endfacet
  facet normal 0.000000 0.000000 -1.000000
    outer loop
      vertex 6.5000 14.3500 3.0000
      vertex 8.1756 11.4826 3.0000
      vertex 8.1139 11.5750 3.0000
    endloop
  endfacet
  facet normal 0.000000 0.000000 1.000000
    outer loop
      vertex 6.5000 14.3500 3.0000
      vertex 6.5000 9.6500 3.0000
      vertex 8.1756 11.4826 3.0000
    endloop
  endfacet
  facet normal 0.000000 0.000000 1.000000
    outer loop
      vertex 6.5000 9.6500 3.0000
      vertex 8.2490 11.3990 3.0000
      vertex 8.1756 11.4826 3.0000
    endloop
  endfacet
  facet normal 0.000000 0.000000 1.000000
    outer loop
      vertex 6.5000 14.3500 3.0000
      vertex 11.2000 14.3500 3.0000
      vertex 8.8500 18.1750 3.0000
    endloop
  endfacet
  facet normal 0.000000 -0.000000 1.000000
    outer loop
      vertex 11.2000 14.3500 3.0000
      vertex 11.2000 22.0000 3.0000
      vertex 8.8500 18.1750 3.0000
    endloop
  endfacet
  facet normal 0.000000 0.000000 1.000000
    outer loop
      vertex 11.2000 22.0000 3.0000
      vertex 6.5000 22.0000 3.0000
      vertex 8.8500 18.1750 3.0000
    endloop
  endfacet
  facet normal 0.000000 0.000000 1.000000
    outer loop
      vertex 6.5000 22.0000 3.0000
      vertex 6.5000 14.3500 3.0000
      vertex 8.8500 18.1750 3.0000
    endloop
  endfacet
  facet normal 0.000000 0.000000 1.000000
    outer loop
      vertex 6.5000 22.0000 3.0000
      vertex 11.2000 22.0000 3.0000
      vertex 8.8500 25.8250 3.0000
    endloop
  endfacet
  facet normal 0.000000 -0.000000 1.000000
    outer loop
      vertex 11.2000 22.0000 3.0000
      vertex 11.2000 29.6500 3.0000
      vertex 8.8500 25.8250 3.0000
    endloop
  endfacet
  facet normal 0.000000 0.000000 1.000000
    outer loop
      vertex 11.2000 29.6500 3.0000
      vertex 6.5000 29.6500 3.0000
      vertex 8.8500 25.8250 3.0000
    endloop
  endfacet
  facet normal 0.000000 0.000000 1.000000
    outer loop
      vertex 6.5000 29.6500 3.0000
      vertex 6.5000 22.0000 3.0000
      vertex 8.8500 25.8250 3.0000
    endloop
  endfacet
  facet normal 0.000000 0.000000 1.000000
    outer loop
      vertex 6.5000 29.6500 3.0000
      vertex 8.4250 31.2639 3.0000
      vertex 8.3326 31.3256 3.0000
    endloop
  endfacet
  facet normal 0.000000 0.000000 1.000000
    outer loop
      vertex 6.5000 29.6500 3.0000
      vertex 8.5247 31.2147 3.0000
      vertex 8.4250 31.2639 3.0000
    endloop
  endfacet
  facet normal 0.000000 0.000000 1.000000
    outer loop
      vertex 6.5000 29.6500 3.0000
      vertex 8.6300 31.1790 3.0000
      vertex 8.5247 31.2147 3.0000
    endloop
  endfacet
  facet normal 0.000000 0.000000 1.000000
    outer loop
      vertex 6.5000 29.6500 3.0000
      vertex 8.7391 31.1573 3.0000
      vertex 8.6300 31.1790 3.0000
    endloop
  endfacet
  facet normal 0.000000 0.000000 1.000000
    outer loop
      vertex 6.5000 29.6500 3.0000
      vertex 8.8500 31.1500 3.0000
      vertex 8.7391 31.1573 3.0000
    endloop
  endfacet
  facet normal 0.000000 0.000000 1.000000
    outer loop
      vertex 6.5000 29.6500 3.0000
      vertex 8.9609 31.1573 3.0000
      vertex 8.8500 31.1500 3.0000
    endloop
  endfacet
  facet normal 0.000000 0.000000 1.000000
    outer loop
      vertex 6.5000 29.6500 3.0000
      vertex 9.0700 31.1790 3.0000
      vertex 8.9609 31.1573 3.0000
    endloop
  endfacet
  facet normal 0.000000 0.000000 1.000000
    outer loop
      vertex 6.5000 29.6500 3.0000
      vertex 9.1753 31.2147 3.0000
      vertex 9.0700 31.1790 3.0000
    endloop
  endfacet
  facet normal 0.000000 0.000000 1.000000
    outer loop
      vertex 6.5000 29.6500 3.0000
      vertex 9.2750 31.2639 3.0000
      vertex 9.1753 31.2147 3.0000
    endloop
  endfacet
  facet normal 0.000000 0.000000 -1.000000
    outer loop
      vertex 6.5000 29.6500 3.0000
      vertex 9.3674 31.3256 3.0000
      vertex 9.2750 31.2639 3.0000
    endloop
  endfacet
  facet normal 0.000000 0.000000 1.000000
    outer loop
      vertex 6.5000 29.6500 3.0000
      vertex 11.2000 29.6500 3.0000
      vertex 9.3674 31.3256 3.0000
    endloop
  endfacet
  facet normal 0.000000 0.000000 1.000000
    outer loop
      vertex 11.2000 29.6500 3.0000
      vertex 9.4510 31.3990 3.0000
      vertex 9.3674 31.3256 3.0000
    endloop
  endfacet
  facet normal 0.000000 0.000000 1.000000
    outer loop
      vertex 11.2000 29.6500 3.0000
      vertex 9.5244 31.4826 3.0000
      vertex 9.4510 31.3990 3.0000
    endloop
  endfacet
  facet normal 0.000000 0.000000 1.000000
    outer loop
      vertex 11.2000 29.6500 3.0000
      vertex 9.5861 31.5750 3.0000
      vertex 9.5244 31.4826 3.0000
    endloop
  endfacet
  facet normal 0.000000 0.000000 1.000000
    outer loop
      vertex 11.2000 29.6500 3.0000
      vertex 9.6353 31.6747 3.0000
      vertex 9.5861 31.5750 3.0000
    endloop
  endfacet
  facet normal 0.000000 0.000000 1.000000
    outer loop
      vertex 11.2000 29.6500 3.0000
      vertex 9.6710 31.7800 3.0000
      vertex 9.6353 31.6747 3.0000
    endloop
  endfacet
  facet normal 0.000000 0.000000 1.000000
    outer loop
      vertex 11.2000 29.6500 3.0000
      vertex 9.6927 31.8891 3.0000
      vertex 9.6710 31.7800 3.0000
    endloop
  endfacet
  facet normal 0.000000 0.000000 1.000000
    outer loop
      vertex 11.2000 29.6500 3.0000
      vertex 9.7000 32.0000 3.0000
      vertex 9.6927 31.8891 3.0000
    endloop
  endfacet
  facet normal 0.000000 0.000000 1.000000
    outer loop
      vertex 11.2000 29.6500 3.0000
      vertex 9.6927 32.1109 3.0000
      vertex 9.7000 32.0000 3.0000
    endloop
  endfacet
  facet normal 0.000000 0.000000 1.000000
    outer loop
      vertex 11.2000 29.6500 3.0000
      vertex 9.6710 32.2200 3.0000
      vertex 9.6927 32.1109 3.0000
    endloop
  endfacet
  facet normal 0.000000 0.000000 1.000000
    outer loop
      vertex 11.2000 29.6500 3.0000
      vertex 9.6353 32.3253 3.0000
      vertex 9.6710 32.2200 3.0000
    endloop
  endfacet
  facet normal 0.000000 0.000000 1.000000
    outer loop
      vertex 11.2000 29.6500 3.0000
      vertex 9.5861 32.4250 3.0000
      vertex 9.6353 32.3253 3.0000
    endloop
  endfacet
  facet normal 0.000000 0.000000 -1.000000
    outer loop
      vertex 11.2000 29.6500 3.0000
      vertex 9.5244 32.5174 3.0000
      vertex 9.5861 32.4250 3.0000
    endloop
  endfacet
  facet normal 0.000000 0.000000 -1.000000
    outer loop
      vertex 11.2000 29.6500 3.0000
      vertex 9.4510 32.6010 3.0000
      vertex 9.5244 32.5174 3.0000
    endloop
  endfacet
  facet normal 0.000000 -0.000000 1.000000
    outer loop
      vertex 11.2000 29.6500 3.0000
      vertex 11.2000 34.3500 3.0000
      vertex 9.4510 32.6010 3.0000
    endloop
  endfacet
  facet normal 0.000000 0.000000 1.000000
    outer loop
      vertex 11.2000 34.3500 3.0000
      vertex 9.3674 32.6744 3.0000
      vertex 9.4510 32.6010 3.0000
    endloop
  endfacet
  facet normal 0.000000 0.000000 1.000000
    outer loop
      vertex 11.2000 34.3500 3.0000
      vertex 9.2750 32.7361 3.0000
      vertex 9.3674 32.6744 3.0000
    endloop
  endfacet
  facet normal 0.000000 0.000000 1.000000
    outer loop
      vertex 11.2000 34.3500 3.0000
      vertex 9.1753 32.7853 3.0000
      vertex 9.2750 32.7361 3.0000
    endloop
  endfacet
  facet normal 0.000000 0.000000 1.000000
    outer loop
      vertex 11.2000 34.3500 3.0000
      vertex 9.0700 32.8210 3.0000
      vertex 9.1753 32.7853 3.0000
    endloop
  endfacet
  facet normal 0.000000 0.000000 1.000000
    outer loop
      vertex 11.2000 34.3500 3.0000
      vertex 8.9609 32.8427 3.0000
      vertex 9.0700 32.8210 3.0000
    endloop
  endfacet
  facet normal 0.000000 0.000000 1.000000
    outer loop
      vertex 11.2000 34.3500 3.0000
      vertex 8.8500 32.8500 3.0000
      vertex 8.9609 32.8427 3.0000
    endloop
  endfacet
  facet normal 0.000000 0.000000 1.000000
    outer loop
      vertex 11.2000 34.3500 3.0000
      vertex 8.7391 32.8427 3.0000
      vertex 8.8500 32.8500 3.0000
    endloop
  endfacet
  facet normal 0.000000 0.000000 1.000000
    outer loop
      vertex 11.2000 34.3500 3.0000
      vertex 8.6300 32.8210 3.0000
      vertex 8.7391 32.8427 3.0000
    endloop
  endfacet
  facet normal 0.000000 0.000000 1.000000
    outer loop
      vertex 11.2000 34.3500 3.0000
      vertex 8.5247 32.7853 3.0000
      vertex 8.6300 32.8210 3.0000
    endloop
  endfacet
  facet normal 0.000000 0.000000 1.000000
    outer loop
      vertex 11.2000 34.3500 3.0000
      vertex 8.4250 32.7361 3.0000
      vertex 8.5247 32.7853 3.0000
    endloop
  endfacet
  facet normal 0.000000 0.000000 -1.000000
    outer loop
      vertex 11.2000 34.3500 3.0000
      vertex 8.3326 32.6744 3.0000
      vertex 8.4250 32.7361 3.0000
    endloop
  endfacet
  facet normal 0.000000 0.000000 1.000000
    outer loop
      vertex 11.2000 34.3500 3.0000
      vertex 6.5000 34.3500 3.0000
      vertex 8.3326 32.6744 3.0000
    endloop
  endfacet
  facet normal 0.000000 0.000000 1.000000
    outer loop
      vertex 6.5000 34.3500 3.0000
      vertex 8.2490 32.6010 3.0000
      vertex 8.3326 32.6744 3.0000
    endloop
  endfacet
  facet normal 0.000000 0.000000 1.000000
    outer loop
      vertex 6.5000 34.3500 3.0000
      vertex 8.1756 32.5174 3.0000
      vertex 8.2490 32.6010 3.0000
    endloop
  endfacet
  facet normal 0.000000 0.000000 1.000000
    outer loop
      vertex 6.5000 34.3500 3.0000
      vertex 8.1139 32.4250 3.0000
      vertex 8.1756 32.5174 3.0000
    endloop
  endfacet
  facet normal 0.000000 0.000000 1.000000
    outer loop
      vertex 6.5000 34.3500 3.0000
      vertex 8.0647 32.3253 3.0000
      vertex 8.1139 32.4250 3.0000
    endloop
  endfacet
  facet normal 0.000000 0.000000 1.000000
    outer loop
      vertex 6.5000 34.3500 3.0000
      vertex 8.0290 32.2200 3.0000
      vertex 8.0647 32.3253 3.0000
    endloop
  endfacet
  facet normal 0.000000 0.000000 1.000000
    outer loop
      vertex 6.5000 34.3500 3.0000
      vertex 8.0073 32.1109 3.0000
      vertex 8.0290 32.2200 3.0000
    endloop
  endfacet
  facet normal 0.000000 0.000000 1.000000
    outer loop
      vertex 6.5000 34.3500 3.0000
      vertex 8.0000 32.0000 3.0000
      vertex 8.0073 32.1109 3.0000
    endloop
  endfacet
  facet normal 0.000000 0.000000 1.000000
    outer loop
      vertex 6.5000 34.3500 3.0000
      vertex 8.0073 31.8891 3.0000
      vertex 8.0000 32.0000 3.0000
    endloop
  endfacet
  facet normal 0.000000 0.000000 1.000000
    outer loop
      vertex 6.5000 34.3500 3.0000
      vertex 8.0290 31.7800 3.0000
      vertex 8.0073 31.8891 3.0000
    endloop
  endfacet
  facet normal 0.000000 0.000000 1.000000
    outer loop
      vertex 6.5000 34.3500 3.0000
      vertex 8.0647 31.6747 3.0000
      vertex 8.0290 31.7800 3.0000
    endloop
  endfacet
  facet normal 0.000000 0.000000 1.000000
    outer loop
      vertex 6.5000 34.3500 3.0000
      vertex 8.1139 31.5750 3.0000
      vertex 8.0647 31.6747 3.0000
    endloop
  endfacet
  facet normal 0.000000 0.000000 -1.000000
    outer loop
      vertex 6.5000 34.3500 3.0000
      vertex 8.1756 31.4826 3.0000
      vertex 8.1139 31.5750 3.0000
    endloop
  endfacet
  facet normal 0.000000 0.000000 1.000000
    outer loop
      vertex 6.5000 34.3500 3.0000
      vertex 6.5000 29.6500 3.0000
      vertex 8.1756 31.4826 3.0000
    endloop
  endfacet
  facet normal 0.000000 0.000000 1.000000
    outer loop
      vertex 6.5000 29.6500 3.0000
      vertex 8.2490 31.3990 3.0000
      vertex 8.1756 31.4826 3.0000
    endloop
  endfacet
  facet normal 0.000000 0.000000 1.000000
    outer loop
      vertex 6.5000 29.6500 3.0000
      vertex 8.3326 31.3256 3.0000
      vertex 8.2490 31.3990 3.0000
    endloop
  endfacet
  facet normal 0.000000 0.000000 1.000000
    outer loop
      vertex 6.5000 34.3500 3.0000
      vertex 11.2000 34.3500 3.0000
      vertex 8.8500 43.4400 3.0000
    endloop
  endfacet
  facet normal 0.000000 -0.000000 1.000000
    outer loop
      vertex 11.2000 34.3500 3.0000
      vertex 11.2000 52.5300 3.0000
      vertex 8.8500 43.4400 3.0000
    endloop
  endfacet
  facet normal 0.000000 0.000000 1.000000
    outer loop
      vertex 11.2000 52.5300 3.0000
      vertex 6.5000 52.5300 3.0000
      vertex 8.8500 43.4400 3.0000
    endloop
  endfacet
  facet normal 0.000000 0.000000 1.000000
    outer loop
      vertex 6.5000 52.5300 3.0000
      vertex 6.5000 34.3500 3.0000
      vertex 8.8500 43.4400 3.0000
    endloop
  endfacet
  facet normal 0.000000 0.000000 1.000000
    outer loop
      vertex 11.2000 0.0000 3.0000
      vertex 18.8500 0.0000 3.0000
      vertex 12.9000 23.8956 3.0000
    endloop
  endfacet
  facet normal 0.000000 -0.000000 1.000000
    outer loop
      vertex 18.8500 0.0000 3.0000
      vertex 18.8500 52.5300 3.0000
      vertex 12.9000 23.8956 3.0000
    endloop
  endfacet
  facet normal 0.000000 0.000000 1.000000
    outer loop
      vertex 18.8500 52.5300 3.0000
      vertex 11.2000 52.5300 3.0000
      vertex 12.9000 23.8956 3.0000
    endloop
  endfacet
  facet normal 0.000000 0.000000 1.000000
    outer loop
      vertex 11.2000 52.5300 3.0000
      vertex 11.2000 34.3500 3.0000
      vertex 12.9000 23.8956 3.0000
    endloop
  endfacet
  facet normal 0.000000 0.000000 1.000000
    outer loop
      vertex 11.2000 34.3500 3.0000
      vertex 11.2000 29.6500 3.0000
      vertex 12.9000 23.8956 3.0000
    endloop
  endfacet
  facet normal 0.000000 0.000000 1.000000
    outer loop
      vertex 11.2000 29.6500 3.0000
      vertex 11.2000 22.0000 3.0000
      vertex 12.9000 23.8956 3.0000
    endloop
  endfacet
  facet normal -0.000000 0.000000 1.000000
    outer loop
      vertex 11.2000 22.0000 3.0000
      vertex 11.2000 14.3500 3.0000
      vertex 12.9000 23.8956 3.0000
    endloop
  endfacet
  facet normal -0.000000 0.000000 1.000000
    outer loop
      vertex 11.2000 14.3500 3.0000
      vertex 11.2000 9.6500 3.0000
      vertex 12.9000 23.8956 3.0000
    endloop
  endfacet
  facet normal -0.000000 0.000000 1.000000
    outer loop
      vertex 11.2000 9.6500 3.0000
      vertex 11.2000 0.0000 3.0000
      vertex 12.9000 23.8956 3.0000
    endloop
  endfacet
  facet normal 0.000000 0.000000 1.000000
    outer loop
      vertex 18.8500 0.0000 3.0000
      vertex 26.5000 0.0000 3.0000
      vertex 24.8000 23.8956 3.0000
    endloop
  endfacet
  facet normal 0.000000 -0.000000 1.000000
    outer loop
      vertex 26.5000 0.0000 3.0000
      vertex 26.5000 9.6500 3.0000
      vertex 24.8000 23.8956 3.0000
    endloop
  endfacet
  facet normal 0.000000 -0.000000 1.000000
    outer loop
      vertex 26.5000 9.6500 3.0000
      vertex 26.5000 14.3500 3.0000
      vertex 24.8000 23.8956 3.0000
    endloop
  endfacet
  facet normal 0.000000 -0.000000 1.000000
    outer loop
      vertex 26.5000 14.3500 3.0000
      vertex 26.5000 22.0000 3.0000
      vertex 24.8000 23.8956 3.0000
    endloop
  endfacet
  facet normal 0.000000 -0.000000 1.000000
    outer loop
      vertex 26.5000 22.0000 3.0000
      vertex 26.5000 29.6500 3.0000
      vertex 24.8000 23.8956 3.0000
    endloop
  endfacet
  facet normal 0.000000 -0.000000 1.000000
    outer loop
      vertex 26.5000 29.6500 3.0000
      vertex 26.5000 34.3500 3.0000
      vertex 24.8000 23.8956 3.0000
    endloop
  endfacet
  facet normal 0.000000 -0.000000 1.000000
    outer loop
      vertex 26.5000 34.3500 3.0000
      vertex 26.5000 52.5300 3.0000
      vertex 24.8000 23.8956 3.0000
    endloop
  endfacet
  facet normal 0.000000 0.000000 1.000000
    outer loop
      vertex 26.5000 52.5300 3.0000
      vertex 18.8500 52.5300 3.0000
      vertex 24.8000 23.8956 3.0000
    endloop
  endfacet
  facet normal 0.000000 0.000000 1.000000
    outer loop
      vertex 18.8500 52.5300 3.0000
      vertex 18.8500 0.0000 3.0000
      vertex 24.8000 23.8956 3.0000
    endloop
  endfacet
  facet normal 0.000000 0.000000 1.000000
    outer loop
      vertex 26.5000 0.0000 3.0000
      vertex 31.2000 0.0000 3.0000
      vertex 28.8500 4.8250 3.0000
    endloop
  endfacet
  facet normal 0.000000 -0.000000 1.000000
    outer loop
      vertex 31.2000 0.0000 3.0000
      vertex 31.2000 9.6500 3.0000
      vertex 28.8500 4.8250 3.0000
    endloop
  endfacet
  facet normal 0.000000 0.000000 1.000000
    outer loop
      vertex 31.2000 9.6500 3.0000
      vertex 26.5000 9.6500 3.0000
      vertex 28.8500 4.8250 3.0000
    endloop
  endfacet
  facet normal 0.000000 0.000000 1.000000
    outer loop
      vertex 26.5000 9.6500 3.0000
      vertex 26.5000 0.0000 3.0000
      vertex 28.8500 4.8250 3.0000
    endloop
  endfacet
  facet normal 0.000000 0.000000 1.000000
    outer loop
      vertex 26.5000 9.6500 3.0000
      vertex 28.3326 11.3256 3.0000
      vertex 28.2490 11.3990 3.0000
    endloop
  endfacet
  facet normal 0.000000 0.000000 1.000000
    outer loop
      vertex 26.5000 9.6500 3.0000
      vertex 28.4250 11.2639 3.0000
      vertex 28.3326 11.3256 3.0000
    endloop
  endfacet
  facet normal 0.000000 0.000000 1.000000
    outer loop
      vertex 26.5000 9.6500 3.0000
      vertex 28.5247 11.2147 3.0000
      vertex 28.4250 11.2639 3.0000
    endloop
  endfacet
  facet normal 0.000000 0.000000 1.000000
    outer loop
      vertex 26.5000 9.6500 3.0000
      vertex 28.6300 11.1790 3.0000
      vertex 28.5247 11.2147 3.0000
    endloop
  endfacet
  facet normal 0.000000 0.000000 1.000000
    outer loop
      vertex 26.5000 9.6500 3.0000
      vertex 28.7391 11.1573 3.0000
      vertex 28.6300 11.1790 3.0000
    endloop
  endfacet
  facet normal 0.000000 0.000000 1.000000
    outer loop
      vertex 26.5000 9.6500 3.0000
      vertex 28.8500 11.1500 3.0000
      vertex 28.7391 11.1573 3.0000
    endloop
  endfacet
  facet normal 0.000000 0.000000 1.000000
    outer loop
      vertex 26.5000 9.6500 3.0000
      vertex 28.9609 11.1573 3.0000
      vertex 28.8500 11.1500 3.0000
    endloop
  endfacet
  facet normal 0.000000 0.000000 1.000000
    outer loop
      vertex 26.5000 9.6500 3.0000
      vertex 29.0700 11.1790 3.0000
      vertex 28.9609 11.1573 3.0000
    endloop
  endfacet
  facet normal 0.000000 0.000000 1.000000
    outer loop
      vertex 26.5000 9.6500 3.0000
      vertex 29.1753 11.2147 3.0000
      vertex 29.0700 11.1790 3.0000
    endloop
  endfacet
  facet normal 0.000000 0.000000 1.000000
    outer loop
      vertex 26.5000 9.6500 3.0000
      vertex 29.2750 11.2639 3.0000
      vertex 29.1753 11.2147 3.0000
    endloop
  endfacet
  facet normal 0.000000 0.000000 -1.000000
    outer loop
      vertex 26.5000 9.6500 3.0000
      vertex 29.3674 11.3256 3.0000
      vertex 29.2750 11.2639 3.0000
    endloop
  endfacet
  facet normal 0.000000 0.000000 -1.000000
    outer loop
      vertex 26.5000 9.6500 3.0000
      vertex 29.4510 11.3990 3.0000
      vertex 29.3674 11.3256 3.0000
    endloop
  endfacet
  facet normal 0.000000 0.000000 1.000000
    outer loop
      vertex 26.5000 9.6500 3.0000
      vertex 31.2000 9.6500 3.0000
      vertex 29.4510 11.3990 3.0000
    endloop
  endfacet
  facet normal 0.000000 0.000000 1.000000
    outer loop
      vertex 31.2000 9.6500 3.0000
      vertex 29.5244 11.4826 3.0000
      vertex 29.4510 11.3990 3.0000
    endloop
  endfacet
  facet normal 0.000000 0.000000 1.000000
    outer loop
      vertex 31.2000 9.6500 3.0000
      vertex 29.5861 11.5750 3.0000
      vertex 29.5244 11.4826 3.0000
    endloop
  endfacet
  facet normal 0.000000 0.000000 1.000000
    outer loop
      vertex 31.2000 9.6500 3.0000
      vertex 29.6353 11.6747 3.0000
      vertex 29.5861 11.5750 3.0000
    endloop
  endfacet
  facet normal 0.000000 0.000000 1.000000
    outer loop
      vertex 31.2000 9.6500 3.0000
      vertex 29.6710 11.7800 3.0000
      vertex 29.6353 11.6747 3.0000
    endloop
  endfacet
  facet normal 0.000000 0.000000 1.000000
    outer loop
      vertex 31.2000 9.6500 3.0000
      vertex 29.6927 11.8891 3.0000
      vertex 29.6710 11.7800 3.0000
    endloop
  endfacet
  facet normal 0.000000 0.000000 1.000000
    outer loop
      vertex 31.2000 9.6500 3.0000
      vertex 29.7000 12.0000 3.0000
      vertex 29.6927 11.8891 3.0000
    endloop
  endfacet
  facet normal 0.000000 0.000000 1.000000
    outer loop
      vertex 31.2000 9.6500 3.0000
      vertex 29.6927 12.1109 3.0000
      vertex 29.7000 12.0000 3.0000
    endloop
  endfacet
  facet normal 0.000000 0.000000 1.000000
    outer loop
      vertex 31.2000 9.6500 3.0000
      vertex 29.6710 12.2200 3.0000
      vertex 29.6927 12.1109 3.0000
    endloop
  endfacet
  facet normal 0.000000 0.000000 1.000000
    outer loop
      vertex 31.2000 9.6500 3.0000
      vertex 29.6353 12.3253 3.0000
      vertex 29.6710 12.2200 3.0000
    endloop
  endfacet
  facet normal 0.000000 0.000000 1.000000
    outer loop
      vertex 31.2000 9.6500 3.0000
      vertex 29.5861 12.4250 3.0000
      vertex 29.6353 12.3253 3.0000
    endloop
  endfacet
  facet normal 0.000000 0.000000 -1.000000
    outer loop
      vertex 31.2000 9.6500 3.0000
      vertex 29.5244 12.5174 3.0000
      vertex 29.5861 12.4250 3.0000
    endloop
  endfacet
  facet normal 0.000000 -0.000000 1.000000
    outer loop
      vertex 31.2000 9.6500 3.0000
      vertex 31.2000 14.3500 3.0000
      vertex 29.5244 12.5174 3.0000
    endloop
  endfacet
  facet normal 0.000000 0.000000 1.000000
    outer loop
      vertex 31.2000 14.3500 3.0000
      vertex 29.4510 12.6010 3.0000
      vertex 29.5244 12.5174 3.0000
    endloop
  endfacet
  facet normal 0.000000 0.000000 1.000000
    outer loop
      vertex 31.2000 14.3500 3.0000
      vertex 29.3674 12.6744 3.0000
      vertex 29.4510 12.6010 3.0000
    endloop
  endfacet
  facet normal 0.000000 0.000000 1.000000
    outer loop
      vertex 31.2000 14.3500 3.0000
      vertex 29.2750 12.7361 3.0000
      vertex 29.3674 12.6744 3.0000
    endloop
  endfacet
  facet normal 0.000000 0.000000 1.000000
    outer loop
      vertex 31.2000 14.3500 3.0000
      vertex 29.1753 12.7853 3.0000
      vertex 29.2750 12.7361 3.0000
    endloop
  endfacet
  facet normal 0.000000 0.000000 1.000000
    outer loop
      vertex 31.2000 14.3500 3.0000
      vertex 29.0700 12.8210 3.0000
      vertex 29.1753 12.7853 3.0000
    endloop
  endfacet
  facet normal 0.000000 0.000000 1.000000
    outer loop
      vertex 31.2000 14.3500 3.0000
      vertex 28.9609 12.8427 3.0000
      vertex 29.0700 12.8210 3.0000
    endloop
  endfacet
  facet normal 0.000000 0.000000 1.000000
    outer loop
      vertex 31.2000 14.3500 3.0000
      vertex 28.8500 12.8500 3.0000
      vertex 28.9609 12.8427 3.0000
    endloop
  endfacet
  facet normal 0.000000 0.000000 1.000000
    outer loop
      vertex 31.2000 14.3500 3.0000
      vertex 28.7391 12.8427 3.0000
      vertex 28.8500 12.8500 3.0000
    endloop
  endfacet
  facet normal 0.000000 0.000000 1.000000
    outer loop
      vertex 31.2000 14.3500 3.0000
      vertex 28.6300 12.8210 3.0000
      vertex 28.7391 12.8427 3.0000
    endloop
  endfacet
  facet normal 0.000000 0.000000 1.000000
    outer loop
      vertex 31.2000 14.3500 3.0000
      vertex 28.5247 12.7853 3.0000
      vertex 28.6300 12.8210 3.0000
    endloop
  endfacet
  facet normal 0.000000 0.000000 1.000000
    outer loop
      vertex 31.2000 14.3500 3.0000
      vertex 28.4250 12.7361 3.0000
      vertex 28.5247 12.7853 3.0000
    endloop
  endfacet
  facet normal 0.000000 0.000000 -1.000000
    outer loop
      vertex 31.2000 14.3500 3.0000
      vertex 28.3326 12.6744 3.0000
      vertex 28.4250 12.7361 3.0000
    endloop
  endfacet
  facet normal 0.000000 0.000000 -1.000000
    outer loop
      vertex 31.2000 14.3500 3.0000
      vertex 28.2490 12.6010 3.0000
      vertex 28.3326 12.6744 3.0000
    endloop
  endfacet
  facet normal 0.000000 0.000000 1.000000
    outer loop
      vertex 31.2000 14.3500 3.0000
      vertex 26.5000 14.3500 3.0000
      vertex 28.2490 12.6010 3.0000
    endloop
  endfacet
  facet normal 0.000000 0.000000 1.000000
    outer loop
      vertex 26.5000 14.3500 3.0000
      vertex 28.1756 12.5174 3.0000
      vertex 28.2490 12.6010 3.0000
    endloop
  endfacet
  facet normal 0.000000 0.000000 1.000000
    outer loop
      vertex 26.5000 14.3500 3.0000
      vertex 28.1139 12.4250 3.0000
      vertex 28.1756 12.5174 3.0000
    endloop
  endfacet
  facet normal 0.000000 0.000000 1.000000
    outer loop
      vertex 26.5000 14.3500 3.0000
      vertex 28.0647 12.3253 3.0000
      vertex 28.1139 12.4250 3.0000
    endloop
  endfacet
  facet normal 0.000000 0.000000 1.000000
    outer loop
      vertex 26.5000 14.3500 3.0000
      vertex 28.0290 12.2200 3.0000
      vertex 28.0647 12.3253 3.0000
    endloop
  endfacet
  facet normal 0.000000 0.000000 1.000000
    outer loop
      vertex 26.5000 14.3500 3.0000
      vertex 28.0073 12.1109 3.0000
      vertex 28.0290 12.2200 3.0000
    endloop
  endfacet
  facet normal 0.000000 0.000000 1.000000
    outer loop
      vertex 26.5000 14.3500 3.0000
      vertex 28.0000 12.0000 3.0000
      vertex 28.0073 12.1109 3.0000
    endloop
  endfacet
  facet normal 0.000000 0.000000 1.000000
    outer loop
      vertex 26.5000 14.3500 3.0000
      vertex 28.0073 11.8891 3.0000
      vertex 28.0000 12.0000 3.0000
    endloop
  endfacet
  facet normal 0.000000 0.000000 1.000000
    outer loop
      vertex 26.5000 14.3500 3.0000
      vertex 28.0290 11.7800 3.0000
      vertex 28.0073 11.8891 3.0000
    endloop
  endfacet
  facet normal 0.000000 0.000000 1.000000
    outer loop
      vertex 26.5000 14.3500 3.0000
      vertex 28.0647 11.6747 3.0000
      vertex 28.0290 11.7800 3.0000
    endloop
  endfacet
  facet normal 0.000000 0.000000 1.000000
    outer loop
      vertex 26.5000 14.3500 3.0000
      vertex 28.1139 11.5750 3.0000
      vertex 28.0647 11.6747 3.0000
    endloop
  endfacet
  facet normal 0.000000 0.000000 -1.000000
    outer loop
      vertex 26.5000 14.3500 3.0000
      vertex 28.1756 11.4826 3.0000
      vertex 28.1139 11.5750 3.0000
    endloop
  endfacet
  facet normal 0.000000 0.000000 1.000000
    outer loop
      vertex 26.5000 14.3500 3.0000
      vertex 26.5000 9.6500 3.0000
      vertex 28.1756 11.4826 3.0000
    endloop
  endfacet
  facet normal 0.000000 0.000000 1.000000
    outer loop
      vertex 26.5000 9.6500 3.0000
      vertex 28.2490 11.3990 3.0000
      vertex 28.1756 11.4826 3.0000
    endloop
  endfacet
  facet normal 0.000000 0.000000 1.000000
    outer loop
      vertex 26.5000 14.3500 3.0000
      vertex 31.2000 14.3500 3.0000
      vertex 28.8500 18.1750 3.0000
    endloop
  endfacet
  facet normal 0.000000 -0.000000 1.000000
    outer loop
      vertex 31.2000 14.3500 3.0000
      vertex 31.2000 22.0000 3.0000
      vertex 28.8500 18.1750 3.0000
    endloop
  endfacet
  facet normal 0.000000 0.000000 1.000000
    outer loop
      vertex 31.2000 22.0000 3.0000
      vertex 26.5000 22.0000 3.0000
      vertex 28.8500 18.1750 3.0000
    endloop
  endfacet
  facet normal 0.000000 0.000000 1.000000
    outer loop
      vertex 26.5000 22.0000 3.0000
      vertex 26.5000 14.3500 3.0000
      vertex 28.8500 18.1750 3.0000
    endloop
  endfacet
  facet normal 0.000000 0.000000 1.000000
    outer loop
      vertex 26.5000 22.0000 3.0000
      vertex 31.2000 22.0000 3.0000
      vertex 28.8500 25.8250 3.0000
    endloop
  endfacet
  facet normal 0.000000 -0.000000 1.000000
    outer loop
      vertex 31.2000 22.0000 3.0000
      vertex 31.2000 29.6500 3.0000
      vertex 28.8500 25.8250 3.0000
    endloop
  endfacet
  facet normal 0.000000 0.000000 1.000000
    outer loop
      vertex 31.2000 29.6500 3.0000
      vertex 26.5000 29.6500 3.0000
      vertex 28.8500 25.8250 3.0000
    endloop
  endfacet
  facet normal 0.000000 0.000000 1.000000
    outer loop
      vertex 26.5000 29.6500 3.0000
      vertex 26.5000 22.0000 3.0000
      vertex 28.8500 25.8250 3.0000
    endloop
  endfacet
  facet normal 0.000000 0.000000 1.000000
    outer loop
      vertex 26.5000 29.6500 3.0000
      vertex 28.3326 31.3256 3.0000
      vertex 28.2490 31.3990 3.0000
    endloop
  endfacet
  facet normal 0.000000 0.000000 1.000000
    outer loop
      vertex 26.5000 29.6500 3.0000
      vertex 28.4250 31.2639 3.0000
      vertex 28.3326 31.3256 3.0000
    endloop
  endfacet
  facet normal 0.000000 0.000000 1.000000
    outer loop
      vertex 26.5000 29.6500 3.0000
      vertex 28.5247 31.2147 3.0000
      vertex 28.4250 31.2639 3.0000
    endloop
  endfacet
  facet normal 0.000000 0.000000 1.000000
    outer loop
      vertex 26.5000 29.6500 3.0000
      vertex 28.6300 31.1790 3.0000
      vertex 28.5247 31.2147 3.0000
    endloop
  endfacet
  facet normal 0.000000 0.000000 1.000000
    outer loop
      vertex 26.5000 29.6500 3.0000
      vertex 28.7391 31.1573 3.0000
      vertex 28.6300 31.1790 3.0000
    endloop
  endfacet
  facet normal 0.000000 0.000000 1.000000
    outer loop
      vertex 26.5000 29.6500 3.0000
      vertex 28.8500 31.1500 3.0000
      vertex 28.7391 31.1573 3.0000
    endloop
  endfacet
  facet normal 0.000000 0.000000 1.000000
    outer loop
      vertex 26.5000 29.6500 3.0000
      vertex 28.9609 31.1573 3.0000
      vertex 28.8500 31.1500 3.0000
    endloop
  endfacet
  facet normal 0.000000 0.000000 1.000000
    outer loop
      vertex 26.5000 29.6500 3.0000
      vertex 29.0700 31.1790 3.0000
      vertex 28.9609 31.1573 3.0000
    endloop
  endfacet
  facet normal 0.000000 0.000000 1.000000
    outer loop
      vertex 26.5000 29.6500 3.0000
      vertex 29.1753 31.2147 3.0000
      vertex 29.0700 31.1790 3.0000
    endloop
  endfacet
  facet normal 0.000000 0.000000 1.000000
    outer loop
      vertex 26.5000 29.6500 3.0000
      vertex 29.2750 31.2639 3.0000
      vertex 29.1753 31.2147 3.0000
    endloop
  endfacet
  facet normal 0.000000 0.000000 -1.000000
    outer loop
      vertex 26.5000 29.6500 3.0000
      vertex 29.3674 31.3256 3.0000
      vertex 29.2750 31.2639 3.0000
    endloop
  endfacet
  facet normal 0.000000 0.000000 1.000000
    outer loop
      vertex 26.5000 29.6500 3.0000
      vertex 31.2000 29.6500 3.0000
      vertex 29.3674 31.3256 3.0000
    endloop
  endfacet
  facet normal 0.000000 0.000000 1.000000
    outer loop
      vertex 31.2000 29.6500 3.0000
      vertex 29.4510 31.3990 3.0000
      vertex 29.3674 31.3256 3.0000
    endloop
  endfacet
  facet normal 0.000000 0.000000 1.000000
    outer loop
      vertex 31.2000 29.6500 3.0000
      vertex 29.5244 31.4826 3.0000
      vertex 29.4510 31.3990 3.0000
    endloop
  endfacet
  facet normal 0.000000 0.000000 1.000000
    outer loop
      vertex 31.2000 29.6500 3.0000
      vertex 29.5861 31.5750 3.0000
      vertex 29.5244 31.4826 3.0000
    endloop
  endfacet
  facet normal 0.000000 0.000000 1.000000
    outer loop
      vertex 31.2000 29.6500 3.0000
      vertex 29.6353 31.6747 3.0000
      vertex 29.5861 31.5750 3.0000
    endloop
  endfacet
  facet normal 0.000000 0.000000 1.000000
    outer loop
      vertex 31.2000 29.6500 3.0000
      vertex 29.6710 31.7800 3.0000
      vertex 29.6353 31.6747 3.0000
    endloop
  endfacet
  facet normal 0.000000 0.000000 1.000000
    outer loop
      vertex 31.2000 29.6500 3.0000
      vertex 29.6927 31.8891 3.0000
      vertex 29.6710 31.7800 3.0000
    endloop
  endfacet
  facet normal 0.000000 0.000000 1.000000
    outer loop
      vertex 31.2000 29.6500 3.0000
      vertex 29.7000 32.0000 3.0000
      vertex 29.6927 31.8891 3.0000
    endloop
  endfacet
  facet normal 0.000000 0.000000 1.000000
    outer loop
      vertex 31.2000 29.6500 3.0000
      vertex 29.6927 32.1109 3.0000
      vertex 29.7000 32.0000 3.0000
    endloop
  endfacet
  facet normal 0.000000 0.000000 1.000000
    outer loop
      vertex 31.2000 29.6500 3.0000
      vertex 29.6710 32.2200 3.0000
      vertex 29.6927 32.1109 3.0000
    endloop
  endfacet
  facet normal 0.000000 0.000000 1.000000
    outer loop
      vertex 31.2000 29.6500 3.0000
      vertex 29.6353 32.3253 3.0000
      vertex 29.6710 32.2200 3.0000
    endloop
  endfacet
  facet normal 0.000000 0.000000 1.000000
    outer loop
      vertex 31.2000 29.6500 3.0000
      vertex 29.5861 32.4250 3.0000
      vertex 29.6353 32.3253 3.0000
    endloop
  endfacet
  facet normal 0.000000 0.000000 -1.000000
    outer loop
      vertex 31.2000 29.6500 3.0000
      vertex 29.5244 32.5174 3.0000
      vertex 29.5861 32.4250 3.0000
    endloop
  endfacet
  facet normal 0.000000 -0.000000 1.000000
    outer loop
      vertex 31.2000 29.6500 3.0000
      vertex 31.2000 34.3500 3.0000
      vertex 29.5244 32.5174 3.0000
    endloop
  endfacet
  facet normal 0.000000 0.000000 1.000000
    outer loop
      vertex 31.2000 34.3500 3.0000
      vertex 29.4510 32.6010 3.0000
      vertex 29.5244 32.5174 3.0000
    endloop
  endfacet
  facet normal 0.000000 0.000000 1.000000
    outer loop
      vertex 31.2000 34.3500 3.0000
      vertex 29.3674 32.6744 3.0000
      vertex 29.4510 32.6010 3.0000
    endloop
  endfacet
  facet normal 0.000000 0.000000 1.000000
    outer loop
      vertex 31.2000 34.3500 3.0000
      vertex 29.2750 32.7361 3.0000
      vertex 29.3674 32.6744 3.0000
    endloop
  endfacet
  facet normal 0.000000 0.000000 1.000000
    outer loop
      vertex 31.2000 34.3500 3.0000
      vertex 29.1753 32.7853 3.0000
      vertex 29.2750 32.7361 3.0000
    endloop
  endfacet
  facet normal 0.000000 0.000000 1.000000
    outer loop
      vertex 31.2000 34.3500 3.0000
      vertex 29.0700 32.8210 3.0000
      vertex 29.1753 32.7853 3.0000
    endloop
  endfacet
  facet normal 0.000000 0.000000 1.000000
    outer loop
      vertex 31.2000 34.3500 3.0000
      vertex 28.9609 32.8427 3.0000
      vertex 29.0700 32.8210 3.0000
    endloop
  endfacet
  facet normal 0.000000 0.000000 1.000000
    outer loop
      vertex 31.2000 34.3500 3.0000
      vertex 28.8500 32.8500 3.0000
      vertex 28.9609 32.8427 3.0000
    endloop
  endfacet
  facet normal 0.000000 0.000000 1.000000
    outer loop
      vertex 31.2000 34.3500 3.0000
      vertex 28.7391 32.8427 3.0000
      vertex 28.8500 32.8500 3.0000
    endloop
  endfacet
  facet normal 0.000000 0.000000 1.000000
    outer loop
      vertex 31.2000 34.3500 3.0000
      vertex 28.6300 32.8210 3.0000
      vertex 28.7391 32.8427 3.0000
    endloop
  endfacet
  facet normal 0.000000 0.000000 1.000000
    outer loop
      vertex 31.2000 34.3500 3.0000
      vertex 28.5247 32.7853 3.0000
      vertex 28.6300 32.8210 3.0000
    endloop
  endfacet
  facet normal 0.000000 0.000000 1.000000
    outer loop
      vertex 31.2000 34.3500 3.0000
      vertex 28.4250 32.7361 3.0000
      vertex 28.5247 32.7853 3.0000
    endloop
  endfacet
  facet normal 0.000000 0.000000 -1.000000
    outer loop
      vertex 31.2000 34.3500 3.0000
      vertex 28.3326 32.6744 3.0000
      vertex 28.4250 32.7361 3.0000
    endloop
  endfacet
  facet normal 0.000000 0.000000 1.000000
    outer loop
      vertex 31.2000 34.3500 3.0000
      vertex 26.5000 34.3500 3.0000
      vertex 28.3326 32.6744 3.0000
    endloop
  endfacet
  facet normal 0.000000 0.000000 1.000000
    outer loop
      vertex 26.5000 34.3500 3.0000
      vertex 28.2490 32.6010 3.0000
      vertex 28.3326 32.6744 3.0000
    endloop
  endfacet
  facet normal 0.000000 0.000000 1.000000
    outer loop
      vertex 26.5000 34.3500 3.0000
      vertex 28.1756 32.5174 3.0000
      vertex 28.2490 32.6010 3.0000
    endloop
  endfacet
  facet normal 0.000000 0.000000 1.000000
    outer loop
      vertex 26.5000 34.3500 3.0000
      vertex 28.1139 32.4250 3.0000
      vertex 28.1756 32.5174 3.0000
    endloop
  endfacet
  facet normal 0.000000 0.000000 1.000000
    outer loop
      vertex 26.5000 34.3500 3.0000
      vertex 28.0647 32.3253 3.0000
      vertex 28.1139 32.4250 3.0000
    endloop
  endfacet
  facet normal 0.000000 0.000000 1.000000
    outer loop
      vertex 26.5000 34.3500 3.0000
      vertex 28.0290 32.2200 3.0000
      vertex 28.0647 32.3253 3.0000
    endloop
  endfacet
  facet normal 0.000000 0.000000 1.000000
    outer loop
      vertex 26.5000 34.3500 3.0000
      vertex 28.0073 32.1109 3.0000
      vertex 28.0290 32.2200 3.0000
    endloop
  endfacet
  facet normal 0.000000 0.000000 1.000000
    outer loop
      vertex 26.5000 34.3500 3.0000
      vertex 28.0000 32.0000 3.0000
      vertex 28.0073 32.1109 3.0000
    endloop
  endfacet
  facet normal 0.000000 0.000000 1.000000
    outer loop
      vertex 26.5000 34.3500 3.0000
      vertex 28.0073 31.8891 3.0000
      vertex 28.0000 32.0000 3.0000
    endloop
  endfacet
  facet normal 0.000000 0.000000 1.000000
    outer loop
      vertex 26.5000 34.3500 3.0000
      vertex 28.0290 31.7800 3.0000
      vertex 28.0073 31.8891 3.0000
    endloop
  endfacet
  facet normal 0.000000 0.000000 1.000000
    outer loop
      vertex 26.5000 34.3500 3.0000
      vertex 28.0647 31.6747 3.0000
      vertex 28.0290 31.7800 3.0000
    endloop
  endfacet
  facet normal 0.000000 0.000000 1.000000
    outer loop
      vertex 26.5000 34.3500 3.0000
      vertex 28.1139 31.5750 3.0000
      vertex 28.0647 31.6747 3.0000
    endloop
  endfacet
  facet normal 0.000000 0.000000 -1.000000
    outer loop
      vertex 26.5000 34.3500 3.0000
      vertex 28.1756 31.4826 3.0000
      vertex 28.1139 31.5750 3.0000
    endloop
  endfacet
  facet normal 0.000000 0.000000 1.000000
    outer loop
      vertex 26.5000 34.3500 3.0000
      vertex 26.5000 29.6500 3.0000
      vertex 28.1756 31.4826 3.0000
    endloop
  endfacet
  facet normal 0.000000 0.000000 1.000000
    outer loop
      vertex 26.5000 29.6500 3.0000
      vertex 28.2490 31.3990 3.0000
      vertex 28.1756 31.4826 3.0000
    endloop
  endfacet
  facet normal 0.000000 0.000000 1.000000
    outer loop
      vertex 26.5000 34.3500 3.0000
      vertex 31.2000 34.3500 3.0000
      vertex 28.8500 43.4400 3.0000
    endloop
  endfacet
  facet normal 0.000000 -0.000000 1.000000
    outer loop
      vertex 31.2000 34.3500 3.0000
      vertex 31.2000 52.5300 3.0000
      vertex 28.8500 43.4400 3.0000
    endloop
  endfacet
  facet normal 0.000000 0.000000 1.000000
    outer loop
      vertex 31.2000 52.5300 3.0000
      vertex 26.5000 52.5300 3.0000
      vertex 28.8500 43.4400 3.0000
    endloop
  endfacet
  facet normal 0.000000 0.000000 1.000000
    outer loop
      vertex 26.5000 52.5300 3.0000
      vertex 26.5000 34.3500 3.0000
      vertex 28.8500 43.4400 3.0000
    endloop
  endfacet
  facet normal 0.000000 0.000000 1.000000
    outer loop
      vertex 31.2000 0.0000 3.0000
      vertex 37.7000 0.0000 3.0000
      vertex 32.6444 23.8956 3.0000
    endloop
  endfacet
  facet normal 0.000000 -0.000000 1.000000
    outer loop
      vertex 37.7000 0.0000 3.0000
      vertex 37.7000 52.5300 3.0000
      vertex 32.6444 23.8956 3.0000
    endloop
  endfacet
  facet normal 0.000000 0.000000 1.000000
    outer loop
      vertex 37.7000 52.5300 3.0000
      vertex 31.2000 52.5300 3.0000
      vertex 32.6444 23.8956 3.0000
    endloop
  endfacet
  facet normal 0.000000 0.000000 1.000000
    outer loop
      vertex 31.2000 52.5300 3.0000
      vertex 31.2000 34.3500 3.0000
      vertex 32.6444 23.8956 3.0000
    endloop
  endfacet
  facet normal 0.000000 0.000000 1.000000
    outer loop
      vertex 31.2000 34.3500 3.0000
      vertex 31.2000 29.6500 3.0000
      vertex 32.6444 23.8956 3.0000
    endloop
  endfacet
  facet normal 0.000000 0.000000 1.000000
    outer loop
      vertex 31.2000 29.6500 3.0000
      vertex 31.2000 22.0000 3.0000
      vertex 32.6444 23.8956 3.0000
    endloop
  endfacet
  facet normal -0.000000 0.000000 1.000000
    outer loop
      vertex 31.2000 22.0000 3.0000
      vertex 31.2000 14.3500 3.0000
      vertex 32.6444 23.8956 3.0000
    endloop
  endfacet
  facet normal -0.000000 0.000000 1.000000
    outer loop
      vertex 31.2000 14.3500 3.0000
      vertex 31.2000 9.6500 3.0000
      vertex 32.6444 23.8956 3.0000
    endloop
  endfacet
  facet normal -0.000000 0.000000 1.000000
    outer loop
      vertex 31.2000 9.6500 3.0000
      vertex 31.2000 0.0000 3.0000
      vertex 32.6444 23.8956 3.0000
    endloop
  endfacet
  facet normal 0.000000 -0.000000 -1.000000
    outer loop
      vertex 5.0556 23.8956 0.0000
      vertex 6.5000 0.0000 0.0000
      vertex 0.0000 0.0000 0.0000
    endloop
  endfacet
  facet normal 0.000000 0.000000 -1.000000
    outer loop
      vertex 5.0556 23.8956 0.0000
      vertex 6.5000 9.6500 0.0000
      vertex 6.5000 0.0000 0.0000
    endloop
  endfacet
  facet normal 0.000000 0.000000 -1.000000
    outer loop
      vertex 5.0556 23.8956 0.0000
      vertex 6.5000 14.3500 0.0000
      vertex 6.5000 9.6500 0.0000
    endloop
  endfacet
  facet normal 0.000000 0.000000 -1.000000
    outer loop
      vertex 5.0556 23.8956 0.0000
      vertex 6.5000 22.0000 0.0000
      vertex 6.5000 14.3500 0.0000
    endloop
  endfacet
  facet normal 0.000000 0.000000 -1.000000
    outer loop
      vertex 5.0556 23.8956 0.0000
      vertex 6.5000 29.6500 0.0000
      vertex 6.5000 22.0000 0.0000
    endloop
  endfacet
  facet normal 0.000000 0.000000 -1.000000
    outer loop
      vertex 5.0556 23.8956 0.0000
      vertex 6.5000 34.3500 0.0000
      vertex 6.5000 29.6500 0.0000
    endloop
  endfacet
  facet normal 0.000000 0.000000 -1.000000
    outer loop
      vertex 5.0556 23.8956 0.0000
      vertex 6.5000 52.5300 0.0000
      vertex 6.5000 34.3500 0.0000
    endloop
  endfacet
  facet normal 0.000000 0.000000 -1.000000
    outer loop
      vertex 5.0556 23.8956 0.0000
      vertex 0.0000 52.5300 0.0000
      vertex 6.5000 52.5300 0.0000
    endloop
  endfacet
  facet normal -0.000000 0.000000 -1.000000
    outer loop
      vertex 5.0556 23.8956 0.0000
      vertex 0.0000 0.0000 0.0000
      vertex 0.0000 52.5300 0.0000
    endloop
  endfacet
  facet normal 0.000000 -0.000000 -1.000000
    outer loop
      vertex 8.8500 4.8250 0.0000
      vertex 11.2000 0.0000 0.0000
      vertex 6.5000 0.0000 0.0000
    endloop
  endfacet
  facet normal 0.000000 0.000000 -1.000000
    outer loop
      vertex 8.8500 4.8250 0.0000
      vertex 11.2000 9.6500 0.0000
      vertex 11.2000 0.0000 0.0000
    endloop
  endfacet
  facet normal 0.000000 0.000000 -1.000000
    outer loop
      vertex 8.8500 4.8250 0.0000
      vertex 6.5000 9.6500 0.0000
      vertex 11.2000 9.6500 0.0000
    endloop
  endfacet
  facet normal -0.000000 0.000000 -1.000000
    outer loop
      vertex 8.8500 4.8250 0.0000
      vertex 6.5000 0.0000 0.0000
      vertex 6.5000 9.6500 0.0000
    endloop
  endfacet
  facet normal 0.000000 -0.000000 -1.000000
    outer loop
      vertex 8.2490 11.3990 0.0000
      vertex 8.3326 11.3256 0.0000
      vertex 6.5000 9.6500 0.0000
    endloop
  endfacet
  facet normal 0.000000 -0.000000 -1.000000
    outer loop
      vertex 8.3326 11.3256 0.0000
      vertex 8.4250 11.2639 0.0000
      vertex 6.5000 9.6500 0.0000
    endloop
  endfacet
  facet normal 0.000000 -0.000000 -1.000000
    outer loop
      vertex 8.4250 11.2639 0.0000
      vertex 8.5247 11.2147 0.0000
      vertex 6.5000 9.6500 0.0000
    endloop
  endfacet
  facet normal 0.000000 -0.000000 -1.000000
    outer loop
      vertex 8.5247 11.2147 0.0000
      vertex 8.6300 11.1790 0.0000
      vertex 6.5000 9.6500 0.0000
    endloop
  endfacet
  facet normal 0.000000 -0.000000 -1.000000
    outer loop
      vertex 8.6300 11.1790 0.0000
      vertex 8.7391 11.1573 0.0000
      vertex 6.5000 9.6500 0.0000
    endloop
  endfacet
  facet normal 0.000000 -0.000000 -1.000000
    outer loop
      vertex 8.7391 11.1573 0.0000
      vertex 8.8500 11.1500 0.0000
      vertex 6.5000 9.6500 0.0000
    endloop
  endfacet
  facet normal 0.000000 -0.000000 -1.000000
    outer loop
      vertex 8.8500 11.1500 0.0000
      vertex 8.9609 11.1573 0.0000
      vertex 6.5000 9.6500 0.0000
    endloop
  endfacet
  facet normal 0.000000 -0.000000 -1.000000
    outer loop
      vertex 8.9609 11.1573 0.0000
      vertex 9.0700 11.1790 0.0000
      vertex 6.5000 9.6500 0.0000
    endloop
  endfacet
  facet normal 0.000000 -0.000000 -1.000000
    outer loop
      vertex 9.0700 11.1790 0.0000
      vertex 9.1753 11.2147 0.0000
      vertex 6.5000 9.6500 0.0000
    endloop
  endfacet
  facet normal 0.000000 -0.000000 -1.000000
    outer loop
      vertex 9.1753 11.2147 0.0000
      vertex 9.2750 11.2639 0.0000
      vertex 6.5000 9.6500 0.0000
    endloop
  endfacet
  facet normal 0.000000 -0.000000 1.000000
    outer loop
      vertex 9.2750 11.2639 0.0000
      vertex 9.3674 11.3256 0.0000
      vertex 6.5000 9.6500 0.0000
    endloop
  endfacet
  facet normal 0.000000 -0.000000 -1.000000
    outer loop
      vertex 9.3674 11.3256 0.0000
      vertex 11.2000 9.6500 0.0000
      vertex 6.5000 9.6500 0.0000
    endloop
  endfacet
  facet normal 0.000000 0.000000 -1.000000
    outer loop
      vertex 9.3674 11.3256 0.0000
      vertex 9.4510 11.3990 0.0000
      vertex 11.2000 9.6500 0.0000
    endloop
  endfacet
  facet normal 0.000000 0.000000 -1.000000
    outer loop
      vertex 9.4510 11.3990 0.0000
      vertex 9.5244 11.4826 0.0000
      vertex 11.2000 9.6500 0.0000
    endloop
  endfacet
  facet normal 0.000000 0.000000 -1.000000
    outer loop
      vertex 9.5244 11.4826 0.0000
      vertex 9.5861 11.5750 0.0000
      vertex 11.2000 9.6500 0.0000
    endloop
  endfacet
  facet normal 0.000000 0.000000 -1.000000
    outer loop
      vertex 9.5861 11.5750 0.0000
      vertex 9.6353 11.6747 0.0000
      vertex 11.2000 9.6500 0.0000
    endloop
  endfacet
  facet normal 0.000000 0.000000 -1.000000
    outer loop
      vertex 9.6353 11.6747 0.0000
      vertex 9.6710 11.7800 0.0000
      vertex 11.2000 9.6500 0.0000
    endloop
  endfacet
  facet normal 0.000000 0.000000 -1.000000
    outer loop
      vertex 9.6710 11.7800 0.0000
      vertex 9.6927 11.8891 0.0000
      vertex 11.2000 9.6500 0.0000
    endloop
  endfacet
  facet normal 0.000000 0.000000 -1.000000
    outer loop
      vertex 9.6927 11.8891 0.0000
      vertex 9.7000 12.0000 0.0000
      vertex 11.2000 9.6500 0.0000
    endloop
  endfacet
  facet normal 0.000000 0.000000 -1.000000
    outer loop
      vertex 9.7000 12.0000 0.0000
      vertex 9.6927 12.1109 0.0000
      vertex 11.2000 9.6500 0.0000
    endloop
  endfacet
  facet normal 0.000000 0.000000 -1.000000
    outer loop
      vertex 9.6927 12.1109 0.0000
      vertex 9.6710 12.2200 0.0000
      vertex 11.2000 9.6500 0.0000
    endloop
  endfacet
  facet normal 0.000000 0.000000 -1.000000
    outer loop
      vertex 9.6710 12.2200 0.0000
      vertex 9.6353 12.3253 0.0000
      vertex 11.2000 9.6500 0.0000
    endloop
  endfacet
  facet normal 0.000000 0.000000 -1.000000
    outer loop
      vertex 9.6353 12.3253 0.0000
      vertex 9.5861 12.4250 0.0000
      vertex 11.2000 9.6500 0.0000
    endloop
  endfacet
  facet normal 0.000000 0.000000 1.000000
    outer loop
      vertex 9.5861 12.4250 0.0000
      vertex 9.5244 12.5174 0.0000
      vertex 11.2000 9.6500 0.0000
    endloop
  endfacet
  facet normal 0.000000 0.000000 -1.000000
    outer loop
      vertex 9.5244 12.5174 0.0000
      vertex 11.2000 14.3500 0.0000
      vertex 11.2000 9.6500 0.0000
    endloop
  endfacet
  facet normal 0.000000 0.000000 -1.000000
    outer loop
      vertex 9.5244 12.5174 0.0000
      vertex 9.4510 12.6010 0.0000
      vertex 11.2000 14.3500 0.0000
    endloop
  endfacet
  facet normal 0.000000 0.000000 -1.000000
    outer loop
      vertex 9.4510 12.6010 0.0000
      vertex 9.3674 12.6744 0.0000
      vertex 11.2000 14.3500 0.0000
    endloop
  endfacet
  facet normal 0.000000 0.000000 -1.000000
    outer loop
      vertex 9.3674 12.6744 0.0000
      vertex 9.2750 12.7361 0.0000
      vertex 11.2000 14.3500 0.0000
    endloop
  endfacet
  facet normal 0.000000 0.000000 -1.000000
    outer loop
      vertex 9.2750 12.7361 0.0000
      vertex 9.1753 12.7853 0.0000
      vertex 11.2000 14.3500 0.0000
    endloop
  endfacet
  facet normal 0.000000 0.000000 -1.000000
    outer loop
      vertex 9.1753 12.7853 0.0000
      vertex 9.0700 12.8210 0.0000
      vertex 11.2000 14.3500 0.0000
    endloop
  endfacet
  facet normal 0.000000 0.000000 -1.000000
    outer loop
      vertex 9.0700 12.8210 0.0000
      vertex 8.9609 12.8427 0.0000
      vertex 11.2000 14.3500 0.0000
    endloop
  endfacet
  facet normal 0.000000 0.000000 -1.000000
    outer loop
      vertex 8.9609 12.8427 0.0000
      vertex 8.8500 12.8500 0.0000
      vertex 11.2000 14.3500 0.0000
    endloop
  endfacet
  facet normal -0.000000 0.000000 -1.000000
    outer loop
      vertex 8.8500 12.8500 0.0000
      vertex 8.7391 12.8427 0.0000
      vertex 11.2000 14.3500 0.0000
    endloop
  endfacet
  facet normal -0.000000 0.000000 -1.000000
    outer loop
      vertex 8.7391 12.8427 0.0000
      vertex 8.6300 12.8210 0.0000
      vertex 11.2000 14.3500 0.0000
    endloop
  endfacet
  facet normal -0.000000 0.000000 -1.000000
    outer loop
      vertex 8.6300 12.8210 0.0000
      vertex 8.5247 12.7853 0.0000
      vertex 11.2000 14.3500 0.0000
    endloop
  endfacet
  facet normal -0.000000 0.000000 -1.000000
    outer loop
      vertex 8.5247 12.7853 0.0000
      vertex 8.4250 12.7361 0.0000
      vertex 11.2000 14.3500 0.0000
    endloop
  endfacet
  facet normal -0.000000 0.000000 1.000000
    outer loop
      vertex 8.4250 12.7361 0.0000
      vertex 8.3326 12.6744 0.0000
      vertex 11.2000 14.3500 0.0000
    endloop
  endfacet
  facet normal 0.000000 0.000000 -1.000000
    outer loop
      vertex 8.3326 12.6744 0.0000
      vertex 6.5000 14.3500 0.0000
      vertex 11.2000 14.3500 0.0000
    endloop
  endfacet
  facet normal -0.000000 0.000000 -1.000000
    outer loop
      vertex 8.3326 12.6744 0.0000
      vertex 8.2490 12.6010 0.0000
      vertex 6.5000 14.3500 0.0000
    endloop
  endfacet
  facet normal -0.000000 0.000000 -1.000000
    outer loop
      vertex 8.2490 12.6010 0.0000
      vertex 8.1756 12.5174 0.0000
      vertex 6.5000 14.3500 0.0000
    endloop
  endfacet
  facet normal -0.000000 0.000000 -1.000000
    outer loop
      vertex 8.1756 12.5174 0.0000
      vertex 8.1139 12.4250 0.0000
      vertex 6.5000 14.3500 0.0000
    endloop
  endfacet
  facet normal -0.000000 0.000000 -1.000000
    outer loop
      vertex 8.1139 12.4250 0.0000
      vertex 8.0647 12.3253 0.0000
      vertex 6.5000 14.3500 0.0000
    endloop
  endfacet
  facet normal -0.000000 0.000000 -1.000000
    outer loop
      vertex 8.0647 12.3253 0.0000
      vertex 8.0290 12.2200 0.0000
      vertex 6.5000 14.3500 0.0000
    endloop
  endfacet
  facet normal -0.000000 0.000000 -1.000000
    outer loop
      vertex 8.0290 12.2200 0.0000
      vertex 8.0073 12.1109 0.0000
      vertex 6.5000 14.3500 0.0000
    endloop
  endfacet
  facet normal -0.000000 0.000000 -1.000000
    outer loop
      vertex 8.0073 12.1109 0.0000
      vertex 8.0000 12.0000 0.0000
      vertex 6.5000 14.3500 0.0000
    endloop
  endfacet
  facet normal -0.000000 -0.000000 -1.000000
    outer loop
      vertex 8.0000 12.0000 0.0000
      vertex 8.0073 11.8891 0.0000
      vertex 6.5000 14.3500 0.0000
    endloop
  endfacet
  facet normal -0.000000 -0.000000 -1.000000
    outer loop
      vertex 8.0073 11.8891 0.0000
      vertex 8.0290 11.7800 0.0000
      vertex 6.5000 14.3500 0.0000
    endloop
  endfacet
  facet normal -0.000000 -0.000000 -1.000000
    outer loop
      vertex 8.0290 11.7800 0.0000
      vertex 8.0647 11.6747 0.0000
      vertex 6.5000 14.3500 0.0000
    endloop
  endfacet
  facet normal -0.000000 -0.000000 -1.000000
    outer loop
      vertex 8.0647 11.6747 0.0000
      vertex 8.1139 11.5750 0.0000
      vertex 6.5000 14.3500 0.0000
    endloop
  endfacet
  facet normal -0.000000 -0.000000 1.000000
    outer loop
      vertex 8.1139 11.5750 0.0000
      vertex 8.1756 11.4826 0.0000
      vertex 6.5000 14.3500 0.0000
    endloop
  endfacet
  facet normal -0.000000 0.000000 -1.000000
    outer loop
      vertex 8.1756 11.4826 0.0000
      vertex 6.5000 9.6500 0.0000
      vertex 6.5000 14.3500 0.0000
    endloop
  endfacet
  facet normal 0.000000 -0.000000 -1.000000
    outer loop
      vertex 8.1756 11.4826 0.0000
      vertex 8.2490 11.3990 0.0000
      vertex 6.5000 9.6500 0.0000
    endloop
  endfacet
  facet normal 0.000000 -0.000000 -1.000000
    outer loop
      vertex 8.8500 18.1750 0.0000
      vertex 11.2000 14.3500 0.0000
      vertex 6.5000 14.3500 0.0000
    endloop
  endfacet
  facet normal 0.000000 0.000000 -1.000000
    outer loop
      vertex 8.8500 18.1750 0.0000
      vertex 11.2000 22.0000 0.0000
      vertex 11.2000 14.3500 0.0000
    endloop
  endfacet
  facet normal 0.000000 0.000000 -1.000000
    outer loop
      vertex 8.8500 18.1750 0.0000
      vertex 6.5000 22.0000 0.0000
      vertex 11.2000 22.0000 0.0000
    endloop
  endfacet
  facet normal -0.000000 0.000000 -1.000000
    outer loop
      vertex 8.8500 18.1750 0.0000
      vertex 6.5000 14.3500 0.0000
      vertex 6.5000 22.0000 0.0000
    endloop
  endfacet
  facet normal 0.000000 -0.000000 -1.000000
    outer loop
      vertex 8.8500 25.8250 0.0000
      vertex 11.2000 22.0000 0.0000
      vertex 6.5000 22.0000 0.0000
    endloop
  endfacet
  facet normal 0.000000 0.000000 -1.000000
    outer loop
      vertex 8.8500 25.8250 0.0000
      vertex 11.2000 29.6500 0.0000
      vertex 11.2000 22.0000 0.0000
    endloop
  endfacet
  facet normal 0.000000 0.000000 -1.000000
    outer loop
      vertex 8.8500 25.8250 0.0000
      vertex 6.5000 29.6500 0.0000
      vertex 11.2000 29.6500 0.0000
    endloop
  endfacet
  facet normal -0.000000 0.000000 -1.000000
    outer loop
      vertex 8.8500 25.8250 0.0000
      vertex 6.5000 22.0000 0.0000
      vertex 6.5000 29.6500 0.0000
    endloop
  endfacet
  facet normal 0.000000 -0.000000 -1.000000
    outer loop
      vertex 8.3326 31.3256 0.0000
      vertex 8.4250 31.2639 0.0000
      vertex 6.5000 29.6500 0.0000
    endloop
  endfacet
  facet normal 0.000000 -0.000000 -1.000000
    outer loop
      vertex 8.4250 31.2639 0.0000
      vertex 8.5247 31.2147 0.0000
      vertex 6.5000 29.6500 0.0000
    endloop
  endfacet
  facet normal 0.000000 -0.000000 -1.000000
    outer loop
      vertex 8.5247 31.2147 0.0000
      vertex 8.6300 31.1790 0.0000
      vertex 6.5000 29.6500 0.0000
    endloop
  endfacet
  facet normal 0.000000 -0.000000 -1.000000
    outer loop
      vertex 8.6300 31.1790 0.0000
      vertex 8.7391 31.1573 0.0000
      vertex 6.5000 29.6500 0.0000
    endloop
  endfacet
  facet normal 0.000000 -0.000000 -1.000000
    outer loop
      vertex 8.7391 31.1573 0.0000
      vertex 8.8500 31.1500 0.0000
      vertex 6.5000 29.6500 0.0000
    endloop
  endfacet
  facet normal 0.000000 -0.000000 -1.000000
    outer loop
      vertex 8.8500 31.1500 0.0000
      vertex 8.9609 31.1573 0.0000
      vertex 6.5000 29.6500 0.0000
    endloop
  endfacet
  facet normal 0.000000 -0.000000 -1.000000
    outer loop
      vertex 8.9609 31.1573 0.0000
      vertex 9.0700 31.1790 0.0000
      vertex 6.5000 29.6500 0.0000
    endloop
  endfacet
  facet normal 0.000000 -0.000000 -1.000000
    outer loop
      vertex 9.0700 31.1790 0.0000
      vertex 9.1753 31.2147 0.0000
      vertex 6.5000 29.6500 0.0000
    endloop
  endfacet
  facet normal 0.000000 -0.000000 -1.000000
    outer loop
      vertex 9.1753 31.2147 0.0000
      vertex 9.2750 31.2639 0.0000
      vertex 6.5000 29.6500 0.0000
    endloop
  endfacet
  facet normal 0.000000 -0.000000 1.000000
    outer loop
      vertex 9.2750 31.2639 0.0000
      vertex 9.3674 31.3256 0.0000
      vertex 6.5000 29.6500 0.0000
    endloop
  endfacet
  facet normal 0.000000 -0.000000 -1.000000
    outer loop
      vertex 9.3674 31.3256 0.0000
      vertex 11.2000 29.6500 0.0000
      vertex 6.5000 29.6500 0.0000
    endloop
  endfacet
  facet normal 0.000000 0.000000 -1.000000
    outer loop
      vertex 9.3674 31.3256 0.0000
      vertex 9.4510 31.3990 0.0000
      vertex 11.2000 29.6500 0.0000
    endloop
  endfacet
  facet normal 0.000000 0.000000 -1.000000
    outer loop
      vertex 9.4510 31.3990 0.0000
      vertex 9.5244 31.4826 0.0000
      vertex 11.2000 29.6500 0.0000
    endloop
  endfacet
  facet normal 0.000000 0.000000 -1.000000
    outer loop
      vertex 9.5244 31.4826 0.0000
      vertex 9.5861 31.5750 0.0000
      vertex 11.2000 29.6500 0.0000
    endloop
  endfacet
  facet normal 0.000000 0.000000 -1.000000
    outer loop
      vertex 9.5861 31.5750 0.0000
      vertex 9.6353 31.6747 0.0000
      vertex 11.2000 29.6500 0.0000
    endloop
  endfacet
  facet normal 0.000000 0.000000 -1.000000
    outer loop
      vertex 9.6353 31.6747 0.0000
      vertex 9.6710 31.7800 0.0000
      vertex 11.2000 29.6500 0.0000
    endloop
  endfacet
  facet normal 0.000000 0.000000 -1.000000
    outer loop
      vertex 9.6710 31.7800 0.0000
      vertex 9.6927 31.8891 0.0000
      vertex 11.2000 29.6500 0.0000
    endloop
  endfacet
  facet normal 0.000000 0.000000 -1.000000
    outer loop
      vertex 9.6927 31.8891 0.0000
      vertex 9.7000 32.0000 0.0000
      vertex 11.2000 29.6500 0.0000
    endloop
  endfacet
  facet normal 0.000000 0.000000 -1.000000
    outer loop
      vertex 9.7000 32.0000 0.0000
      vertex 9.6927 32.1109 0.0000
      vertex 11.2000 29.6500 0.0000
    endloop
  endfacet
  facet normal 0.000000 0.000000 -1.000000
    outer loop
      vertex 9.6927 32.1109 0.0000
      vertex 9.6710 32.2200 0.0000
      vertex 11.2000 29.6500 0.0000
    endloop
  endfacet
  facet normal 0.000000 0.000000 -1.000000
    outer loop
      vertex 9.6710 32.2200 0.0000
      vertex 9.6353 32.3253 0.0000
      vertex 11.2000 29.6500 0.0000
    endloop
  endfacet
  facet normal 0.000000 0.000000 -1.000000
    outer loop
      vertex 9.6353 32.3253 0.0000
      vertex 9.5861 32.4250 0.0000
      vertex 11.2000 29.6500 0.0000
    endloop
  endfacet
  facet normal 0.000000 0.000000 1.000000
    outer loop
      vertex 9.5861 32.4250 0.0000
      vertex 9.5244 32.5174 0.0000
      vertex 11.2000 29.6500 0.0000
    endloop
  endfacet
  facet normal 0.000000 0.000000 1.000000
    outer loop
      vertex 9.5244 32.5174 0.0000
      vertex 9.4510 32.6010 0.0000
      vertex 11.2000 29.6500 0.0000
    endloop
  endfacet
  facet normal 0.000000 0.000000 -1.000000
    outer loop
      vertex 9.4510 32.6010 0.0000
      vertex 11.2000 34.3500 0.0000
      vertex 11.2000 29.6500 0.0000
    endloop
  endfacet
  facet normal 0.000000 0.000000 -1.000000
    outer loop
      vertex 9.4510 32.6010 0.0000
      vertex 9.3674 32.6744 0.0000
      vertex 11.2000 34.3500 0.0000
    endloop
  endfacet
  facet normal 0.000000 0.000000 -1.000000
    outer loop
      vertex 9.3674 32.6744 0.0000
      vertex 9.2750 32.7361 0.0000
      vertex 11.2000 34.3500 0.0000
    endloop
  endfacet
  facet normal 0.000000 0.000000 -1.000000
    outer loop
      vertex 9.2750 32.7361 0.0000
      vertex 9.1753 32.7853 0.0000
      vertex 11.2000 34.3500 0.0000
    endloop
  endfacet
  facet normal 0.000000 0.000000 -1.000000
    outer loop
      vertex 9.1753 32.7853 0.0000
      vertex 9.0700 32.8210 0.0000
      vertex 11.2000 34.3500 0.0000
    endloop
  endfacet
  facet normal 0.000000 0.000000 -1.000000
    outer loop
      vertex 9.0700 32.8210 0.0000
      vertex 8.9609 32.8427 0.0000
      vertex 11.2000 34.3500 0.0000
    endloop
  endfacet
  facet normal 0.000000 0.000000 -1.000000
    outer loop
      vertex 8.9609 32.8427 0.0000
      vertex 8.8500 32.8500 0.0000
      vertex 11.2000 34.3500 0.0000
    endloop
  endfacet
  facet normal -0.000000 0.000000 -1.000000
    outer loop
      vertex 8.8500 32.8500 0.0000
      vertex 8.7391 32.8427 0.0000
      vertex 11.2000 34.3500 0.0000
    endloop
  endfacet
  facet normal -0.000000 0.000000 -1.000000
    outer loop
      vertex 8.7391 32.8427 0.0000
      vertex 8.6300 32.8210 0.0000
      vertex 11.2000 34.3500 0.0000
    endloop
  endfacet
  facet normal -0.000000 0.000000 -1.000000
    outer loop
      vertex 8.6300 32.8210 0.0000
      vertex 8.5247 32.7853 0.0000
      vertex 11.2000 34.3500 0.0000
    endloop
  endfacet
  facet normal -0.000000 0.000000 -1.000000
    outer loop
      vertex 8.5247 32.7853 0.0000
      vertex 8.4250 32.7361 0.0000
      vertex 11.2000 34.3500 0.0000
    endloop
  endfacet
  facet normal -0.000000 0.000000 1.000000
    outer loop
      vertex 8.4250 32.7361 0.0000
      vertex 8.3326 32.6744 0.0000
      vertex 11.2000 34.3500 0.0000
    endloop
  endfacet
  facet normal 0.000000 0.000000 -1.000000
    outer loop
      vertex 8.3326 32.6744 0.0000
      vertex 6.5000 34.3500 0.0000
      vertex 11.2000 34.3500 0.0000
    endloop
  endfacet
  facet normal -0.000000 0.000000 -1.000000
    outer loop
      vertex 8.3326 32.6744 0.0000
      vertex 8.2490 32.6010 0.0000
      vertex 6.5000 34.3500 0.0000
    endloop
  endfacet
  facet normal -0.000000 0.000000 -1.000000
    outer loop
      vertex 8.2490 32.6010 0.0000
      vertex 8.1756 32.5174 0.0000
      vertex 6.5000 34.3500 0.0000
    endloop
  endfacet
  facet normal -0.000000 0.000000 -1.000000
    outer loop
      vertex 8.1756 32.5174 0.0000
      vertex 8.1139 32.4250 0.0000
      vertex 6.5000 34.3500 0.0000
    endloop
  endfacet
  facet normal -0.000000 0.000000 -1.000000
    outer loop
      vertex 8.1139 32.4250 0.0000
      vertex 8.0647 32.3253 0.0000
      vertex 6.5000 34.3500 0.0000
    endloop
  endfacet
  facet normal -0.000000 0.000000 -1.000000
    outer loop
      vertex 8.0647 32.3253 0.0000
      vertex 8.0290 32.2200 0.0000
      vertex 6.5000 34.3500 0.0000
    endloop
  endfacet
  facet normal -0.000000 0.000000 -1.000000
    outer loop
      vertex 8.0290 32.2200 0.0000
      vertex 8.0073 32.1109 0.0000
      vertex 6.5000 34.3500 0.0000
    endloop
  endfacet
  facet normal -0.000000 0.000000 -1.000000
    outer loop
      vertex 8.0073 32.1109 0.0000
      vertex 8.0000 32.0000 0.0000
      vertex 6.5000 34.3500 0.0000
    endloop
  endfacet
  facet normal -0.000000 -0.000000 -1.000000
    outer loop
      vertex 8.0000 32.0000 0.0000
      vertex 8.0073 31.8891 0.0000
      vertex 6.5000 34.3500 0.0000
    endloop
  endfacet
  facet normal -0.000000 -0.000000 -1.000000
    outer loop
      vertex 8.0073 31.8891 0.0000
      vertex 8.0290 31.7800 0.0000
      vertex 6.5000 34.3500 0.0000
    endloop
  endfacet
  facet normal -0.000000 -0.000000 -1.000000
    outer loop
      vertex 8.0290 31.7800 0.0000
      vertex 8.0647 31.6747 0.0000
      vertex 6.5000 34.3500 0.0000
    endloop
  endfacet
  facet normal -0.000000 -0.000000 -1.000000
    outer loop
      vertex 8.0647 31.6747 0.0000
      vertex 8.1139 31.5750 0.0000
      vertex 6.5000 34.3500 0.0000
    endloop
  endfacet
  facet normal -0.000000 -0.000000 1.000000
    outer loop
      vertex 8.1139 31.5750 0.0000
      vertex 8.1756 31.4826 0.0000
      vertex 6.5000 34.3500 0.0000
    endloop
  endfacet
  facet normal -0.000000 0.000000 -1.000000
    outer loop
      vertex 8.1756 31.4826 0.0000
      vertex 6.5000 29.6500 0.0000
      vertex 6.5000 34.3500 0.0000
    endloop
  endfacet
  facet normal 0.000000 -0.000000 -1.000000
    outer loop
      vertex 8.1756 31.4826 0.0000
      vertex 8.2490 31.3990 0.0000
      vertex 6.5000 29.6500 0.0000
    endloop
  endfacet
  facet normal 0.000000 -0.000000 -1.000000
    outer loop
      vertex 8.2490 31.3990 0.0000
      vertex 8.3326 31.3256 0.0000
      vertex 6.5000 29.6500 0.0000
    endloop
  endfacet
  facet normal 0.000000 -0.000000 -1.000000
    outer loop
      vertex 8.8500 43.4400 0.0000
      vertex 11.2000 34.3500 0.0000
      vertex 6.5000 34.3500 0.0000
    endloop
  endfacet
  facet normal 0.000000 0.000000 -1.000000
    outer loop
      vertex 8.8500 43.4400 0.0000
      vertex 11.2000 52.5300 0.0000
      vertex 11.2000 34.3500 0.0000
    endloop
  endfacet
  facet normal 0.000000 0.000000 -1.000000
    outer loop
      vertex 8.8500 43.4400 0.0000
      vertex 6.5000 52.5300 0.0000
      vertex 11.2000 52.5300 0.0000
    endloop
  endfacet
  facet normal -0.000000 0.000000 -1.000000
    outer loop
      vertex 8.8500 43.4400 0.0000
      vertex 6.5000 34.3500 0.0000
      vertex 6.5000 52.5300 0.0000
    endloop
  endfacet
  facet normal 0.000000 -0.000000 -1.000000
    outer loop
      vertex 12.9000 23.8956 0.0000
      vertex 18.8500 0.0000 0.0000
      vertex 11.2000 0.0000 0.0000
    endloop
  endfacet
  facet normal 0.000000 0.000000 -1.000000
    outer loop
      vertex 12.9000 23.8956 0.0000
      vertex 18.8500 52.5300 0.0000
      vertex 18.8500 0.0000 0.0000
    endloop
  endfacet
  facet normal 0.000000 0.000000 -1.000000
    outer loop
      vertex 12.9000 23.8956 0.0000
      vertex 11.2000 52.5300 0.0000
      vertex 18.8500 52.5300 0.0000
    endloop
  endfacet
  facet normal 0.000000 0.000000 -1.000000
    outer loop
      vertex 12.9000 23.8956 0.0000
      vertex 11.2000 34.3500 0.0000
      vertex 11.2000 52.5300 0.0000
    endloop
  endfacet
  facet normal 0.000000 0.000000 -1.000000
    outer loop
      vertex 12.9000 23.8956 0.0000
      vertex 11.2000 29.6500 0.0000
      vertex 11.2000 34.3500 0.0000
    endloop
  endfacet
  facet normal -0.000000 0.000000 -1.000000
    outer loop
      vertex 12.9000 23.8956 0.0000
      vertex 11.2000 22.0000 0.0000
      vertex 11.2000 29.6500 0.0000
    endloop
  endfacet
  facet normal 0.000000 0.000000 -1.000000
    outer loop
      vertex 12.9000 23.8956 0.0000
      vertex 11.2000 14.3500 0.0000
      vertex 11.2000 22.0000 0.0000
    endloop
  endfacet
  facet normal 0.000000 0.000000 -1.000000
    outer loop
      vertex 12.9000 23.8956 0.0000
      vertex 11.2000 9.6500 0.0000
      vertex 11.2000 14.3500 0.0000
    endloop
  endfacet
  facet normal 0.000000 0.000000 -1.000000
    outer loop
      vertex 12.9000 23.8956 0.0000
      vertex 11.2000 0.0000 0.0000
      vertex 11.2000 9.6500 0.0000
    endloop
  endfacet
  facet normal 0.000000 -0.000000 -1.000000
    outer loop
      vertex 24.8000 23.8956 0.0000
      vertex 26.5000 0.0000 0.0000
      vertex 18.8500 0.0000 0.0000
    endloop
  endfacet
  facet normal 0.000000 0.000000 -1.000000
    outer loop
      vertex 24.8000 23.8956 0.0000
      vertex 26.5000 9.6500 0.0000
      vertex 26.5000 0.0000 0.0000
    endloop
  endfacet
  facet normal 0.000000 0.000000 -1.000000
    outer loop
      vertex 24.8000 23.8956 0.0000
      vertex 26.5000 14.3500 0.0000
      vertex 26.5000 9.6500 0.0000
    endloop
  endfacet
  facet normal 0.000000 0.000000 -1.000000
    outer loop
      vertex 24.8000 23.8956 0.0000
      vertex 26.5000 22.0000 0.0000
      vertex 26.5000 14.3500 0.0000
    endloop
  endfacet
  facet normal 0.000000 0.000000 -1.000000
    outer loop
      vertex 24.8000 23.8956 0.0000
      vertex 26.5000 29.6500 0.0000
      vertex 26.5000 22.0000 0.0000
    endloop
  endfacet
  facet normal 0.000000 0.000000 -1.000000
    outer loop
      vertex 24.8000 23.8956 0.0000
      vertex 26.5000 34.3500 0.0000
      vertex 26.5000 29.6500 0.0000
    endloop
  endfacet
  facet normal 0.000000 0.000000 -1.000000
    outer loop
      vertex 24.8000 23.8956 0.0000
      vertex 26.5000 52.5300 0.0000
      vertex 26.5000 34.3500 0.0000
    endloop
  endfacet
  facet normal 0.000000 0.000000 -1.000000
    outer loop
      vertex 24.8000 23.8956 0.0000
      vertex 18.8500 52.5300 0.0000
      vertex 26.5000 52.5300 0.0000
    endloop
  endfacet
  facet normal -0.000000 0.000000 -1.000000
    outer loop
      vertex 24.8000 23.8956 0.0000
      vertex 18.8500 0.0000 0.0000
      vertex 18.8500 52.5300 0.0000
    endloop
  endfacet
  facet normal 0.000000 -0.000000 -1.000000
    outer loop
      vertex 28.8500 4.8250 0.0000
      vertex 31.2000 0.0000 0.0000
      vertex 26.5000 0.0000 0.0000
    endloop
  endfacet
  facet normal 0.000000 0.000000 -1.000000
    outer loop
      vertex 28.8500 4.8250 0.0000
      vertex 31.2000 9.6500 0.0000
      vertex 31.2000 0.0000 0.0000
    endloop
  endfacet
  facet normal 0.000000 0.000000 -1.000000
    outer loop
      vertex 28.8500 4.8250 0.0000
      vertex 26.5000 9.6500 0.0000
      vertex 31.2000 9.6500 0.0000
    endloop
  endfacet
  facet normal -0.000000 0.000000 -1.000000
    outer loop
      vertex 28.8500 4.8250 0.0000
      vertex 26.5000 0.0000 0.0000
      vertex 26.5000 9.6500 0.0000
    endloop
  endfacet
  facet normal 0.000000 -0.000000 -1.000000
    outer loop
      vertex 28.2490 11.3990 0.0000
      vertex 28.3326 11.3256 0.0000
      vertex 26.5000 9.6500 0.0000
    endloop
  endfacet
  facet normal 0.000000 -0.000000 -1.000000
    outer loop
      vertex 28.3326 11.3256 0.0000
      vertex 28.4250 11.2639 0.0000
      vertex 26.5000 9.6500 0.0000
    endloop
  endfacet
  facet normal 0.000000 -0.000000 -1.000000
    outer loop
      vertex 28.4250 11.2639 0.0000
      vertex 28.5247 11.2147 0.0000
      vertex 26.5000 9.6500 0.0000
    endloop
  endfacet
  facet normal 0.000000 -0.000000 -1.000000
    outer loop
      vertex 28.5247 11.2147 0.0000
      vertex 28.6300 11.1790 0.0000
      vertex 26.5000 9.6500 0.0000
    endloop
  endfacet
  facet normal 0.000000 -0.000000 -1.000000
    outer loop
      vertex 28.6300 11.1790 0.0000
      vertex 28.7391 11.1573 0.0000
      vertex 26.5000 9.6500 0.0000
    endloop
  endfacet
  facet normal 0.000000 -0.000000 -1.000000
    outer loop
      vertex 28.7391 11.1573 0.0000
      vertex 28.8500 11.1500 0.0000
      vertex 26.5000 9.6500 0.0000
    endloop
  endfacet
  facet normal 0.000000 -0.000000 -1.000000
    outer loop
      vertex 28.8500 11.1500 0.0000
      vertex 28.9609 11.1573 0.0000
      vertex 26.5000 9.6500 0.0000
    endloop
  endfacet
  facet normal 0.000000 -0.000000 -1.000000
    outer loop
      vertex 28.9609 11.1573 0.0000
      vertex 29.0700 11.1790 0.0000
      vertex 26.5000 9.6500 0.0000
    endloop
  endfacet
  facet normal 0.000000 -0.000000 -1.000000
    outer loop
      vertex 29.0700 11.1790 0.0000
      vertex 29.1753 11.2147 0.0000
      vertex 26.5000 9.6500 0.0000
    endloop
  endfacet
  facet normal 0.000000 -0.000000 -1.000000
    outer loop
      vertex 29.1753 11.2147 0.0000
      vertex 29.2750 11.2639 0.0000
      vertex 26.5000 9.6500 0.0000
    endloop
  endfacet
  facet normal 0.000000 -0.000000 1.000000
    outer loop
      vertex 29.2750 11.2639 0.0000
      vertex 29.3674 11.3256 0.0000
      vertex 26.5000 9.6500 0.0000
    endloop
  endfacet
  facet normal 0.000000 -0.000000 1.000000
    outer loop
      vertex 29.3674 11.3256 0.0000
      vertex 29.4510 11.3990 0.0000
      vertex 26.5000 9.6500 0.0000
    endloop
  endfacet
  facet normal 0.000000 -0.000000 -1.000000
    outer loop
      vertex 29.4510 11.3990 0.0000
      vertex 31.2000 9.6500 0.0000
      vertex 26.5000 9.6500 0.0000
    endloop
  endfacet
  facet normal 0.000000 0.000000 -1.000000
    outer loop
      vertex 29.4510 11.3990 0.0000
      vertex 29.5244 11.4826 0.0000
      vertex 31.2000 9.6500 0.0000
    endloop
  endfacet
  facet normal 0.000000 0.000000 -1.000000
    outer loop
      vertex 29.5244 11.4826 0.0000
      vertex 29.5861 11.5750 0.0000
      vertex 31.2000 9.6500 0.0000
    endloop
  endfacet
  facet normal 0.000000 0.000000 -1.000000
    outer loop
      vertex 29.5861 11.5750 0.0000
      vertex 29.6353 11.6747 0.0000
      vertex 31.2000 9.6500 0.0000
    endloop
  endfacet
  facet normal 0.000000 0.000000 -1.000000
    outer loop
      vertex 29.6353 11.6747 0.0000
      vertex 29.6710 11.7800 0.0000
      vertex 31.2000 9.6500 0.0000
    endloop
  endfacet
  facet normal 0.000000 0.000000 -1.000000
    outer loop
      vertex 29.6710 11.7800 0.0000
      vertex 29.6927 11.8891 0.0000
      vertex 31.2000 9.6500 0.0000
    endloop
  endfacet
  facet normal 0.000000 0.000000 -1.000000
    outer loop
      vertex 29.6927 11.8891 0.0000
      vertex 29.7000 12.0000 0.0000
      vertex 31.2000 9.6500 0.0000
    endloop
  endfacet
  facet normal 0.000000 0.000000 -1.000000
    outer loop
      vertex 29.7000 12.0000 0.0000
      vertex 29.6927 12.1109 0.0000
      vertex 31.2000 9.6500 0.0000
    endloop
  endfacet
  facet normal 0.000000 0.000000 -1.000000
    outer loop
      vertex 29.6927 12.1109 0.0000
      vertex 29.6710 12.2200 0.0000
      vertex 31.2000 9.6500 0.0000
    endloop
  endfacet
  facet normal 0.000000 0.000000 -1.000000
    outer loop
      vertex 29.6710 12.2200 0.0000
      vertex 29.6353 12.3253 0.0000
      vertex 31.2000 9.6500 0.0000
    endloop
  endfacet
  facet normal 0.000000 0.000000 -1.000000
    outer loop
      vertex 29.6353 12.3253 0.0000
      vertex 29.5861 12.4250 0.0000
      vertex 31.2000 9.6500 0.0000
    endloop
  endfacet
  facet normal 0.000000 0.000000 1.000000
    outer loop
      vertex 29.5861 12.4250 0.0000
      vertex 29.5244 12.5174 0.0000
      vertex 31.2000 9.6500 0.0000
    endloop
  endfacet
  facet normal 0.000000 0.000000 -1.000000
    outer loop
      vertex 29.5244 12.5174 0.0000
      vertex 31.2000 14.3500 0.0000
      vertex 31.2000 9.6500 0.0000
    endloop
  endfacet
  facet normal 0.000000 0.000000 -1.000000
    outer loop
      vertex 29.5244 12.5174 0.0000
      vertex 29.4510 12.6010 0.0000
      vertex 31.2000 14.3500 0.0000
    endloop
  endfacet
  facet normal 0.000000 0.000000 -1.000000
    outer loop
      vertex 29.4510 12.6010 0.0000
      vertex 29.3674 12.6744 0.0000
      vertex 31.2000 14.3500 0.0000
    endloop
  endfacet
  facet normal 0.000000 0.000000 -1.000000
    outer loop
      vertex 29.3674 12.6744 0.0000
      vertex 29.2750 12.7361 0.0000
      vertex 31.2000 14.3500 0.0000
    endloop
  endfacet
  facet normal 0.000000 0.000000 -1.000000
    outer loop
      vertex 29.2750 12.7361 0.0000
      vertex 29.1753 12.7853 0.0000
      vertex 31.2000 14.3500 0.0000
    endloop
  endfacet
  facet normal 0.000000 0.000000 -1.000000
    outer loop
      vertex 29.1753 12.7853 0.0000
      vertex 29.0700 12.8210 0.0000
      vertex 31.2000 14.3500 0.0000
    endloop
  endfacet
  facet normal 0.000000 0.000000 -1.000000
    outer loop
      vertex 29.0700 12.8210 0.0000
      vertex 28.9609 12.8427 0.0000
      vertex 31.2000 14.3500 0.0000
    endloop
  endfacet
  facet normal 0.000000 0.000000 -1.000000
    outer loop
      vertex 28.9609 12.8427 0.0000
      vertex 28.8500 12.8500 0.0000
      vertex 31.2000 14.3500 0.0000
    endloop
  endfacet
  facet normal -0.000000 0.000000 -1.000000
    outer loop
      vertex 28.8500 12.8500 0.0000
      vertex 28.7391 12.8427 0.0000
      vertex 31.2000 14.3500 0.0000
    endloop
  endfacet
  facet normal -0.000000 0.000000 -1.000000
    outer loop
      vertex 28.7391 12.8427 0.0000
      vertex 28.6300 12.8210 0.0000
      vertex 31.2000 14.3500 0.0000
    endloop
  endfacet
  facet normal -0.000000 0.000000 -1.000000
    outer loop
      vertex 28.6300 12.8210 0.0000
      vertex 28.5247 12.7853 0.0000
      vertex 31.2000 14.3500 0.0000
    endloop
  endfacet
  facet normal -0.000000 0.000000 -1.000000
    outer loop
      vertex 28.5247 12.7853 0.0000
      vertex 28.4250 12.7361 0.0000
      vertex 31.2000 14.3500 0.0000
    endloop
  endfacet
  facet normal -0.000000 0.000000 1.000000
    outer loop
      vertex 28.4250 12.7361 0.0000
      vertex 28.3326 12.6744 0.0000
      vertex 31.2000 14.3500 0.0000
    endloop
  endfacet
  facet normal -0.000000 0.000000 1.000000
    outer loop
      vertex 28.3326 12.6744 0.0000
      vertex 28.2490 12.6010 0.0000
      vertex 31.2000 14.3500 0.0000
    endloop
  endfacet
  facet normal 0.000000 0.000000 -1.000000
    outer loop
      vertex 28.2490 12.6010 0.0000
      vertex 26.5000 14.3500 0.0000
      vertex 31.2000 14.3500 0.0000
    endloop
  endfacet
  facet normal -0.000000 0.000000 -1.000000
    outer loop
      vertex 28.2490 12.6010 0.0000
      vertex 28.1756 12.5174 0.0000
      vertex 26.5000 14.3500 0.0000
    endloop
  endfacet
  facet normal -0.000000 0.000000 -1.000000
    outer loop
      vertex 28.1756 12.5174 0.0000
      vertex 28.1139 12.4250 0.0000
      vertex 26.5000 14.3500 0.0000
    endloop
  endfacet
  facet normal -0.000000 0.000000 -1.000000
    outer loop
      vertex 28.1139 12.4250 0.0000
      vertex 28.0647 12.3253 0.0000
      vertex 26.5000 14.3500 0.0000
    endloop
  endfacet
  facet normal -0.000000 0.000000 -1.000000
    outer loop
      vertex 28.0647 12.3253 0.0000
      vertex 28.0290 12.2200 0.0000
      vertex 26.5000 14.3500 0.0000
    endloop
  endfacet
  facet normal -0.000000 0.000000 -1.000000
    outer loop
      vertex 28.0290 12.2200 0.0000
      vertex 28.0073 12.1109 0.0000
      vertex 26.5000 14.3500 0.0000
    endloop
  endfacet
  facet normal -0.000000 0.000000 -1.000000
    outer loop
      vertex 28.0073 12.1109 0.0000
      vertex 28.0000 12.0000 0.0000
      vertex 26.5000 14.3500 0.0000
    endloop
  endfacet
  facet normal -0.000000 -0.000000 -1.000000
    outer loop
      vertex 28.0000 12.0000 0.0000
      vertex 28.0073 11.8891 0.0000
      vertex 26.5000 14.3500 0.0000
    endloop
  endfacet
  facet normal -0.000000 -0.000000 -1.000000
    outer loop
      vertex 28.0073 11.8891 0.0000
      vertex 28.0290 11.7800 0.0000
      vertex 26.5000 14.3500 0.0000
    endloop
  endfacet
  facet normal -0.000000 -0.000000 -1.000000
    outer loop
      vertex 28.0290 11.7800 0.0000
      vertex 28.0647 11.6747 0.0000
      vertex 26.5000 14.3500 0.0000
    endloop
  endfacet
  facet normal -0.000000 -0.000000 -1.000000
    outer loop
      vertex 28.0647 11.6747 0.0000
      vertex 28.1139 11.5750 0.0000
      vertex 26.5000 14.3500 0.0000
    endloop
  endfacet
  facet normal -0.000000 -0.000000 1.000000
    outer loop
      vertex 28.1139 11.5750 0.0000
      vertex 28.1756 11.4826 0.0000
      vertex 26.5000 14.3500 0.0000
    endloop
  endfacet
  facet normal -0.000000 0.000000 -1.000000
    outer loop
      vertex 28.1756 11.4826 0.0000
      vertex 26.5000 9.6500 0.0000
      vertex 26.5000 14.3500 0.0000
    endloop
  endfacet
  facet normal 0.000000 -0.000000 -1.000000
    outer loop
      vertex 28.1756 11.4826 0.0000
      vertex 28.2490 11.3990 0.0000
      vertex 26.5000 9.6500 0.0000
    endloop
  endfacet
  facet normal 0.000000 -0.000000 -1.000000
    outer loop
      vertex 28.8500 18.1750 0.0000
      vertex 31.2000 14.3500 0.0000
      vertex 26.5000 14.3500 0.0000
    endloop
  endfacet
  facet normal 0.000000 0.000000 -1.000000
    outer loop
      vertex 28.8500 18.1750 0.0000
      vertex 31.2000 22.0000 0.0000
      vertex 31.2000 14.3500 0.0000
    endloop
  endfacet
  facet normal 0.000000 0.000000 -1.000000
    outer loop
      vertex 28.8500 18.1750 0.0000
      vertex 26.5000 22.0000 0.0000
      vertex 31.2000 22.0000 0.0000
    endloop
  endfacet
  facet normal -0.000000 0.000000 -1.000000
    outer loop
      vertex 28.8500 18.1750 0.0000
      vertex 26.5000 14.3500 0.0000
      vertex 26.5000 22.0000 0.0000
    endloop
  endfacet
  facet normal 0.000000 -0.000000 -1.000000
    outer loop
      vertex 28.8500 25.8250 0.0000
      vertex 31.2000 22.0000 0.0000
      vertex 26.5000 22.0000 0.0000
    endloop
  endfacet
  facet normal 0.000000 0.000000 -1.000000
    outer loop
      vertex 28.8500 25.8250 0.0000
      vertex 31.2000 29.6500 0.0000
      vertex 31.2000 22.0000 0.0000
    endloop
  endfacet
  facet normal 0.000000 0.000000 -1.000000
    outer loop
      vertex 28.8500 25.8250 0.0000
      vertex 26.5000 29.6500 0.0000
      vertex 31.2000 29.6500 0.0000
    endloop
  endfacet
  facet normal -0.000000 0.000000 -1.000000
    outer loop
      vertex 28.8500 25.8250 0.0000
      vertex 26.5000 22.0000 0.0000
      vertex 26.5000 29.6500 0.0000
    endloop
  endfacet
  facet normal 0.000000 -0.000000 -1.000000
    outer loop
      vertex 28.2490 31.3990 0.0000
      vertex 28.3326 31.3256 0.0000
      vertex 26.5000 29.6500 0.0000
    endloop
  endfacet
  facet normal 0.000000 -0.000000 -1.000000
    outer loop
      vertex 28.3326 31.3256 0.0000
      vertex 28.4250 31.2639 0.0000
      vertex 26.5000 29.6500 0.0000
    endloop
  endfacet
  facet normal 0.000000 -0.000000 -1.000000
    outer loop
      vertex 28.4250 31.2639 0.0000
      vertex 28.5247 31.2147 0.0000
      vertex 26.5000 29.6500 0.0000
    endloop
  endfacet
  facet normal 0.000000 -0.000000 -1.000000
    outer loop
      vertex 28.5247 31.2147 0.0000
      vertex 28.6300 31.1790 0.0000
      vertex 26.5000 29.6500 0.0000
    endloop
  endfacet
  facet normal 0.000000 -0.000000 -1.000000
    outer loop
      vertex 28.6300 31.1790 0.0000
      vertex 28.7391 31.1573 0.0000
      vertex 26.5000 29.6500 0.0000
    endloop
  endfacet
  facet normal 0.000000 -0.000000 -1.000000
    outer loop
      vertex 28.7391 31.1573 0.0000
      vertex 28.8500 31.1500 0.0000
      vertex 26.5000 29.6500 0.0000
    endloop
  endfacet
  facet normal 0.000000 -0.000000 -1.000000
    outer loop
      vertex 28.8500 31.1500 0.0000
      vertex 28.9609 31.1573 0.0000
      vertex 26.5000 29.6500 0.0000
    endloop
  endfacet
  facet normal 0.000000 -0.000000 -1.000000
    outer loop
      vertex 28.9609 31.1573 0.0000
      vertex 29.0700 31.1790 0.0000
      vertex 26.5000 29.6500 0.0000
    endloop
  endfacet
  facet normal 0.000000 -0.000000 -1.000000
    outer loop
      vertex 29.0700 31.1790 0.0000
      vertex 29.1753 31.2147 0.0000
      vertex 26.5000 29.6500 0.0000
    endloop
  endfacet
  facet normal 0.000000 -0.000000 -1.000000
    outer loop
      vertex 29.1753 31.2147 0.0000
      vertex 29.2750 31.2639 0.0000
      vertex 26.5000 29.6500 0.0000
    endloop
  endfacet
  facet normal 0.000000 -0.000000 1.000000
    outer loop
      vertex 29.2750 31.2639 0.0000
      vertex 29.3674 31.3256 0.0000
      vertex 26.5000 29.6500 0.0000
    endloop
  endfacet
  facet normal 0.000000 -0.000000 -1.000000
    outer loop
      vertex 29.3674 31.3256 0.0000
      vertex 31.2000 29.6500 0.0000
      vertex 26.5000 29.6500 0.0000
    endloop
  endfacet
  facet normal 0.000000 0.000000 -1.000000
    outer loop
      vertex 29.3674 31.3256 0.0000
      vertex 29.4510 31.3990 0.0000
      vertex 31.2000 29.6500 0.0000
    endloop
  endfacet
  facet normal 0.000000 0.000000 -1.000000
    outer loop
      vertex 29.4510 31.3990 0.0000
      vertex 29.5244 31.4826 0.0000
      vertex 31.2000 29.6500 0.0000
    endloop
  endfacet
  facet normal 0.000000 0.000000 -1.000000
    outer loop
      vertex 29.5244 31.4826 0.0000
      vertex 29.5861 31.5750 0.0000
      vertex 31.2000 29.6500 0.0000
    endloop
  endfacet
  facet normal 0.000000 0.000000 -1.000000
    outer loop
      vertex 29.5861 31.5750 0.0000
      vertex 29.6353 31.6747 0.0000
      vertex 31.2000 29.6500 0.0000
    endloop
  endfacet
  facet normal 0.000000 0.000000 -1.000000
    outer loop
      vertex 29.6353 31.6747 0.0000
      vertex 29.6710 31.7800 0.0000
      vertex 31.2000 29.6500 0.0000
    endloop
  endfacet
  facet normal 0.000000 0.000000 -1.000000
    outer loop
      vertex 29.6710 31.7800 0.0000
      vertex 29.6927 31.8891 0.0000
      vertex 31.2000 29.6500 0.0000
    endloop
  endfacet
  facet normal 0.000000 0.000000 -1.000000
    outer loop
      vertex 29.6927 31.8891 0.0000
      vertex 29.7000 32.0000 0.0000
      vertex 31.2000 29.6500 0.0000
    endloop
  endfacet
  facet normal 0.000000 0.000000 -1.000000
    outer loop
      vertex 29.7000 32.0000 0.0000
      vertex 29.6927 32.1109 0.0000
      vertex 31.2000 29.6500 0.0000
    endloop
  endfacet
  facet normal 0.000000 0.000000 -1.000000
    outer loop
      vertex 29.6927 32.1109 0.0000
      vertex 29.6710 32.2200 0.0000
      vertex 31.2000 29.6500 0.0000
    endloop
  endfacet
  facet normal 0.000000 0.000000 -1.000000
    outer loop
      vertex 29.6710 32.2200 0.0000
      vertex 29.6353 32.3253 0.0000
      vertex 31.2000 29.6500 0.0000
    endloop
  endfacet
  facet normal 0.000000 0.000000 -1.000000
    outer loop
      vertex 29.6353 32.3253 0.0000
      vertex 29.5861 32.4250 0.0000
      vertex 31.2000 29.6500 0.0000
    endloop
  endfacet
  facet normal 0.000000 0.000000 1.000000
    outer loop
      vertex 29.5861 32.4250 0.0000
      vertex 29.5244 32.5174 0.0000
      vertex 31.2000 29.6500 0.0000
    endloop
  endfacet
  facet normal 0.000000 0.000000 -1.000000
    outer loop
      vertex 29.5244 32.5174 0.0000
      vertex 31.2000 34.3500 0.0000
      vertex 31.2000 29.6500 0.0000
    endloop
  endfacet
  facet normal 0.000000 0.000000 -1.000000
    outer loop
      vertex 29.5244 32.5174 0.0000
      vertex 29.4510 32.6010 0.0000
      vertex 31.2000 34.3500 0.0000
    endloop
  endfacet
  facet normal 0.000000 0.000000 -1.000000
    outer loop
      vertex 29.4510 32.6010 0.0000
      vertex 29.3674 32.6744 0.0000
      vertex 31.2000 34.3500 0.0000
    endloop
  endfacet
  facet normal 0.000000 0.000000 -1.000000
    outer loop
      vertex 29.3674 32.6744 0.0000
      vertex 29.2750 32.7361 0.0000
      vertex 31.2000 34.3500 0.0000
    endloop
  endfacet
  facet normal 0.000000 0.000000 -1.000000
    outer loop
      vertex 29.2750 32.7361 0.0000
      vertex 29.1753 32.7853 0.0000
      vertex 31.2000 34.3500 0.0000
    endloop
  endfacet
  facet normal 0.000000 0.000000 -1.000000
    outer loop
      vertex 29.1753 32.7853 0.0000
      vertex 29.0700 32.8210 0.0000
      vertex 31.2000 34.3500 0.0000
    endloop
  endfacet
  facet normal 0.000000 0.000000 -1.000000
    outer loop
      vertex 29.0700 32.8210 0.0000
      vertex 28.9609 32.8427 0.0000
      vertex 31.2000 34.3500 0.0000
    endloop
  endfacet
  facet normal 0.000000 0.000000 -1.000000
    outer loop
      vertex 28.9609 32.8427 0.0000
      vertex 28.8500 32.8500 0.0000
      vertex 31.2000 34.3500 0.0000
    endloop
  endfacet
  facet normal -0.000000 0.000000 -1.000000
    outer loop
      vertex 28.8500 32.8500 0.0000
      vertex 28.7391 32.8427 0.0000
      vertex 31.2000 34.3500 0.0000
    endloop
  endfacet
  facet normal -0.000000 0.000000 -1.000000
    outer loop
      vertex 28.7391 32.8427 0.0000
      vertex 28.6300 32.8210 0.0000
      vertex 31.2000 34.3500 0.0000
    endloop
  endfacet
  facet normal -0.000000 0.000000 -1.000000
    outer loop
      vertex 28.6300 32.8210 0.0000
      vertex 28.5247 32.7853 0.0000
      vertex 31.2000 34.3500 0.0000
    endloop
  endfacet
  facet normal -0.000000 0.000000 -1.000000
    outer loop
      vertex 28.5247 32.7853 0.0000
      vertex 28.4250 32.7361 0.0000
      vertex 31.2000 34.3500 0.0000
    endloop
  endfacet
  facet normal -0.000000 0.000000 1.000000
    outer loop
      vertex 28.4250 32.7361 0.0000
      vertex 28.3326 32.6744 0.0000
      vertex 31.2000 34.3500 0.0000
    endloop
  endfacet
  facet normal 0.000000 0.000000 -1.000000
    outer loop
      vertex 28.3326 32.6744 0.0000
      vertex 26.5000 34.3500 0.0000
      vertex 31.2000 34.3500 0.0000
    endloop
  endfacet
  facet normal -0.000000 0.000000 -1.000000
    outer loop
      vertex 28.3326 32.6744 0.0000
      vertex 28.2490 32.6010 0.0000
      vertex 26.5000 34.3500 0.0000
    endloop
  endfacet
  facet normal -0.000000 0.000000 -1.000000
    outer loop
      vertex 28.2490 32.6010 0.0000
      vertex 28.1756 32.5174 0.0000
      vertex 26.5000 34.3500 0.0000
    endloop
  endfacet
  facet normal -0.000000 0.000000 -1.000000
    outer loop
      vertex 28.1756 32.5174 0.0000
      vertex 28.1139 32.4250 0.0000
      vertex 26.5000 34.3500 0.0000
    endloop
  endfacet
  facet normal -0.000000 0.000000 -1.000000
    outer loop
      vertex 28.1139 32.4250 0.0000
      vertex 28.0647 32.3253 0.0000
      vertex 26.5000 34.3500 0.0000
    endloop
  endfacet
  facet normal -0.000000 0.000000 -1.000000
    outer loop
      vertex 28.0647 32.3253 0.0000
      vertex 28.0290 32.2200 0.0000
      vertex 26.5000 34.3500 0.0000
    endloop
  endfacet
  facet normal -0.000000 0.000000 -1.000000
    outer loop
      vertex 28.0290 32.2200 0.0000
      vertex 28.0073 32.1109 0.0000
      vertex 26.5000 34.3500 0.0000
    endloop
  endfacet
  facet normal -0.000000 0.000000 -1.000000
    outer loop
      vertex 28.0073 32.1109 0.0000
      vertex 28.0000 32.0000 0.0000
      vertex 26.5000 34.3500 0.0000
    endloop
  endfacet
  facet normal -0.000000 -0.000000 -1.000000
    outer loop
      vertex 28.0000 32.0000 0.0000
      vertex 28.0073 31.8891 0.0000
      vertex 26.5000 34.3500 0.0000
    endloop
  endfacet
  facet normal -0.000000 -0.000000 -1.000000
    outer loop
      vertex 28.0073 31.8891 0.0000
      vertex 28.0290 31.7800 0.0000
      vertex 26.5000 34.3500 0.0000
    endloop
  endfacet
  facet normal -0.000000 -0.000000 -1.000000
    outer loop
      vertex 28.0290 31.7800 0.0000
      vertex 28.0647 31.6747 0.0000
      vertex 26.5000 34.3500 0.0000
    endloop
  endfacet
  facet normal -0.000000 -0.000000 -1.000000
    outer loop
      vertex 28.0647 31.6747 0.0000
      vertex 28.1139 31.5750 0.0000
      vertex 26.5000 34.3500 0.0000
    endloop
  endfacet
  facet normal -0.000000 -0.000000 1.000000
    outer loop
      vertex 28.1139 31.5750 0.0000
      vertex 28.1756 31.4826 0.0000
      vertex 26.5000 34.3500 0.0000
    endloop
  endfacet
  facet normal -0.000000 0.000000 -1.000000
    outer loop
      vertex 28.1756 31.4826 0.0000
      vertex 26.5000 29.6500 0.0000
      vertex 26.5000 34.3500 0.0000
    endloop
  endfacet
  facet normal 0.000000 -0.000000 -1.000000
    outer loop
      vertex 28.1756 31.4826 0.0000
      vertex 28.2490 31.3990 0.0000
      vertex 26.5000 29.6500 0.0000
    endloop
  endfacet
  facet normal 0.000000 -0.000000 -1.000000
    outer loop
      vertex 28.8500 43.4400 0.0000
      vertex 31.2000 34.3500 0.0000
      vertex 26.5000 34.3500 0.0000
    endloop
  endfacet
  facet normal 0.000000 0.000000 -1.000000
    outer loop
      vertex 28.8500 43.4400 0.0000
      vertex 31.2000 52.5300 0.0000
      vertex 31.2000 34.3500 0.0000
    endloop
  endfacet
  facet normal 0.000000 0.000000 -1.000000
    outer loop
      vertex 28.8500 43.4400 0.0000
      vertex 26.5000 52.5300 0.0000
      vertex 31.2000 52.5300 0.0000
    endloop
  endfacet
  facet normal -0.000000 0.000000 -1.000000
    outer loop
      vertex 28.8500 43.4400 0.0000
      vertex 26.5000 34.3500 0.0000
      vertex 26.5000 52.5300 0.0000
    endloop
  endfacet
  facet normal 0.000000 -0.000000 -1.000000
    outer loop
      vertex 32.6444 23.8956 0.0000
      vertex 37.7000 0.0000 0.0000
      vertex 31.2000 0.0000 0.0000
    endloop
  endfacet
  facet normal 0.000000 0.000000 -1.000000
    outer loop
      vertex 32.6444 23.8956 0.0000
      vertex 37.7000 52.5300 0.0000
      vertex 37.7000 0.0000 0.0000
    endloop
  endfacet
  facet normal 0.000000 0.000000 -1.000000
    outer loop
      vertex 32.6444 23.8956 0.0000
      vertex 31.2000 52.5300 0.0000
      vertex 37.7000 52.5300 0.0000
    endloop
  endfacet
  facet normal 0.000000 0.000000 -1.000000
    outer loop
      vertex 32.6444 23.8956 0.0000
      vertex 31.2000 34.3500 0.0000
      vertex 31.2000 52.5300 0.0000
    endloop
  endfacet
  facet normal 0.000000 0.000000 -1.000000
    outer loop
      vertex 32.6444 23.8956 0.0000
      vertex 31.2000 29.6500 0.0000
      vertex 31.2000 34.3500 0.0000
    endloop
  endfacet
  facet normal -0.000000 0.000000 -1.000000
    outer loop
      vertex 32.6444 23.8956 0.0000
      vertex 31.2000 22.0000 0.0000
      vertex 31.2000 29.6500 0.0000
    endloop
  endfacet
  facet normal 0.000000 0.000000 -1.000000
    outer loop
      vertex 32.6444 23.8956 0.0000
      vertex 31.2000 14.3500 0.0000
      vertex 31.2000 22.0000 0.0000
    endloop
  endfacet
  facet normal 0.000000 0.000000 -1.000000
    outer loop
      vertex 32.6444 23.8956 0.0000
      vertex 31.2000 9.6500 0.0000
      vertex 31.2000 14.3500 0.0000
    endloop
  endfacet
  facet normal 0.000000 0.000000 -1.000000
    outer loop
      vertex 32.6444 23.8956 0.0000
      vertex 31.2000 0.0000 0.0000
      vertex 31.2000 9.6500 0.0000
    endloop
  endfacet
  facet normal -0.896873 -0.442289 -0.000000
    outer loop
      vertex 9.5861 32.4250 3.0000
      vertex 9.5861 32.4250 0.0000
      vertex 9.6353 32.3253 0.0000
    endloop
  endfacet
  facet normal -0.896873 -0.442289 0.000000
    outer loop
      vertex 9.5861 32.4250 3.0000
      vertex 9.6353 32.3253 0.0000
      vertex 9.6353 32.3253 3.0000
    endloop
  endfacet
  facet normal -0.980785 -0.195090 -0.000000
    outer loop
      vertex 9.6710 32.2200 3.0000
      vertex 9.6710 32.2200 0.0000
      vertex 9.6927 32.1109 0.0000
    endloop
  endfacet
  facet normal -0.980785 -0.195090 0.000000
    outer loop
      vertex 9.6710 32.2200 3.0000
      vertex 9.6927 32.1109 0.0000
      vertex 9.6927 32.1109 3.0000
    endloop
  endfacet
  facet normal -0.659346 0.751840 0.000000
    outer loop
      vertex 29.4510 31.3990 3.0000
      vertex 29.4510 31.3990 0.0000
      vertex 29.3674 31.3256 0.0000
    endloop
  endfacet
  facet normal -0.659346 0.751840 0.000000
    outer loop
      vertex 29.4510 31.3990 3.0000
      vertex 29.3674 31.3256 0.0000
      vertex 29.3674 31.3256 3.0000
    endloop
  endfacet
  facet normal -0.831470 -0.555570 -0.000000
    outer loop
      vertex 29.5244 32.5174 3.0000
      vertex 29.5244 32.5174 0.0000
      vertex 29.5861 32.4250 0.0000
    endloop
  endfacet
  facet normal -0.831470 -0.555570 0.000000
    outer loop
      vertex 29.5244 32.5174 3.0000
      vertex 29.5861 32.4250 0.0000
      vertex 29.5861 32.4250 3.0000
    endloop
  endfacet
  facet normal -0.751840 0.659346 0.000000
    outer loop
      vertex 29.5244 31.4826 3.0000
      vertex 29.5244 31.4826 0.0000
      vertex 29.4510 31.3990 0.0000
    endloop
  endfacet
  facet normal -0.751840 0.659346 0.000000
    outer loop
      vertex 29.5244 31.4826 3.0000
      vertex 29.4510 31.3990 0.0000
      vertex 29.4510 31.3990 3.0000
    endloop
  endfacet
  facet normal -0.946930 0.321439 0.000000
    outer loop
      vertex 9.6710 11.7800 3.0000
      vertex 9.6710 11.7800 0.0000
      vertex 9.6353 11.6747 0.0000
    endloop
  endfacet
  facet normal -0.946930 0.321439 0.000000
    outer loop
      vertex 9.6710 11.7800 3.0000
      vertex 9.6353 11.6747 0.0000
      vertex 9.6353 11.6747 3.0000
    endloop
  endfacet
  facet normal 0.321439 0.946930 0.000000
    outer loop
      vertex 28.6300 11.1790 3.0000
      vertex 28.6300 11.1790 0.0000
      vertex 28.5247 11.2147 0.0000
    endloop
  endfacet
  facet normal 0.321439 0.946930 0.000000
    outer loop
      vertex 28.6300 11.1790 3.0000
      vertex 28.5247 11.2147 0.0000
      vertex 28.5247 11.2147 3.0000
    endloop
  endfacet
  facet normal 0.195090 -0.980785 0.000000
    outer loop
      vertex 28.6300 32.8210 3.0000
      vertex 28.6300 32.8210 0.0000
      vertex 28.7391 32.8427 0.0000
    endloop
  endfacet
  facet normal 0.195090 -0.980785 0.000000
    outer loop
      vertex 28.6300 32.8210 3.0000
      vertex 28.7391 32.8427 0.0000
      vertex 28.7391 32.8427 3.0000
    endloop
  endfacet
  facet normal -0.980785 0.195090 0.000000
    outer loop
      vertex 9.6927 11.8891 3.0000
      vertex 9.6927 11.8891 0.0000
      vertex 9.6710 11.7800 0.0000
    endloop
  endfacet
  facet normal -0.980785 0.195090 0.000000
    outer loop
      vertex 9.6927 11.8891 3.0000
      vertex 9.6710 11.7800 0.0000
      vertex 9.6710 11.7800 3.0000
    endloop
  endfacet
  facet normal -0.751840 0.659346 0.000000
    outer loop
      vertex 9.5244 11.4826 3.0000
      vertex 9.5244 11.4826 0.0000
      vertex 9.4510 11.3990 0.0000
    endloop
  endfacet
  facet normal -0.751840 0.659346 0.000000
    outer loop
      vertex 9.5244 11.4826 3.0000
      vertex 9.4510 11.3990 0.0000
      vertex 9.4510 11.3990 3.0000
    endloop
  endfacet
  facet normal 0.896873 0.442289 0.000000
    outer loop
      vertex 28.1139 11.5750 3.0000
      vertex 28.1139 11.5750 0.0000
      vertex 28.0647 11.6747 0.0000
    endloop
  endfacet
  facet normal 0.896873 0.442289 0.000000
    outer loop
      vertex 28.1139 11.5750 3.0000
      vertex 28.0647 11.6747 0.0000
      vertex 28.0647 11.6747 3.0000
    endloop
  endfacet
  facet normal -0.065403 0.997859 0.000000
    outer loop
      vertex 8.9609 31.1573 3.0000
      vertex 8.9609 31.1573 0.0000
      vertex 8.8500 31.1500 0.0000
    endloop
  endfacet
  facet normal -0.065403 0.997859 0.000000
    outer loop
      vertex 8.9609 31.1573 3.0000
      vertex 8.8500 31.1500 0.0000
      vertex 8.8500 31.1500 3.0000
    endloop
  endfacet
  facet normal 0.065403 0.997859 0.000000
    outer loop
      vertex 8.8500 11.1500 3.0000
      vertex 8.8500 11.1500 0.0000
      vertex 8.7391 11.1573 0.0000
    endloop
  endfacet
  facet normal 0.065403 0.997859 0.000000
    outer loop
      vertex 8.8500 11.1500 3.0000
      vertex 8.7391 11.1573 0.0000
      vertex 8.7391 11.1573 3.0000
    endloop
  endfacet
  facet normal 0.751840 0.659346 0.000000
    outer loop
      vertex 28.2490 11.3990 3.0000
      vertex 28.2490 11.3990 0.0000
      vertex 28.1756 11.4826 0.0000
    endloop
  endfacet
  facet normal 0.751840 0.659346 0.000000
    outer loop
      vertex 28.2490 11.3990 3.0000
      vertex 28.1756 11.4826 0.0000
      vertex 28.1756 11.4826 3.0000
    endloop
  endfacet
  facet normal -0.659346 0.751840 0.000000
    outer loop
      vertex 9.4510 31.3990 3.0000
      vertex 9.4510 31.3990 0.0000
      vertex 9.3674 31.3256 0.0000
    endloop
  endfacet
  facet normal -0.659346 0.751840 0.000000
    outer loop
      vertex 9.4510 31.3990 3.0000
      vertex 9.3674 31.3256 0.0000
      vertex 9.3674 31.3256 3.0000
    endloop
  endfacet
  facet normal 0.195090 0.980785 0.000000
    outer loop
      vertex 8.7391 11.1573 3.0000
      vertex 8.7391 11.1573 0.0000
      vertex 8.6300 11.1790 0.0000
    endloop
  endfacet
  facet normal 0.195090 0.980785 0.000000
    outer loop
      vertex 8.7391 11.1573 3.0000
      vertex 8.6300 11.1790 0.0000
      vertex 8.6300 11.1790 3.0000
    endloop
  endfacet
  facet normal 0.980785 0.195090 0.000000
    outer loop
      vertex 28.0290 31.7800 3.0000
      vertex 28.0290 31.7800 0.0000
      vertex 28.0073 31.8891 0.0000
    endloop
  endfacet
  facet normal 0.980785 0.195090 0.000000
    outer loop
      vertex 28.0290 31.7800 3.0000
      vertex 28.0073 31.8891 0.0000
      vertex 28.0073 31.8891 3.0000
    endloop
  endfacet
  facet normal 0.065403 -0.997859 0.000000
    outer loop
      vertex 8.7391 12.8427 3.0000
      vertex 8.7391 12.8427 0.0000
      vertex 8.8500 12.8500 0.0000
    endloop
  endfacet
  facet normal 0.065403 -0.997859 0.000000
    outer loop
      vertex 8.7391 12.8427 3.0000
      vertex 8.8500 12.8500 0.0000
      vertex 8.8500 12.8500 3.0000
    endloop
  endfacet
  facet normal -0.065403 0.997859 0.000000
    outer loop
      vertex 28.9609 31.1573 3.0000
      vertex 28.9609 31.1573 0.0000
      vertex 28.8500 31.1500 0.0000
    endloop
  endfacet
  facet normal -0.065403 0.997859 0.000000
    outer loop
      vertex 28.9609 31.1573 3.0000
      vertex 28.8500 31.1500 0.0000
      vertex 28.8500 31.1500 3.0000
    endloop
  endfacet
  facet normal 0.321439 0.946930 0.000000
    outer loop
      vertex 8.6300 11.1790 3.0000
      vertex 8.6300 11.1790 0.0000
      vertex 8.5247 11.2147 0.0000
    endloop
  endfacet
  facet normal 0.321439 0.946930 0.000000
    outer loop
      vertex 8.6300 11.1790 3.0000
      vertex 8.5247 11.2147 0.0000
      vertex 8.5247 11.2147 3.0000
    endloop
  endfacet
  facet normal 0.980785 -0.195090 0.000000
    outer loop
      vertex 8.0073 32.1109 3.0000
      vertex 8.0073 32.1109 0.0000
      vertex 8.0290 32.2200 0.0000
    endloop
  endfacet
  facet normal 0.980785 -0.195090 0.000000
    outer loop
      vertex 8.0073 32.1109 3.0000
      vertex 8.0290 32.2200 0.0000
      vertex 8.0290 32.2200 3.0000
    endloop
  endfacet
  facet normal 0.000000 1.000000 0.000000
    outer loop
      vertex 26.5000 52.5300 3.0000
      vertex 26.5000 52.5300 0.0000
      vertex 18.8500 52.5300 0.0000
    endloop
  endfacet
  facet normal 0.000000 1.000000 0.000000
    outer loop
      vertex 26.5000 52.5300 3.0000
      vertex 18.8500 52.5300 0.0000
      vertex 18.8500 52.5300 3.0000
    endloop
  endfacet
  facet normal -0.321439 0.946930 0.000000
    outer loop
      vertex 29.1753 31.2147 3.0000
      vertex 29.1753 31.2147 0.0000
      vertex 29.0700 31.1790 0.0000
    endloop
  endfacet
  facet normal -0.321439 0.946930 0.000000
    outer loop
      vertex 29.1753 31.2147 3.0000
      vertex 29.0700 31.1790 0.0000
      vertex 29.0700 31.1790 3.0000
    endloop
  endfacet
  facet normal 0.065403 0.997859 0.000000
    outer loop
      vertex 8.8500 31.1500 3.0000
      vertex 8.8500 31.1500 0.0000
      vertex 8.7391 31.1573 0.0000
    endloop
  endfacet
  facet normal 0.065403 0.997859 0.000000
    outer loop
      vertex 8.8500 31.1500 3.0000
      vertex 8.7391 31.1573 0.0000
      vertex 8.7391 31.1573 3.0000
    endloop
  endfacet
  facet normal 0.831470 0.555570 0.000000
    outer loop
      vertex 28.1756 31.4826 3.0000
      vertex 28.1756 31.4826 0.0000
      vertex 28.1139 31.5750 0.0000
    endloop
  endfacet
  facet normal 0.831470 0.555570 0.000000
    outer loop
      vertex 28.1756 31.4826 3.0000
      vertex 28.1139 31.5750 0.0000
      vertex 28.1139 31.5750 3.0000
    endloop
  endfacet
  facet normal -0.946930 -0.321439 -0.000000
    outer loop
      vertex 29.6353 12.3253 3.0000
      vertex 29.6353 12.3253 0.0000
      vertex 29.6710 12.2200 0.0000
    endloop
  endfacet
  facet normal -0.946930 -0.321439 0.000000
    outer loop
      vertex 29.6353 12.3253 3.0000
      vertex 29.6710 12.2200 0.0000
      vertex 29.6710 12.2200 3.0000
    endloop
  endfacet
  facet normal 0.321439 -0.946930 0.000000
    outer loop
      vertex 28.5247 12.7853 3.0000
      vertex 28.5247 12.7853 0.0000
      vertex 28.6300 12.8210 0.0000
    endloop
  endfacet
  facet normal 0.321439 -0.946930 0.000000
    outer loop
      vertex 28.5247 12.7853 3.0000
      vertex 28.6300 12.8210 0.0000
      vertex 28.6300 12.8210 3.0000
    endloop
  endfacet
  facet normal -0.997859 -0.065403 -0.000000
    outer loop
      vertex 29.6927 32.1109 3.0000
      vertex 29.6927 32.1109 0.0000
      vertex 29.7000 32.0000 0.0000
    endloop
  endfacet
  facet normal -0.997859 -0.065403 0.000000
    outer loop
      vertex 29.6927 32.1109 3.0000
      vertex 29.7000 32.0000 0.0000
      vertex 29.7000 32.0000 3.0000
    endloop
  endfacet
  facet normal 0.195090 -0.980785 0.000000
    outer loop
      vertex 8.6300 32.8210 3.0000
      vertex 8.6300 32.8210 0.0000
      vertex 8.7391 32.8427 0.0000
    endloop
  endfacet
  facet normal 0.195090 -0.980785 0.000000
    outer loop
      vertex 8.6300 32.8210 3.0000
      vertex 8.7391 32.8427 0.0000
      vertex 8.7391 32.8427 3.0000
    endloop
  endfacet
  facet normal 0.946930 -0.321439 0.000000
    outer loop
      vertex 28.0290 12.2200 3.0000
      vertex 28.0290 12.2200 0.0000
      vertex 28.0647 12.3253 0.0000
    endloop
  endfacet
  facet normal 0.946930 -0.321439 0.000000
    outer loop
      vertex 28.0290 12.2200 3.0000
      vertex 28.0647 12.3253 0.0000
      vertex 28.0647 12.3253 3.0000
    endloop
  endfacet
  facet normal -0.980785 -0.195090 -0.000000
    outer loop
      vertex 29.6710 12.2200 3.0000
      vertex 29.6710 12.2200 0.0000
      vertex 29.6927 12.1109 0.0000
    endloop
  endfacet
  facet normal -0.980785 -0.195090 0.000000
    outer loop
      vertex 29.6710 12.2200 3.0000
      vertex 29.6927 12.1109 0.0000
      vertex 29.6927 12.1109 3.0000
    endloop
  endfacet
  facet normal -0.659346 -0.751840 -0.000000
    outer loop
      vertex 29.3674 12.6744 3.0000
      vertex 29.3674 12.6744 0.0000
      vertex 29.4510 12.6010 0.0000
    endloop
  endfacet
  facet normal -0.659346 -0.751840 0.000000
    outer loop
      vertex 29.3674 12.6744 3.0000
      vertex 29.4510 12.6010 0.0000
      vertex 29.4510 12.6010 3.0000
    endloop
  endfacet
  facet normal 0.659346 0.751840 0.000000
    outer loop
      vertex 28.3326 31.3256 3.0000
      vertex 28.3326 31.3256 0.0000
      vertex 28.2490 31.3990 0.0000
    endloop
  endfacet
  facet normal 0.659346 0.751840 0.000000
    outer loop
      vertex 28.3326 31.3256 3.0000
      vertex 28.2490 31.3990 0.0000
      vertex 28.2490 31.3990 3.0000
    endloop
  endfacet
  facet normal 0.442289 0.896873 0.000000
    outer loop
      vertex 28.5247 31.2147 3.0000
      vertex 28.5247 31.2147 0.0000
      vertex 28.4250 31.2639 0.0000
    endloop
  endfacet
  facet normal 0.442289 0.896873 0.000000
    outer loop
      vertex 28.5247 31.2147 3.0000
      vertex 28.4250 31.2639 0.0000
      vertex 28.4250 31.2639 3.0000
    endloop
  endfacet
  facet normal 0.000000 1.000000 0.000000
    outer loop
      vertex 11.2000 52.5300 3.0000
      vertex 11.2000 52.5300 0.0000
      vertex 6.5000 52.5300 0.0000
    endloop
  endfacet
  facet normal 0.000000 1.000000 0.000000
    outer loop
      vertex 11.2000 52.5300 3.0000
      vertex 6.5000 52.5300 0.0000
      vertex 6.5000 52.5300 3.0000
    endloop
  endfacet
  facet normal 0.831470 0.555570 0.000000
    outer loop
      vertex 8.1756 11.4826 3.0000
      vertex 8.1756 11.4826 0.0000
      vertex 8.1139 11.5750 0.0000
    endloop
  endfacet
  facet normal 0.831470 0.555570 0.000000
    outer loop
      vertex 8.1756 11.4826 3.0000
      vertex 8.1139 11.5750 0.0000
      vertex 8.1139 11.5750 3.0000
    endloop
  endfacet
  facet normal -0.659346 -0.751840 -0.000000
    outer loop
      vertex 9.3674 32.6744 3.0000
      vertex 9.3674 32.6744 0.0000
      vertex 9.4510 32.6010 0.0000
    endloop
  endfacet
  facet normal -0.659346 -0.751840 0.000000
    outer loop
      vertex 9.3674 32.6744 3.0000
      vertex 9.4510 32.6010 0.0000
      vertex 9.4510 32.6010 3.0000
    endloop
  endfacet
  facet normal -0.946930 -0.321439 -0.000000
    outer loop
      vertex 9.6353 32.3253 3.0000
      vertex 9.6353 32.3253 0.0000
      vertex 9.6710 32.2200 0.0000
    endloop
  endfacet
  facet normal -0.946930 -0.321439 0.000000
    outer loop
      vertex 9.6353 32.3253 3.0000
      vertex 9.6710 32.2200 0.0000
      vertex 9.6710 32.2200 3.0000
    endloop
  endfacet
  facet normal -0.980785 -0.195090 -0.000000
    outer loop
      vertex 29.6710 32.2200 3.0000
      vertex 29.6710 32.2200 0.0000
      vertex 29.6927 32.1109 0.0000
    endloop
  endfacet
  facet normal -0.980785 -0.195090 0.000000
    outer loop
      vertex 29.6710 32.2200 3.0000
      vertex 29.6927 32.1109 0.0000
      vertex 29.6927 32.1109 3.0000
    endloop
  endfacet
  facet normal 0.195090 -0.980785 0.000000
    outer loop
      vertex 8.6300 12.8210 3.0000
      vertex 8.6300 12.8210 0.0000
      vertex 8.7391 12.8427 0.0000
    endloop
  endfacet
  facet normal 0.195090 -0.980785 0.000000
    outer loop
      vertex 8.6300 12.8210 3.0000
      vertex 8.7391 12.8427 0.0000
      vertex 8.7391 12.8427 3.0000
    endloop
  endfacet
  facet normal -0.555570 -0.831470 -0.000000
    outer loop
      vertex 29.2750 12.7361 3.0000
      vertex 29.2750 12.7361 0.0000
      vertex 29.3674 12.6744 0.0000
    endloop
  endfacet
  facet normal -0.555570 -0.831470 0.000000
    outer loop
      vertex 29.2750 12.7361 3.0000
      vertex 29.3674 12.6744 0.0000
      vertex 29.3674 12.6744 3.0000
    endloop
  endfacet
  facet normal -0.321439 -0.946930 -0.000000
    outer loop
      vertex 29.0700 12.8210 3.0000
      vertex 29.0700 12.8210 0.0000
      vertex 29.1753 12.7853 0.0000
    endloop
  endfacet
  facet normal -0.321439 -0.946930 0.000000
    outer loop
      vertex 29.0700 12.8210 3.0000
      vertex 29.1753 12.7853 0.0000
      vertex 29.1753 12.7853 3.0000
    endloop
  endfacet
  facet normal 0.000000 -1.000000 0.000000
    outer loop
      vertex 18.8500 0.0000 3.0000
      vertex 18.8500 0.0000 0.0000
      vertex 26.5000 0.0000 0.0000
    endloop
  endfacet
  facet normal 0.000000 -1.000000 0.000000
    outer loop
      vertex 18.8500 0.0000 3.0000
      vertex 26.5000 0.0000 0.0000
      vertex 26.5000 0.0000 3.0000
    endloop
  endfacet
  facet normal -0.442289 -0.896873 -0.000000
    outer loop
      vertex 9.1753 12.7853 3.0000
      vertex 9.1753 12.7853 0.0000
      vertex 9.2750 12.7361 0.0000
    endloop
  endfacet
  facet normal -0.442289 -0.896873 0.000000
    outer loop
      vertex 9.1753 12.7853 3.0000
      vertex 9.2750 12.7361 0.0000
      vertex 9.2750 12.7361 3.0000
    endloop
  endfacet
  facet normal 0.321439 0.946930 0.000000
    outer loop
      vertex 8.6300 31.1790 3.0000
      vertex 8.6300 31.1790 0.0000
      vertex 8.5247 31.2147 0.0000
    endloop
  endfacet
  facet normal 0.321439 0.946930 0.000000
    outer loop
      vertex 8.6300 31.1790 3.0000
      vertex 8.5247 31.2147 0.0000
      vertex 8.5247 31.2147 3.0000
    endloop
  endfacet
  facet normal 0.065403 -0.997859 0.000000
    outer loop
      vertex 8.7391 32.8427 3.0000
      vertex 8.7391 32.8427 0.0000
      vertex 8.8500 32.8500 0.0000
    endloop
  endfacet
  facet normal 0.065403 -0.997859 0.000000
    outer loop
      vertex 8.7391 32.8427 3.0000
      vertex 8.8500 32.8500 0.0000
      vertex 8.8500 32.8500 3.0000
    endloop
  endfacet
  facet normal -0.555570 -0.831470 -0.000000
    outer loop
      vertex 9.2750 12.7361 3.0000
      vertex 9.2750 12.7361 0.0000
      vertex 9.3674 12.6744 0.0000
    endloop
  endfacet
  facet normal -0.555570 -0.831470 0.000000
    outer loop
      vertex 9.2750 12.7361 3.0000
      vertex 9.3674 12.6744 0.0000
      vertex 9.3674 12.6744 3.0000
    endloop
  endfacet
  facet normal 0.000000 -1.000000 0.000000
    outer loop
      vertex 11.2000 0.0000 3.0000
      vertex 11.2000 0.0000 0.0000
      vertex 18.8500 0.0000 0.0000
    endloop
  endfacet
  facet normal 0.000000 -1.000000 0.000000
    outer loop
      vertex 11.2000 0.0000 3.0000
      vertex 18.8500 0.0000 0.0000
      vertex 18.8500 0.0000 3.0000
    endloop
  endfacet
  facet normal 0.980785 0.195090 0.000000
    outer loop
      vertex 8.0290 31.7800 3.0000
      vertex 8.0290 31.7800 0.0000
      vertex 8.0073 31.8891 0.0000
    endloop
  endfacet
  facet normal 0.980785 0.195090 0.000000
    outer loop
      vertex 8.0290 31.7800 3.0000
      vertex 8.0073 31.8891 0.0000
      vertex 8.0073 31.8891 3.0000
    endloop
  endfacet
  facet normal -0.321439 0.946930 0.000000
    outer loop
      vertex 9.1753 11.2147 3.0000
      vertex 9.1753 11.2147 0.0000
      vertex 9.0700 11.1790 0.0000
    endloop
  endfacet
  facet normal -0.321439 0.946930 0.000000
    outer loop
      vertex 9.1753 11.2147 3.0000
      vertex 9.0700 11.1790 0.0000
      vertex 9.0700 11.1790 3.0000
    endloop
  endfacet
  facet normal 1.000000 0.000000 0.000000
    outer loop
      vertex 37.7000 0.0000 3.0000
      vertex 37.7000 0.0000 0.0000
      vertex 37.7000 52.5300 0.0000
    endloop
  endfacet
  facet normal 1.000000 -0.000000 0.000000
    outer loop
      vertex 37.7000 0.0000 3.0000
      vertex 37.7000 52.5300 0.0000
      vertex 37.7000 52.5300 3.0000
    endloop
  endfacet
  facet normal 0.896873 0.442289 0.000000
    outer loop
      vertex 8.1139 11.5750 3.0000
      vertex 8.1139 11.5750 0.0000
      vertex 8.0647 11.6747 0.0000
    endloop
  endfacet
  facet normal 0.896873 0.442289 0.000000
    outer loop
      vertex 8.1139 11.5750 3.0000
      vertex 8.0647 11.6747 0.0000
      vertex 8.0647 11.6747 3.0000
    endloop
  endfacet
  facet normal 0.000000 1.000000 0.000000
    outer loop
      vertex 37.7000 52.5300 3.0000
      vertex 37.7000 52.5300 0.0000
      vertex 31.2000 52.5300 0.0000
    endloop
  endfacet
  facet normal 0.000000 1.000000 0.000000
    outer loop
      vertex 37.7000 52.5300 3.0000
      vertex 31.2000 52.5300 0.0000
      vertex 31.2000 52.5300 3.0000
    endloop
  endfacet
  facet normal -0.442289 -0.896873 -0.000000
    outer loop
      vertex 29.1753 12.7853 3.0000
      vertex 29.1753 12.7853 0.0000
      vertex 29.2750 12.7361 0.0000
    endloop
  endfacet
  facet normal -0.442289 -0.896873 0.000000
    outer loop
      vertex 29.1753 12.7853 3.0000
      vertex 29.2750 12.7361 0.0000
      vertex 29.2750 12.7361 3.0000
    endloop
  endfacet
  facet normal -0.555570 0.831470 0.000000
    outer loop
      vertex 29.3674 31.3256 3.0000
      vertex 29.3674 31.3256 0.0000
      vertex 29.2750 31.2639 0.0000
    endloop
  endfacet
  facet normal -0.555570 0.831470 0.000000
    outer loop
      vertex 29.3674 31.3256 3.0000
      vertex 29.2750 31.2639 0.0000
      vertex 29.2750 31.2639 3.0000
    endloop
  endfacet
  facet normal 0.000000 -1.000000 0.000000
    outer loop
      vertex 0.0000 0.0000 3.0000
      vertex 0.0000 0.0000 0.0000
      vertex 6.5000 0.0000 0.0000
    endloop
  endfacet
  facet normal 0.000000 -1.000000 0.000000
    outer loop
      vertex 0.0000 0.0000 3.0000
      vertex 6.5000 0.0000 0.0000
      vertex 6.5000 0.0000 3.0000
    endloop
  endfacet
  facet normal 0.195090 0.980785 0.000000
    outer loop
      vertex 8.7391 31.1573 3.0000
      vertex 8.7391 31.1573 0.0000
      vertex 8.6300 31.1790 0.0000
    endloop
  endfacet
  facet normal 0.195090 0.980785 0.000000
    outer loop
      vertex 8.7391 31.1573 3.0000
      vertex 8.6300 31.1790 0.0000
      vertex 8.6300 31.1790 3.0000
    endloop
  endfacet
  facet normal 0.442289 -0.896873 0.000000
    outer loop
      vertex 28.4250 12.7361 3.0000
      vertex 28.4250 12.7361 0.0000
      vertex 28.5247 12.7853 0.0000
    endloop
  endfacet
  facet normal 0.442289 -0.896873 0.000000
    outer loop
      vertex 28.4250 12.7361 3.0000
      vertex 28.5247 12.7853 0.0000
      vertex 28.5247 12.7853 3.0000
    endloop
  endfacet
  facet normal -0.896873 0.442289 0.000000
    outer loop
      vertex 29.6353 31.6747 3.0000
      vertex 29.6353 31.6747 0.0000
      vertex 29.5861 31.5750 0.0000
    endloop
  endfacet
  facet normal -0.896873 0.442289 0.000000
    outer loop
      vertex 29.6353 31.6747 3.0000
      vertex 29.5861 31.5750 0.0000
      vertex 29.5861 31.5750 3.0000
    endloop
  endfacet
  facet normal 0.442289 -0.896873 0.000000
    outer loop
      vertex 8.4250 32.7361 3.0000
      vertex 8.4250 32.7361 0.0000
      vertex 8.5247 32.7853 0.0000
    endloop
  endfacet
  facet normal 0.442289 -0.896873 0.000000
    outer loop
      vertex 8.4250 32.7361 3.0000
      vertex 8.5247 32.7853 0.0000
      vertex 8.5247 32.7853 3.0000
    endloop
  endfacet
  facet normal 0.555570 0.831470 0.000000
    outer loop
      vertex 28.4250 31.2639 3.0000
      vertex 28.4250 31.2639 0.0000
      vertex 28.3326 31.3256 0.0000
    endloop
  endfacet
  facet normal 0.555570 0.831470 0.000000
    outer loop
      vertex 28.4250 31.2639 3.0000
      vertex 28.3326 31.3256 0.0000
      vertex 28.3326 31.3256 3.0000
    endloop
  endfacet
  facet normal -0.321439 0.946930 0.000000
    outer loop
      vertex 9.1753 31.2147 3.0000
      vertex 9.1753 31.2147 0.0000
      vertex 9.0700 31.1790 0.0000
    endloop
  endfacet
  facet normal -0.321439 0.946930 0.000000
    outer loop
      vertex 9.1753 31.2147 3.0000
      vertex 9.0700 31.1790 0.0000
      vertex 9.0700 31.1790 3.0000
    endloop
  endfacet
  facet normal 0.555570 -0.831470 0.000000
    outer loop
      vertex 8.3326 12.6744 3.0000
      vertex 8.3326 12.6744 0.0000
      vertex 8.4250 12.7361 0.0000
    endloop
  endfacet
  facet normal 0.555570 -0.831470 0.000000
    outer loop
      vertex 8.3326 12.6744 3.0000
      vertex 8.4250 12.7361 0.0000
      vertex 8.4250 12.7361 3.0000
    endloop
  endfacet
  facet normal 0.831470 -0.555570 0.000000
    outer loop
      vertex 28.1139 12.4250 3.0000
      vertex 28.1139 12.4250 0.0000
      vertex 28.1756 12.5174 0.0000
    endloop
  endfacet
  facet normal 0.831470 -0.555570 0.000000
    outer loop
      vertex 28.1139 12.4250 3.0000
      vertex 28.1756 12.5174 0.0000
      vertex 28.1756 12.5174 3.0000
    endloop
  endfacet
  facet normal 0.946930 -0.321439 0.000000
    outer loop
      vertex 8.0290 32.2200 3.0000
      vertex 8.0290 32.2200 0.0000
      vertex 8.0647 32.3253 0.0000
    endloop
  endfacet
  facet normal 0.946930 -0.321439 0.000000
    outer loop
      vertex 8.0290 32.2200 3.0000
      vertex 8.0647 32.3253 0.0000
      vertex 8.0647 32.3253 3.0000
    endloop
  endfacet
  facet normal 0.442289 0.896873 0.000000
    outer loop
      vertex 8.5247 31.2147 3.0000
      vertex 8.5247 31.2147 0.0000
      vertex 8.4250 31.2639 0.0000
    endloop
  endfacet
  facet normal 0.442289 0.896873 0.000000
    outer loop
      vertex 8.5247 31.2147 3.0000
      vertex 8.4250 31.2639 0.0000
      vertex 8.4250 31.2639 3.0000
    endloop
  endfacet
  facet normal -0.896873 -0.442289 -0.000000
    outer loop
      vertex 29.5861 12.4250 3.0000
      vertex 29.5861 12.4250 0.0000
      vertex 29.6353 12.3253 0.0000
    endloop
  endfacet
  facet normal -0.896873 -0.442289 0.000000
    outer loop
      vertex 29.5861 12.4250 3.0000
      vertex 29.6353 12.3253 0.0000
      vertex 29.6353 12.3253 3.0000
    endloop
  endfacet
  facet normal 0.997859 0.065403 0.000000
    outer loop
      vertex 8.0073 11.8891 3.0000
      vertex 8.0073 11.8891 0.0000
      vertex 8.0000 12.0000 0.0000
    endloop
  endfacet
  facet normal 0.997859 0.065403 0.000000
    outer loop
      vertex 8.0073 11.8891 3.0000
      vertex 8.0000 12.0000 0.0000
      vertex 8.0000 12.0000 3.0000
    endloop
  endfacet
  facet normal 0.442289 0.896873 0.000000
    outer loop
      vertex 28.5247 11.2147 3.0000
      vertex 28.5247 11.2147 0.0000
      vertex 28.4250 11.2639 0.0000
    endloop
  endfacet
  facet normal 0.442289 0.896873 0.000000
    outer loop
      vertex 28.5247 11.2147 3.0000
      vertex 28.4250 11.2639 0.0000
      vertex 28.4250 11.2639 3.0000
    endloop
  endfacet
  facet normal -0.555570 0.831470 0.000000
    outer loop
      vertex 9.3674 31.3256 3.0000
      vertex 9.3674 31.3256 0.0000
      vertex 9.2750 31.2639 0.0000
    endloop
  endfacet
  facet normal -0.555570 0.831470 0.000000
    outer loop
      vertex 9.3674 31.3256 3.0000
      vertex 9.2750 31.2639 0.0000
      vertex 9.2750 31.2639 3.0000
    endloop
  endfacet
  facet normal 0.751840 0.659346 0.000000
    outer loop
      vertex 8.2490 31.3990 3.0000
      vertex 8.2490 31.3990 0.0000
      vertex 8.1756 31.4826 0.0000
    endloop
  endfacet
  facet normal 0.751840 0.659346 0.000000
    outer loop
      vertex 8.2490 31.3990 3.0000
      vertex 8.1756 31.4826 0.0000
      vertex 8.1756 31.4826 3.0000
    endloop
  endfacet
  facet normal 0.980785 0.195090 0.000000
    outer loop
      vertex 8.0290 11.7800 3.0000
      vertex 8.0290 11.7800 0.0000
      vertex 8.0073 11.8891 0.0000
    endloop
  endfacet
  facet normal 0.980785 0.195090 0.000000
    outer loop
      vertex 8.0290 11.7800 3.0000
      vertex 8.0073 11.8891 0.0000
      vertex 8.0073 11.8891 3.0000
    endloop
  endfacet
  facet normal 0.065403 0.997859 0.000000
    outer loop
      vertex 28.8500 31.1500 3.0000
      vertex 28.8500 31.1500 0.0000
      vertex 28.7391 31.1573 0.0000
    endloop
  endfacet
  facet normal 0.065403 0.997859 0.000000
    outer loop
      vertex 28.8500 31.1500 3.0000
      vertex 28.7391 31.1573 0.0000
      vertex 28.7391 31.1573 3.0000
    endloop
  endfacet
  facet normal 0.896873 -0.442289 0.000000
    outer loop
      vertex 28.0647 12.3253 3.0000
      vertex 28.0647 12.3253 0.0000
      vertex 28.1139 12.4250 0.0000
    endloop
  endfacet
  facet normal 0.896873 -0.442289 0.000000
    outer loop
      vertex 28.0647 12.3253 3.0000
      vertex 28.1139 12.4250 0.0000
      vertex 28.1139 12.4250 3.0000
    endloop
  endfacet
  facet normal -0.997859 0.065403 0.000000
    outer loop
      vertex 29.7000 12.0000 3.0000
      vertex 29.7000 12.0000 0.0000
      vertex 29.6927 11.8891 0.0000
    endloop
  endfacet
  facet normal -0.997859 0.065403 0.000000
    outer loop
      vertex 29.7000 12.0000 3.0000
      vertex 29.6927 11.8891 0.0000
      vertex 29.6927 11.8891 3.0000
    endloop
  endfacet
  facet normal -0.065403 -0.997859 -0.000000
    outer loop
      vertex 28.8500 12.8500 3.0000
      vertex 28.8500 12.8500 0.0000
      vertex 28.9609 12.8427 0.0000
    endloop
  endfacet
  facet normal -0.065403 -0.997859 0.000000
    outer loop
      vertex 28.8500 12.8500 3.0000
      vertex 28.9609 12.8427 0.0000
      vertex 28.9609 12.8427 3.0000
    endloop
  endfacet
  facet normal 0.065403 -0.997859 0.000000
    outer loop
      vertex 28.7391 32.8427 3.0000
      vertex 28.7391 32.8427 0.0000
      vertex 28.8500 32.8500 0.0000
    endloop
  endfacet
  facet normal 0.065403 -0.997859 0.000000
    outer loop
      vertex 28.7391 32.8427 3.0000
      vertex 28.8500 32.8500 0.0000
      vertex 28.8500 32.8500 3.0000
    endloop
  endfacet
  facet normal 0.555570 0.831470 0.000000
    outer loop
      vertex 8.4250 31.2639 3.0000
      vertex 8.4250 31.2639 0.0000
      vertex 8.3326 31.3256 0.0000
    endloop
  endfacet
  facet normal 0.555570 0.831470 0.000000
    outer loop
      vertex 8.4250 31.2639 3.0000
      vertex 8.3326 31.3256 0.0000
      vertex 8.3326 31.3256 3.0000
    endloop
  endfacet
  facet normal -0.896873 0.442289 0.000000
    outer loop
      vertex 9.6353 31.6747 3.0000
      vertex 9.6353 31.6747 0.0000
      vertex 9.5861 31.5750 0.0000
    endloop
  endfacet
  facet normal -0.896873 0.442289 0.000000
    outer loop
      vertex 9.6353 31.6747 3.0000
      vertex 9.5861 31.5750 0.0000
      vertex 9.5861 31.5750 3.0000
    endloop
  endfacet
  facet normal -0.997859 -0.065403 -0.000000
    outer loop
      vertex 9.6927 12.1109 3.0000
      vertex 9.6927 12.1109 0.0000
      vertex 9.7000 12.0000 0.0000
    endloop
  endfacet
  facet normal -0.997859 -0.065403 0.000000
    outer loop
      vertex 9.6927 12.1109 3.0000
      vertex 9.7000 12.0000 0.0000
      vertex 9.7000 12.0000 3.0000
    endloop
  endfacet
  facet normal -0.442289 -0.896873 -0.000000
    outer loop
      vertex 9.1753 32.7853 3.0000
      vertex 9.1753 32.7853 0.0000
      vertex 9.2750 32.7361 0.0000
    endloop
  endfacet
  facet normal -0.442289 -0.896873 0.000000
    outer loop
      vertex 9.1753 32.7853 3.0000
      vertex 9.2750 32.7361 0.0000
      vertex 9.2750 32.7361 3.0000
    endloop
  endfacet
  facet normal 0.659346 0.751840 0.000000
    outer loop
      vertex 8.3326 31.3256 3.0000
      vertex 8.3326 31.3256 0.0000
      vertex 8.2490 31.3990 0.0000
    endloop
  endfacet
  facet normal 0.659346 0.751840 0.000000
    outer loop
      vertex 8.3326 31.3256 3.0000
      vertex 8.2490 31.3990 0.0000
      vertex 8.2490 31.3990 3.0000
    endloop
  endfacet
  facet normal -0.442289 0.896873 0.000000
    outer loop
      vertex 9.2750 11.2639 3.0000
      vertex 9.2750 11.2639 0.0000
      vertex 9.1753 11.2147 0.0000
    endloop
  endfacet
  facet normal -0.442289 0.896873 0.000000
    outer loop
      vertex 9.2750 11.2639 3.0000
      vertex 9.1753 11.2147 0.0000
      vertex 9.1753 11.2147 3.0000
    endloop
  endfacet
  facet normal -0.751840 -0.659346 -0.000000
    outer loop
      vertex 9.4510 12.6010 3.0000
      vertex 9.4510 12.6010 0.0000
      vertex 9.5244 12.5174 0.0000
    endloop
  endfacet
  facet normal -0.751840 -0.659346 0.000000
    outer loop
      vertex 9.4510 12.6010 3.0000
      vertex 9.5244 12.5174 0.0000
      vertex 9.5244 12.5174 3.0000
    endloop
  endfacet
  facet normal -0.321439 -0.946930 -0.000000
    outer loop
      vertex 9.0700 12.8210 3.0000
      vertex 9.0700 12.8210 0.0000
      vertex 9.1753 12.7853 0.0000
    endloop
  endfacet
  facet normal -0.321439 -0.946930 0.000000
    outer loop
      vertex 9.0700 12.8210 3.0000
      vertex 9.1753 12.7853 0.0000
      vertex 9.1753 12.7853 3.0000
    endloop
  endfacet
  facet normal -0.751840 -0.659346 -0.000000
    outer loop
      vertex 9.4510 32.6010 3.0000
      vertex 9.4510 32.6010 0.0000
      vertex 9.5244 32.5174 0.0000
    endloop
  endfacet
  facet normal -0.751840 -0.659346 0.000000
    outer loop
      vertex 9.4510 32.6010 3.0000
      vertex 9.5244 32.5174 0.0000
      vertex 9.5244 32.5174 3.0000
    endloop
  endfacet
  facet normal 0.896873 -0.442289 0.000000
    outer loop
      vertex 8.0647 32.3253 3.0000
      vertex 8.0647 32.3253 0.0000
      vertex 8.1139 32.4250 0.0000
    endloop
  endfacet
  facet normal 0.896873 -0.442289 0.000000
    outer loop
      vertex 8.0647 32.3253 3.0000
      vertex 8.1139 32.4250 0.0000
      vertex 8.1139 32.4250 3.0000
    endloop
  endfacet
  facet normal -0.195090 0.980785 0.000000
    outer loop
      vertex 9.0700 11.1790 3.0000
      vertex 9.0700 11.1790 0.0000
      vertex 8.9609 11.1573 0.0000
    endloop
  endfacet
  facet normal -0.195090 0.980785 0.000000
    outer loop
      vertex 9.0700 11.1790 3.0000
      vertex 8.9609 11.1573 0.0000
      vertex 8.9609 11.1573 3.0000
    endloop
  endfacet
  facet normal -0.442289 -0.896873 -0.000000
    outer loop
      vertex 29.1753 32.7853 3.0000
      vertex 29.1753 32.7853 0.0000
      vertex 29.2750 32.7361 0.0000
    endloop
  endfacet
  facet normal -0.442289 -0.896873 0.000000
    outer loop
      vertex 29.1753 32.7853 3.0000
      vertex 29.2750 32.7361 0.0000
      vertex 29.2750 32.7361 3.0000
    endloop
  endfacet
  facet normal -0.065403 -0.997859 -0.000000
    outer loop
      vertex 8.8500 12.8500 3.0000
      vertex 8.8500 12.8500 0.0000
      vertex 8.9609 12.8427 0.0000
    endloop
  endfacet
  facet normal -0.065403 -0.997859 0.000000
    outer loop
      vertex 8.8500 12.8500 3.0000
      vertex 8.9609 12.8427 0.0000
      vertex 8.9609 12.8427 3.0000
    endloop
  endfacet
  facet normal 0.831470 0.555570 0.000000
    outer loop
      vertex 8.1756 31.4826 3.0000
      vertex 8.1756 31.4826 0.0000
      vertex 8.1139 31.5750 0.0000
    endloop
  endfacet
  facet normal 0.831470 0.555570 0.000000
    outer loop
      vertex 8.1756 31.4826 3.0000
      vertex 8.1139 31.5750 0.0000
      vertex 8.1139 31.5750 3.0000
    endloop
  endfacet
  facet normal 0.442289 0.896873 0.000000
    outer loop
      vertex 8.5247 11.2147 3.0000
      vertex 8.5247 11.2147 0.0000
      vertex 8.4250 11.2639 0.0000
    endloop
  endfacet
  facet normal 0.442289 0.896873 0.000000
    outer loop
      vertex 8.5247 11.2147 3.0000
      vertex 8.4250 11.2639 0.0000
      vertex 8.4250 11.2639 3.0000
    endloop
  endfacet
  facet normal 0.065403 -0.997859 0.000000
    outer loop
      vertex 28.7391 12.8427 3.0000
      vertex 28.7391 12.8427 0.0000
      vertex 28.8500 12.8500 0.0000
    endloop
  endfacet
  facet normal 0.065403 -0.997859 0.000000
    outer loop
      vertex 28.7391 12.8427 3.0000
      vertex 28.8500 12.8500 0.0000
      vertex 28.8500 12.8500 3.0000
    endloop
  endfacet
  facet normal -0.751840 0.659346 0.000000
    outer loop
      vertex 9.5244 31.4826 3.0000
      vertex 9.5244 31.4826 0.0000
      vertex 9.4510 31.3990 0.0000
    endloop
  endfacet
  facet normal -0.751840 0.659346 0.000000
    outer loop
      vertex 9.5244 31.4826 3.0000
      vertex 9.4510 31.3990 0.0000
      vertex 9.4510 31.3990 3.0000
    endloop
  endfacet
  facet normal 0.751840 0.659346 0.000000
    outer loop
      vertex 28.2490 31.3990 3.0000
      vertex 28.2490 31.3990 0.0000
      vertex 28.1756 31.4826 0.0000
    endloop
  endfacet
  facet normal 0.751840 0.659346 0.000000
    outer loop
      vertex 28.2490 31.3990 3.0000
      vertex 28.1756 31.4826 0.0000
      vertex 28.1756 31.4826 3.0000
    endloop
  endfacet
  facet normal 0.659346 0.751840 0.000000
    outer loop
      vertex 28.3326 11.3256 3.0000
      vertex 28.3326 11.3256 0.0000
      vertex 28.2490 11.3990 0.0000
    endloop
  endfacet
  facet normal 0.659346 0.751840 0.000000
    outer loop
      vertex 28.3326 11.3256 3.0000
      vertex 28.2490 11.3990 0.0000
      vertex 28.2490 11.3990 3.0000
    endloop
  endfacet
  facet normal -0.065403 0.997859 0.000000
    outer loop
      vertex 8.9609 11.1573 3.0000
      vertex 8.9609 11.1573 0.0000
      vertex 8.8500 11.1500 0.0000
    endloop
  endfacet
  facet normal -0.065403 0.997859 0.000000
    outer loop
      vertex 8.9609 11.1573 3.0000
      vertex 8.8500 11.1500 0.0000
      vertex 8.8500 11.1500 3.0000
    endloop
  endfacet
  facet normal 0.321439 -0.946930 0.000000
    outer loop
      vertex 28.5247 32.7853 3.0000
      vertex 28.5247 32.7853 0.0000
      vertex 28.6300 32.8210 0.0000
    endloop
  endfacet
  facet normal 0.321439 -0.946930 0.000000
    outer loop
      vertex 28.5247 32.7853 3.0000
      vertex 28.6300 32.8210 0.0000
      vertex 28.6300 32.8210 3.0000
    endloop
  endfacet
  facet normal -0.065403 0.997859 0.000000
    outer loop
      vertex 28.9609 11.1573 3.0000
      vertex 28.9609 11.1573 0.0000
      vertex 28.8500 11.1500 0.0000
    endloop
  endfacet
  facet normal -0.065403 0.997859 0.000000
    outer loop
      vertex 28.9609 11.1573 3.0000
      vertex 28.8500 11.1500 0.0000
      vertex 28.8500 11.1500 3.0000
    endloop
  endfacet
  facet normal 0.946930 0.321439 0.000000
    outer loop
      vertex 8.0647 31.6747 3.0000
      vertex 8.0647 31.6747 0.0000
      vertex 8.0290 31.7800 0.0000
    endloop
  endfacet
  facet normal 0.946930 0.321439 0.000000
    outer loop
      vertex 8.0647 31.6747 3.0000
      vertex 8.0290 31.7800 0.0000
      vertex 8.0290 31.7800 3.0000
    endloop
  endfacet
  facet normal 0.195090 0.980785 0.000000
    outer loop
      vertex 28.7391 11.1573 3.0000
      vertex 28.7391 11.1573 0.0000
      vertex 28.6300 11.1790 0.0000
    endloop
  endfacet
  facet normal 0.195090 0.980785 0.000000
    outer loop
      vertex 28.7391 11.1573 3.0000
      vertex 28.6300 11.1790 0.0000
      vertex 28.6300 11.1790 3.0000
    endloop
  endfacet
  facet normal 0.751840 -0.659346 0.000000
    outer loop
      vertex 28.1756 32.5174 3.0000
      vertex 28.1756 32.5174 0.0000
      vertex 28.2490 32.6010 0.0000
    endloop
  endfacet
  facet normal 0.751840 -0.659346 0.000000
    outer loop
      vertex 28.1756 32.5174 3.0000
      vertex 28.2490 32.6010 0.0000
      vertex 28.2490 32.6010 3.0000
    endloop
  endfacet
  facet normal -0.896873 -0.442289 -0.000000
    outer loop
      vertex 29.5861 32.4250 3.0000
      vertex 29.5861 32.4250 0.0000
      vertex 29.6353 32.3253 0.0000
    endloop
  endfacet
  facet normal -0.896873 -0.442289 0.000000
    outer loop
      vertex 29.5861 32.4250 3.0000
      vertex 29.6353 32.3253 0.0000
      vertex 29.6353 32.3253 3.0000
    endloop
  endfacet
  facet normal -0.751840 0.659346 0.000000
    outer loop
      vertex 29.5244 11.4826 3.0000
      vertex 29.5244 11.4826 0.0000
      vertex 29.4510 11.3990 0.0000
    endloop
  endfacet
  facet normal -0.751840 0.659346 0.000000
    outer loop
      vertex 29.5244 11.4826 3.0000
      vertex 29.4510 11.3990 0.0000
      vertex 29.4510 11.3990 3.0000
    endloop
  endfacet
  facet normal -1.000000 0.000000 -0.000000
    outer loop
      vertex 0.0000 52.5300 3.0000
      vertex 0.0000 52.5300 0.0000
      vertex 0.0000 0.0000 0.0000
    endloop
  endfacet
  facet normal -1.000000 -0.000000 0.000000
    outer loop
      vertex 0.0000 52.5300 3.0000
      vertex 0.0000 0.0000 0.0000
      vertex 0.0000 0.0000 3.0000
    endloop
  endfacet
  facet normal 0.442289 -0.896873 0.000000
    outer loop
      vertex 8.4250 12.7361 3.0000
      vertex 8.4250 12.7361 0.0000
      vertex 8.5247 12.7853 0.0000
    endloop
  endfacet
  facet normal 0.442289 -0.896873 0.000000
    outer loop
      vertex 8.4250 12.7361 3.0000
      vertex 8.5247 12.7853 0.0000
      vertex 8.5247 12.7853 3.0000
    endloop
  endfacet
  facet normal 0.555570 -0.831470 0.000000
    outer loop
      vertex 28.3326 32.6744 3.0000
      vertex 28.3326 32.6744 0.0000
      vertex 28.4250 32.7361 0.0000
    endloop
  endfacet
  facet normal 0.555570 -0.831470 0.000000
    outer loop
      vertex 28.3326 32.6744 3.0000
      vertex 28.4250 32.7361 0.0000
      vertex 28.4250 32.7361 3.0000
    endloop
  endfacet
  facet normal -0.659346 -0.751840 -0.000000
    outer loop
      vertex 9.3674 12.6744 3.0000
      vertex 9.3674 12.6744 0.0000
      vertex 9.4510 12.6010 0.0000
    endloop
  endfacet
  facet normal -0.659346 -0.751840 0.000000
    outer loop
      vertex 9.3674 12.6744 3.0000
      vertex 9.4510 12.6010 0.0000
      vertex 9.4510 12.6010 3.0000
    endloop
  endfacet
  facet normal -0.195090 0.980785 0.000000
    outer loop
      vertex 9.0700 31.1790 3.0000
      vertex 9.0700 31.1790 0.0000
      vertex 8.9609 31.1573 0.0000
    endloop
  endfacet
  facet normal -0.195090 0.980785 0.000000
    outer loop
      vertex 9.0700 31.1790 3.0000
      vertex 8.9609 31.1573 0.0000
      vertex 8.9609 31.1573 3.0000
    endloop
  endfacet
  facet normal 0.997859 -0.065403 0.000000
    outer loop
      vertex 8.0000 32.0000 3.0000
      vertex 8.0000 32.0000 0.0000
      vertex 8.0073 32.1109 0.0000
    endloop
  endfacet
  facet normal 0.997859 -0.065403 0.000000
    outer loop
      vertex 8.0000 32.0000 3.0000
      vertex 8.0073 32.1109 0.0000
      vertex 8.0073 32.1109 3.0000
    endloop
  endfacet
  facet normal -0.997859 -0.065403 -0.000000
    outer loop
      vertex 29.6927 12.1109 3.0000
      vertex 29.6927 12.1109 0.0000
      vertex 29.7000 12.0000 0.0000
    endloop
  endfacet
  facet normal -0.997859 -0.065403 0.000000
    outer loop
      vertex 29.6927 12.1109 3.0000
      vertex 29.7000 12.0000 0.0000
      vertex 29.7000 12.0000 3.0000
    endloop
  endfacet
  facet normal 0.831470 0.555570 0.000000
    outer loop
      vertex 28.1756 11.4826 3.0000
      vertex 28.1756 11.4826 0.0000
      vertex 28.1139 11.5750 0.0000
    endloop
  endfacet
  facet normal 0.831470 0.555570 0.000000
    outer loop
      vertex 28.1756 11.4826 3.0000
      vertex 28.1139 11.5750 0.0000
      vertex 28.1139 11.5750 3.0000
    endloop
  endfacet
  facet normal -0.980785 0.195090 0.000000
    outer loop
      vertex 29.6927 31.8891 3.0000
      vertex 29.6927 31.8891 0.0000
      vertex 29.6710 31.7800 0.0000
    endloop
  endfacet
  facet normal -0.980785 0.195090 0.000000
    outer loop
      vertex 29.6927 31.8891 3.0000
      vertex 29.6710 31.7800 0.0000
      vertex 29.6710 31.7800 3.0000
    endloop
  endfacet
  facet normal 0.997859 0.065403 0.000000
    outer loop
      vertex 28.0073 11.8891 3.0000
      vertex 28.0073 11.8891 0.0000
      vertex 28.0000 12.0000 0.0000
    endloop
  endfacet
  facet normal 0.997859 0.065403 0.000000
    outer loop
      vertex 28.0073 11.8891 3.0000
      vertex 28.0000 12.0000 0.0000
      vertex 28.0000 12.0000 3.0000
    endloop
  endfacet
  facet normal -0.442289 0.896873 0.000000
    outer loop
      vertex 9.2750 31.2639 3.0000
      vertex 9.2750 31.2639 0.0000
      vertex 9.1753 31.2147 0.0000
    endloop
  endfacet
  facet normal -0.442289 0.896873 0.000000
    outer loop
      vertex 9.2750 31.2639 3.0000
      vertex 9.1753 31.2147 0.0000
      vertex 9.1753 31.2147 3.0000
    endloop
  endfacet
  facet normal 0.751840 -0.659346 0.000000
    outer loop
      vertex 8.1756 12.5174 3.0000
      vertex 8.1756 12.5174 0.0000
      vertex 8.2490 12.6010 0.0000
    endloop
  endfacet
  facet normal 0.751840 -0.659346 0.000000
    outer loop
      vertex 8.1756 12.5174 3.0000
      vertex 8.2490 12.6010 0.0000
      vertex 8.2490 12.6010 3.0000
    endloop
  endfacet
  facet normal 0.065403 0.997859 0.000000
    outer loop
      vertex 28.8500 11.1500 3.0000
      vertex 28.8500 11.1500 0.0000
      vertex 28.7391 11.1573 0.0000
    endloop
  endfacet
  facet normal 0.065403 0.997859 0.000000
    outer loop
      vertex 28.8500 11.1500 3.0000
      vertex 28.7391 11.1573 0.0000
      vertex 28.7391 11.1573 3.0000
    endloop
  endfacet
  facet normal 0.321439 -0.946930 0.000000
    outer loop
      vertex 8.5247 32.7853 3.0000
      vertex 8.5247 32.7853 0.0000
      vertex 8.6300 32.8210 0.0000
    endloop
  endfacet
  facet normal 0.321439 -0.946930 0.000000
    outer loop
      vertex 8.5247 32.7853 3.0000
      vertex 8.6300 32.8210 0.0000
      vertex 8.6300 32.8210 3.0000
    endloop
  endfacet
  facet normal 0.946930 -0.321439 0.000000
    outer loop
      vertex 8.0290 12.2200 3.0000
      vertex 8.0290 12.2200 0.0000
      vertex 8.0647 12.3253 0.0000
    endloop
  endfacet
  facet normal 0.946930 -0.321439 0.000000
    outer loop
      vertex 8.0290 12.2200 3.0000
      vertex 8.0647 12.3253 0.0000
      vertex 8.0647 12.3253 3.0000
    endloop
  endfacet
  facet normal -0.751840 -0.659346 -0.000000
    outer loop
      vertex 29.4510 12.6010 3.0000
      vertex 29.4510 12.6010 0.0000
      vertex 29.5244 12.5174 0.0000
    endloop
  endfacet
  facet normal -0.751840 -0.659346 0.000000
    outer loop
      vertex 29.4510 12.6010 3.0000
      vertex 29.5244 12.5174 0.0000
      vertex 29.5244 12.5174 3.0000
    endloop
  endfacet
  facet normal 0.000000 1.000000 0.000000
    outer loop
      vertex 6.5000 52.5300 3.0000
      vertex 6.5000 52.5300 0.0000
      vertex 0.0000 52.5300 0.0000
    endloop
  endfacet
  facet normal 0.000000 1.000000 0.000000
    outer loop
      vertex 6.5000 52.5300 3.0000
      vertex 0.0000 52.5300 0.0000
      vertex 0.0000 52.5300 3.0000
    endloop
  endfacet
  facet normal -0.195090 -0.980785 -0.000000
    outer loop
      vertex 28.9609 32.8427 3.0000
      vertex 28.9609 32.8427 0.0000
      vertex 29.0700 32.8210 0.0000
    endloop
  endfacet
  facet normal -0.195090 -0.980785 0.000000
    outer loop
      vertex 28.9609 32.8427 3.0000
      vertex 29.0700 32.8210 0.0000
      vertex 29.0700 32.8210 3.0000
    endloop
  endfacet
  facet normal -0.751840 -0.659346 -0.000000
    outer loop
      vertex 29.4510 32.6010 3.0000
      vertex 29.4510 32.6010 0.0000
      vertex 29.5244 32.5174 0.0000
    endloop
  endfacet
  facet normal -0.751840 -0.659346 0.000000
    outer loop
      vertex 29.4510 32.6010 3.0000
      vertex 29.5244 32.5174 0.0000
      vertex 29.5244 32.5174 3.0000
    endloop
  endfacet
  facet normal 0.896873 0.442289 0.000000
    outer loop
      vertex 8.1139 31.5750 3.0000
      vertex 8.1139 31.5750 0.0000
      vertex 8.0647 31.6747 0.0000
    endloop
  endfacet
  facet normal 0.896873 0.442289 0.000000
    outer loop
      vertex 8.1139 31.5750 3.0000
      vertex 8.0647 31.6747 0.0000
      vertex 8.0647 31.6747 3.0000
    endloop
  endfacet
  facet normal -0.831470 0.555570 0.000000
    outer loop
      vertex 29.5861 11.5750 3.0000
      vertex 29.5861 11.5750 0.0000
      vertex 29.5244 11.4826 0.0000
    endloop
  endfacet
  facet normal -0.831470 0.555570 0.000000
    outer loop
      vertex 29.5861 11.5750 3.0000
      vertex 29.5244 11.4826 0.0000
      vertex 29.5244 11.4826 3.0000
    endloop
  endfacet
  facet normal 0.980785 -0.195090 0.000000
    outer loop
      vertex 28.0073 12.1109 3.0000
      vertex 28.0073 12.1109 0.0000
      vertex 28.0290 12.2200 0.0000
    endloop
  endfacet
  facet normal 0.980785 -0.195090 0.000000
    outer loop
      vertex 28.0073 12.1109 3.0000
      vertex 28.0290 12.2200 0.0000
      vertex 28.0290 12.2200 3.0000
    endloop
  endfacet
  facet normal 0.000000 -1.000000 0.000000
    outer loop
      vertex 26.5000 0.0000 3.0000
      vertex 26.5000 0.0000 0.0000
      vertex 31.2000 0.0000 0.0000
    endloop
  endfacet
  facet normal 0.000000 -1.000000 0.000000
    outer loop
      vertex 26.5000 0.0000 3.0000
      vertex 31.2000 0.0000 0.0000
      vertex 31.2000 0.0000 3.0000
    endloop
  endfacet
  facet normal -0.896873 0.442289 0.000000
    outer loop
      vertex 29.6353 11.6747 3.0000
      vertex 29.6353 11.6747 0.0000
      vertex 29.5861 11.5750 0.0000
    endloop
  endfacet
  facet normal -0.896873 0.442289 0.000000
    outer loop
      vertex 29.6353 11.6747 3.0000
      vertex 29.5861 11.5750 0.0000
      vertex 29.5861 11.5750 3.0000
    endloop
  endfacet
  facet normal -0.659346 -0.751840 -0.000000
    outer loop
      vertex 29.3674 32.6744 3.0000
      vertex 29.3674 32.6744 0.0000
      vertex 29.4510 32.6010 0.0000
    endloop
  endfacet
  facet normal -0.659346 -0.751840 0.000000
    outer loop
      vertex 29.3674 32.6744 3.0000
      vertex 29.4510 32.6010 0.0000
      vertex 29.4510 32.6010 3.0000
    endloop
  endfacet
  facet normal 0.000000 -1.000000 0.000000
    outer loop
      vertex 31.2000 0.0000 3.0000
      vertex 31.2000 0.0000 0.0000
      vertex 37.7000 0.0000 0.0000
    endloop
  endfacet
  facet normal 0.000000 -1.000000 0.000000
    outer loop
      vertex 31.2000 0.0000 3.0000
      vertex 37.7000 0.0000 0.0000
      vertex 37.7000 0.0000 3.0000
    endloop
  endfacet
  facet normal -0.321439 -0.946930 -0.000000
    outer loop
      vertex 29.0700 32.8210 3.0000
      vertex 29.0700 32.8210 0.0000
      vertex 29.1753 32.7853 0.0000
    endloop
  endfacet
  facet normal -0.321439 -0.946930 0.000000
    outer loop
      vertex 29.0700 32.8210 3.0000
      vertex 29.1753 32.7853 0.0000
      vertex 29.1753 32.7853 3.0000
    endloop
  endfacet
  facet normal -0.997859 0.065403 0.000000
    outer loop
      vertex 9.7000 12.0000 3.0000
      vertex 9.7000 12.0000 0.0000
      vertex 9.6927 11.8891 0.0000
    endloop
  endfacet
  facet normal -0.997859 0.065403 0.000000
    outer loop
      vertex 9.7000 12.0000 3.0000
      vertex 9.6927 11.8891 0.0000
      vertex 9.6927 11.8891 3.0000
    endloop
  endfacet
  facet normal 0.831470 -0.555570 0.000000
    outer loop
      vertex 8.1139 12.4250 3.0000
      vertex 8.1139 12.4250 0.0000
      vertex 8.1756 12.5174 0.0000
    endloop
  endfacet
  facet normal 0.831470 -0.555570 0.000000
    outer loop
      vertex 8.1139 12.4250 3.0000
      vertex 8.1756 12.5174 0.0000
      vertex 8.1756 12.5174 3.0000
    endloop
  endfacet
  facet normal -0.831470 0.555570 0.000000
    outer loop
      vertex 9.5861 11.5750 3.0000
      vertex 9.5861 11.5750 0.0000
      vertex 9.5244 11.4826 0.0000
    endloop
  endfacet
  facet normal -0.831470 0.555570 0.000000
    outer loop
      vertex 9.5861 11.5750 3.0000
      vertex 9.5244 11.4826 0.0000
      vertex 9.5244 11.4826 3.0000
    endloop
  endfacet
  facet normal 0.946930 0.321439 0.000000
    outer loop
      vertex 28.0647 11.6747 3.0000
      vertex 28.0647 11.6747 0.0000
      vertex 28.0290 11.7800 0.0000
    endloop
  endfacet
  facet normal 0.946930 0.321439 0.000000
    outer loop
      vertex 28.0647 11.6747 3.0000
      vertex 28.0290 11.7800 0.0000
      vertex 28.0290 11.7800 3.0000
    endloop
  endfacet
  facet normal -0.831470 0.555570 0.000000
    outer loop
      vertex 29.5861 31.5750 3.0000
      vertex 29.5861 31.5750 0.0000
      vertex 29.5244 31.4826 0.0000
    endloop
  endfacet
  facet normal -0.831470 0.555570 0.000000
    outer loop
      vertex 29.5861 31.5750 3.0000
      vertex 29.5244 31.4826 0.0000
      vertex 29.5244 31.4826 3.0000
    endloop
  endfacet
  facet normal 0.896873 -0.442289 0.000000
    outer loop
      vertex 8.0647 12.3253 3.0000
      vertex 8.0647 12.3253 0.0000
      vertex 8.1139 12.4250 0.0000
    endloop
  endfacet
  facet normal 0.896873 -0.442289 0.000000
    outer loop
      vertex 8.0647 12.3253 3.0000
      vertex 8.1139 12.4250 0.0000
      vertex 8.1139 12.4250 3.0000
    endloop
  endfacet
  facet normal -0.946930 -0.321439 -0.000000
    outer loop
      vertex 29.6353 32.3253 3.0000
      vertex 29.6353 32.3253 0.0000
      vertex 29.6710 32.2200 0.0000
    endloop
  endfacet
  facet normal -0.946930 -0.321439 0.000000
    outer loop
      vertex 29.6353 32.3253 3.0000
      vertex 29.6710 32.2200 0.0000
      vertex 29.6710 32.2200 3.0000
    endloop
  endfacet
  facet normal -0.896873 -0.442289 -0.000000
    outer loop
      vertex 9.5861 12.4250 3.0000
      vertex 9.5861 12.4250 0.0000
      vertex 9.6353 12.3253 0.0000
    endloop
  endfacet
  facet normal -0.896873 -0.442289 0.000000
    outer loop
      vertex 9.5861 12.4250 3.0000
      vertex 9.6353 12.3253 0.0000
      vertex 9.6353 12.3253 3.0000
    endloop
  endfacet
  facet normal -0.555570 0.831470 0.000000
    outer loop
      vertex 29.3674 11.3256 3.0000
      vertex 29.3674 11.3256 0.0000
      vertex 29.2750 11.2639 0.0000
    endloop
  endfacet
  facet normal -0.555570 0.831470 0.000000
    outer loop
      vertex 29.3674 11.3256 3.0000
      vertex 29.2750 11.2639 0.0000
      vertex 29.2750 11.2639 3.0000
    endloop
  endfacet
  facet normal -0.831470 0.555570 0.000000
    outer loop
      vertex 9.5861 31.5750 3.0000
      vertex 9.5861 31.5750 0.0000
      vertex 9.5244 31.4826 0.0000
    endloop
  endfacet
  facet normal -0.831470 0.555570 0.000000
    outer loop
      vertex 9.5861 31.5750 3.0000
      vertex 9.5244 31.4826 0.0000
      vertex 9.5244 31.4826 3.0000
    endloop
  endfacet
  facet normal 0.442289 -0.896873 0.000000
    outer loop
      vertex 28.4250 32.7361 3.0000
      vertex 28.4250 32.7361 0.0000
      vertex 28.5247 32.7853 0.0000
    endloop
  endfacet
  facet normal 0.442289 -0.896873 0.000000
    outer loop
      vertex 28.4250 32.7361 3.0000
      vertex 28.5247 32.7853 0.0000
      vertex 28.5247 32.7853 3.0000
    endloop
  endfacet
  facet normal -0.555570 0.831470 0.000000
    outer loop
      vertex 9.3674 11.3256 3.0000
      vertex 9.3674 11.3256 0.0000
      vertex 9.2750 11.2639 0.0000
    endloop
  endfacet
  facet normal -0.555570 0.831470 0.000000
    outer loop
      vertex 9.3674 11.3256 3.0000
      vertex 9.2750 11.2639 0.0000
      vertex 9.2750 11.2639 3.0000
    endloop
  endfacet
  facet normal -0.659346 0.751840 0.000000
    outer loop
      vertex 9.4510 11.3990 3.0000
      vertex 9.4510 11.3990 0.0000
      vertex 9.3674 11.3256 0.0000
    endloop
  endfacet
  facet normal -0.659346 0.751840 0.000000
    outer loop
      vertex 9.4510 11.3990 3.0000
      vertex 9.3674 11.3256 0.0000
      vertex 9.3674 11.3256 3.0000
    endloop
  endfacet
  facet normal 0.946930 -0.321439 0.000000
    outer loop
      vertex 28.0290 32.2200 3.0000
      vertex 28.0290 32.2200 0.0000
      vertex 28.0647 32.3253 0.0000
    endloop
  endfacet
  facet normal 0.946930 -0.321439 0.000000
    outer loop
      vertex 28.0290 32.2200 3.0000
      vertex 28.0647 32.3253 0.0000
      vertex 28.0647 32.3253 3.0000
    endloop
  endfacet
  facet normal 0.997859 -0.065403 0.000000
    outer loop
      vertex 8.0000 12.0000 3.0000
      vertex 8.0000 12.0000 0.0000
      vertex 8.0073 12.1109 0.0000
    endloop
  endfacet
  facet normal 0.997859 -0.065403 0.000000
    outer loop
      vertex 8.0000 12.0000 3.0000
      vertex 8.0073 12.1109 0.0000
      vertex 8.0073 12.1109 3.0000
    endloop
  endfacet
  facet normal -0.442289 0.896873 0.000000
    outer loop
      vertex 29.2750 11.2639 3.0000
      vertex 29.2750 11.2639 0.0000
      vertex 29.1753 11.2147 0.0000
    endloop
  endfacet
  facet normal -0.442289 0.896873 0.000000
    outer loop
      vertex 29.2750 11.2639 3.0000
      vertex 29.1753 11.2147 0.0000
      vertex 29.1753 11.2147 3.0000
    endloop
  endfacet
  facet normal -0.980785 0.195090 0.000000
    outer loop
      vertex 9.6927 31.8891 3.0000
      vertex 9.6927 31.8891 0.0000
      vertex 9.6710 31.7800 0.0000
    endloop
  endfacet
  facet normal -0.980785 0.195090 0.000000
    outer loop
      vertex 9.6927 31.8891 3.0000
      vertex 9.6710 31.7800 0.0000
      vertex 9.6710 31.7800 3.0000
    endloop
  endfacet
  facet normal 0.195090 0.980785 0.000000
    outer loop
      vertex 28.7391 31.1573 3.0000
      vertex 28.7391 31.1573 0.0000
      vertex 28.6300 31.1790 0.0000
    endloop
  endfacet
  facet normal 0.195090 0.980785 0.000000
    outer loop
      vertex 28.7391 31.1573 3.0000
      vertex 28.6300 31.1790 0.0000
      vertex 28.6300 31.1790 3.0000
    endloop
  endfacet
  facet normal 0.000000 1.000000 0.000000
    outer loop
      vertex 18.8500 52.5300 3.0000
      vertex 18.8500 52.5300 0.0000
      vertex 11.2000 52.5300 0.0000
    endloop
  endfacet
  facet normal 0.000000 1.000000 0.000000
    outer loop
      vertex 18.8500 52.5300 3.0000
      vertex 11.2000 52.5300 0.0000
      vertex 11.2000 52.5300 3.0000
    endloop
  endfacet
  facet normal -0.065403 -0.997859 -0.000000
    outer loop
      vertex 28.8500 32.8500 3.0000
      vertex 28.8500 32.8500 0.0000
      vertex 28.9609 32.8427 0.0000
    endloop
  endfacet
  facet normal -0.065403 -0.997859 0.000000
    outer loop
      vertex 28.8500 32.8500 3.0000
      vertex 28.9609 32.8427 0.0000
      vertex 28.9609 32.8427 3.0000
    endloop
  endfacet
  facet normal 0.659346 0.751840 0.000000
    outer loop
      vertex 8.3326 11.3256 3.0000
      vertex 8.3326 11.3256 0.0000
      vertex 8.2490 11.3990 0.0000
    endloop
  endfacet
  facet normal 0.659346 0.751840 0.000000
    outer loop
      vertex 8.3326 11.3256 3.0000
      vertex 8.2490 11.3990 0.0000
      vertex 8.2490 11.3990 3.0000
    endloop
  endfacet
  facet normal -0.195090 -0.980785 -0.000000
    outer loop
      vertex 28.9609 12.8427 3.0000
      vertex 28.9609 12.8427 0.0000
      vertex 29.0700 12.8210 0.0000
    endloop
  endfacet
  facet normal -0.195090 -0.980785 0.000000
    outer loop
      vertex 28.9609 12.8427 3.0000
      vertex 29.0700 12.8210 0.0000
      vertex 29.0700 12.8210 3.0000
    endloop
  endfacet
  facet normal 0.896873 0.442289 0.000000
    outer loop
      vertex 28.1139 31.5750 3.0000
      vertex 28.1139 31.5750 0.0000
      vertex 28.0647 31.6747 0.0000
    endloop
  endfacet
  facet normal 0.896873 0.442289 0.000000
    outer loop
      vertex 28.1139 31.5750 3.0000
      vertex 28.0647 31.6747 0.0000
      vertex 28.0647 31.6747 3.0000
    endloop
  endfacet
  facet normal 0.831470 -0.555570 0.000000
    outer loop
      vertex 8.1139 32.4250 3.0000
      vertex 8.1139 32.4250 0.0000
      vertex 8.1756 32.5174 0.0000
    endloop
  endfacet
  facet normal 0.831470 -0.555570 0.000000
    outer loop
      vertex 8.1139 32.4250 3.0000
      vertex 8.1756 32.5174 0.0000
      vertex 8.1756 32.5174 3.0000
    endloop
  endfacet
  facet normal -0.946930 -0.321439 -0.000000
    outer loop
      vertex 9.6353 12.3253 3.0000
      vertex 9.6353 12.3253 0.0000
      vertex 9.6710 12.2200 0.0000
    endloop
  endfacet
  facet normal -0.946930 -0.321439 0.000000
    outer loop
      vertex 9.6353 12.3253 3.0000
      vertex 9.6710 12.2200 0.0000
      vertex 9.6710 12.2200 3.0000
    endloop
  endfacet
  facet normal -0.321439 0.946930 0.000000
    outer loop
      vertex 29.1753 11.2147 3.0000
      vertex 29.1753 11.2147 0.0000
      vertex 29.0700 11.1790 0.0000
    endloop
  endfacet
  facet normal -0.321439 0.946930 0.000000
    outer loop
      vertex 29.1753 11.2147 3.0000
      vertex 29.0700 11.1790 0.0000
      vertex 29.0700 11.1790 3.0000
    endloop
  endfacet
  facet normal -0.831470 -0.555570 -0.000000
    outer loop
      vertex 29.5244 12.5174 3.0000
      vertex 29.5244 12.5174 0.0000
      vertex 29.5861 12.4250 0.0000
    endloop
  endfacet
  facet normal -0.831470 -0.555570 0.000000
    outer loop
      vertex 29.5244 12.5174 3.0000
      vertex 29.5861 12.4250 0.0000
      vertex 29.5861 12.4250 3.0000
    endloop
  endfacet
  facet normal -0.831470 -0.555570 -0.000000
    outer loop
      vertex 9.5244 32.5174 3.0000
      vertex 9.5244 32.5174 0.0000
      vertex 9.5861 32.4250 0.0000
    endloop
  endfacet
  facet normal -0.831470 -0.555570 0.000000
    outer loop
      vertex 9.5244 32.5174 3.0000
      vertex 9.5861 32.4250 0.0000
      vertex 9.5861 32.4250 3.0000
    endloop
  endfacet
  facet normal 0.555570 -0.831470 0.000000
    outer loop
      vertex 28.3326 12.6744 3.0000
      vertex 28.3326 12.6744 0.0000
      vertex 28.4250 12.7361 0.0000
    endloop
  endfacet
  facet normal 0.555570 -0.831470 0.000000
    outer loop
      vertex 28.3326 12.6744 3.0000
      vertex 28.4250 12.7361 0.0000
      vertex 28.4250 12.7361 3.0000
    endloop
  endfacet
  facet normal 0.555570 -0.831470 0.000000
    outer loop
      vertex 8.3326 32.6744 3.0000
      vertex 8.3326 32.6744 0.0000
      vertex 8.4250 32.7361 0.0000
    endloop
  endfacet
  facet normal 0.555570 -0.831470 0.000000
    outer loop
      vertex 8.3326 32.6744 3.0000
      vertex 8.4250 32.7361 0.0000
      vertex 8.4250 32.7361 3.0000
    endloop
  endfacet
  facet normal 0.946930 0.321439 0.000000
    outer loop
      vertex 8.0647 11.6747 3.0000
      vertex 8.0647 11.6747 0.0000
      vertex 8.0290 11.7800 0.0000
    endloop
  endfacet
  facet normal 0.946930 0.321439 0.000000
    outer loop
      vertex 8.0647 11.6747 3.0000
      vertex 8.0290 11.7800 0.0000
      vertex 8.0290 11.7800 3.0000
    endloop
  endfacet
  facet normal -0.442289 0.896873 0.000000
    outer loop
      vertex 29.2750 31.2639 3.0000
      vertex 29.2750 31.2639 0.0000
      vertex 29.1753 31.2147 0.0000
    endloop
  endfacet
  facet normal -0.442289 0.896873 0.000000
    outer loop
      vertex 29.2750 31.2639 3.0000
      vertex 29.1753 31.2147 0.0000
      vertex 29.1753 31.2147 3.0000
    endloop
  endfacet
  facet normal 0.321439 -0.946930 0.000000
    outer loop
      vertex 8.5247 12.7853 3.0000
      vertex 8.5247 12.7853 0.0000
      vertex 8.6300 12.8210 0.0000
    endloop
  endfacet
  facet normal 0.321439 -0.946930 0.000000
    outer loop
      vertex 8.5247 12.7853 3.0000
      vertex 8.6300 12.8210 0.0000
      vertex 8.6300 12.8210 3.0000
    endloop
  endfacet
  facet normal 0.980785 -0.195090 0.000000
    outer loop
      vertex 8.0073 12.1109 3.0000
      vertex 8.0073 12.1109 0.0000
      vertex 8.0290 12.2200 0.0000
    endloop
  endfacet
  facet normal 0.980785 -0.195090 0.000000
    outer loop
      vertex 8.0073 12.1109 3.0000
      vertex 8.0290 12.2200 0.0000
      vertex 8.0290 12.2200 3.0000
    endloop
  endfacet
  facet normal 0.195090 -0.980785 0.000000
    outer loop
      vertex 28.6300 12.8210 3.0000
      vertex 28.6300 12.8210 0.0000
      vertex 28.7391 12.8427 0.0000
    endloop
  endfacet
  facet normal 0.195090 -0.980785 0.000000
    outer loop
      vertex 28.6300 12.8210 3.0000
      vertex 28.7391 12.8427 0.0000
      vertex 28.7391 12.8427 3.0000
    endloop
  endfacet
  facet normal -0.946930 0.321439 0.000000
    outer loop
      vertex 9.6710 31.7800 3.0000
      vertex 9.6710 31.7800 0.0000
      vertex 9.6353 31.6747 0.0000
    endloop
  endfacet
  facet normal -0.946930 0.321439 0.000000
    outer loop
      vertex 9.6710 31.7800 3.0000
      vertex 9.6353 31.6747 0.0000
      vertex 9.6353 31.6747 3.0000
    endloop
  endfacet
  facet normal 0.555570 0.831470 0.000000
    outer loop
      vertex 8.4250 11.2639 3.0000
      vertex 8.4250 11.2639 0.0000
      vertex 8.3326 11.3256 0.0000
    endloop
  endfacet
  facet normal 0.555570 0.831470 0.000000
    outer loop
      vertex 8.4250 11.2639 3.0000
      vertex 8.3326 11.3256 0.0000
      vertex 8.3326 11.3256 3.0000
    endloop
  endfacet
  facet normal 0.946930 0.321439 0.000000
    outer loop
      vertex 28.0647 31.6747 3.0000
      vertex 28.0647 31.6747 0.0000
      vertex 28.0290 31.7800 0.0000
    endloop
  endfacet
  facet normal 0.946930 0.321439 0.000000
    outer loop
      vertex 28.0647 31.6747 3.0000
      vertex 28.0290 31.7800 0.0000
      vertex 28.0290 31.7800 3.0000
    endloop
  endfacet
  facet normal 0.751840 0.659346 0.000000
    outer loop
      vertex 8.2490 11.3990 3.0000
      vertex 8.2490 11.3990 0.0000
      vertex 8.1756 11.4826 0.0000
    endloop
  endfacet
  facet normal 0.751840 0.659346 0.000000
    outer loop
      vertex 8.2490 11.3990 3.0000
      vertex 8.1756 11.4826 0.0000
      vertex 8.1756 11.4826 3.0000
    endloop
  endfacet
  facet normal -0.195090 0.980785 0.000000
    outer loop
      vertex 29.0700 31.1790 3.0000
      vertex 29.0700 31.1790 0.0000
      vertex 28.9609 31.1573 0.0000
    endloop
  endfacet
  facet normal -0.195090 0.980785 0.000000
    outer loop
      vertex 29.0700 31.1790 3.0000
      vertex 28.9609 31.1573 0.0000
      vertex 28.9609 31.1573 3.0000
    endloop
  endfacet
  facet normal -0.946930 0.321439 0.000000
    outer loop
      vertex 29.6710 31.7800 3.0000
      vertex 29.6710 31.7800 0.0000
      vertex 29.6353 31.6747 0.0000
    endloop
  endfacet
  facet normal -0.946930 0.321439 0.000000
    outer loop
      vertex 29.6710 31.7800 3.0000
      vertex 29.6353 31.6747 0.0000
      vertex 29.6353 31.6747 3.0000
    endloop
  endfacet
  facet normal -0.980785 -0.195090 -0.000000
    outer loop
      vertex 9.6710 12.2200 3.0000
      vertex 9.6710 12.2200 0.0000
      vertex 9.6927 12.1109 0.0000
    endloop
  endfacet
  facet normal -0.980785 -0.195090 0.000000
    outer loop
      vertex 9.6710 12.2200 3.0000
      vertex 9.6927 12.1109 0.0000
      vertex 9.6927 12.1109 3.0000
    endloop
  endfacet
  facet normal -0.997859 0.065403 0.000000
    outer loop
      vertex 29.7000 32.0000 3.0000
      vertex 29.7000 32.0000 0.0000
      vertex 29.6927 31.8891 0.0000
    endloop
  endfacet
  facet normal -0.997859 0.065403 0.000000
    outer loop
      vertex 29.7000 32.0000 3.0000
      vertex 29.6927 31.8891 0.0000
      vertex 29.6927 31.8891 3.0000
    endloop
  endfacet
  facet normal 0.659346 -0.751840 0.000000
    outer loop
      vertex 8.2490 32.6010 3.0000
      vertex 8.2490 32.6010 0.0000
      vertex 8.3326 32.6744 0.0000
    endloop
  endfacet
  facet normal 0.659346 -0.751840 0.000000
    outer loop
      vertex 8.2490 32.6010 3.0000
      vertex 8.3326 32.6744 0.0000
      vertex 8.3326 32.6744 3.0000
    endloop
  endfacet
  facet normal -0.555570 -0.831470 -0.000000
    outer loop
      vertex 9.2750 32.7361 3.0000
      vertex 9.2750 32.7361 0.0000
      vertex 9.3674 32.6744 0.0000
    endloop
  endfacet
  facet normal -0.555570 -0.831470 0.000000
    outer loop
      vertex 9.2750 32.7361 3.0000
      vertex 9.3674 32.6744 0.0000
      vertex 9.3674 32.6744 3.0000
    endloop
  endfacet
  facet normal 0.896873 -0.442289 0.000000
    outer loop
      vertex 28.0647 32.3253 3.0000
      vertex 28.0647 32.3253 0.0000
      vertex 28.1139 32.4250 0.0000
    endloop
  endfacet
  facet normal 0.896873 -0.442289 0.000000
    outer loop
      vertex 28.0647 32.3253 3.0000
      vertex 28.1139 32.4250 0.0000
      vertex 28.1139 32.4250 3.0000
    endloop
  endfacet
  facet normal 0.980785 -0.195090 0.000000
    outer loop
      vertex 28.0073 32.1109 3.0000
      vertex 28.0073 32.1109 0.0000
      vertex 28.0290 32.2200 0.0000
    endloop
  endfacet
  facet normal 0.980785 -0.195090 0.000000
    outer loop
      vertex 28.0073 32.1109 3.0000
      vertex 28.0290 32.2200 0.0000
      vertex 28.0290 32.2200 3.0000
    endloop
  endfacet
  facet normal -0.065403 -0.997859 -0.000000
    outer loop
      vertex 8.8500 32.8500 3.0000
      vertex 8.8500 32.8500 0.0000
      vertex 8.9609 32.8427 0.0000
    endloop
  endfacet
  facet normal -0.065403 -0.997859 0.000000
    outer loop
      vertex 8.8500 32.8500 3.0000
      vertex 8.9609 32.8427 0.0000
      vertex 8.9609 32.8427 3.0000
    endloop
  endfacet
  facet normal -0.195090 -0.980785 -0.000000
    outer loop
      vertex 8.9609 12.8427 3.0000
      vertex 8.9609 12.8427 0.0000
      vertex 9.0700 12.8210 0.0000
    endloop
  endfacet
  facet normal -0.195090 -0.980785 0.000000
    outer loop
      vertex 8.9609 12.8427 3.0000
      vertex 9.0700 12.8210 0.0000
      vertex 9.0700 12.8210 3.0000
    endloop
  endfacet
  facet normal 0.321439 0.946930 0.000000
    outer loop
      vertex 28.6300 31.1790 3.0000
      vertex 28.6300 31.1790 0.0000
      vertex 28.5247 31.2147 0.0000
    endloop
  endfacet
  facet normal 0.321439 0.946930 0.000000
    outer loop
      vertex 28.6300 31.1790 3.0000
      vertex 28.5247 31.2147 0.0000
      vertex 28.5247 31.2147 3.0000
    endloop
  endfacet
  facet normal 0.980785 0.195090 0.000000
    outer loop
      vertex 28.0290 11.7800 3.0000
      vertex 28.0290 11.7800 0.0000
      vertex 28.0073 11.8891 0.0000
    endloop
  endfacet
  facet normal 0.980785 0.195090 0.000000
    outer loop
      vertex 28.0290 11.7800 3.0000
      vertex 28.0073 11.8891 0.0000
      vertex 28.0073 11.8891 3.0000
    endloop
  endfacet
  facet normal -0.195090 -0.980785 -0.000000
    outer loop
      vertex 8.9609 32.8427 3.0000
      vertex 8.9609 32.8427 0.0000
      vertex 9.0700 32.8210 0.0000
    endloop
  endfacet
  facet normal -0.195090 -0.980785 0.000000
    outer loop
      vertex 8.9609 32.8427 3.0000
      vertex 9.0700 32.8210 0.0000
      vertex 9.0700 32.8210 3.0000
    endloop
  endfacet
  facet normal 0.751840 -0.659346 0.000000
    outer loop
      vertex 28.1756 12.5174 3.0000
      vertex 28.1756 12.5174 0.0000
      vertex 28.2490 12.6010 0.0000
    endloop
  endfacet
  facet normal 0.751840 -0.659346 0.000000
    outer loop
      vertex 28.1756 12.5174 3.0000
      vertex 28.2490 12.6010 0.0000
      vertex 28.2490 12.6010 3.0000
    endloop
  endfacet
  facet normal 0.659346 -0.751840 0.000000
    outer loop
      vertex 28.2490 32.6010 3.0000
      vertex 28.2490 32.6010 0.0000
      vertex 28.3326 32.6744 0.0000
    endloop
  endfacet
  facet normal 0.659346 -0.751840 0.000000
    outer loop
      vertex 28.2490 32.6010 3.0000
      vertex 28.3326 32.6744 0.0000
      vertex 28.3326 32.6744 3.0000
    endloop
  endfacet
  facet normal 0.555570 0.831470 0.000000
    outer loop
      vertex 28.4250 11.2639 3.0000
      vertex 28.4250 11.2639 0.0000
      vertex 28.3326 11.3256 0.0000
    endloop
  endfacet
  facet normal 0.555570 0.831470 0.000000
    outer loop
      vertex 28.4250 11.2639 3.0000
      vertex 28.3326 11.3256 0.0000
      vertex 28.3326 11.3256 3.0000
    endloop
  endfacet
  facet normal -0.946930 0.321439 0.000000
    outer loop
      vertex 29.6710 11.7800 3.0000
      vertex 29.6710 11.7800 0.0000
      vertex 29.6353 11.6747 0.0000
    endloop
  endfacet
  facet normal -0.946930 0.321439 0.000000
    outer loop
      vertex 29.6710 11.7800 3.0000
      vertex 29.6353 11.6747 0.0000
      vertex 29.6353 11.6747 3.0000
    endloop
  endfacet
  facet normal 0.000000 -1.000000 0.000000
    outer loop
      vertex 6.5000 0.0000 3.0000
      vertex 6.5000 0.0000 0.0000
      vertex 11.2000 0.0000 0.0000
    endloop
  endfacet
  facet normal 0.000000 -1.000000 0.000000
    outer loop
      vertex 6.5000 0.0000 3.0000
      vertex 11.2000 0.0000 0.0000
      vertex 11.2000 0.0000 3.0000
    endloop
  endfacet
  facet normal -0.195090 0.980785 0.000000
    outer loop
      vertex 29.0700 11.1790 3.0000
      vertex 29.0700 11.1790 0.0000
      vertex 28.9609 11.1573 0.0000
    endloop
  endfacet
  facet normal -0.195090 0.980785 0.000000
    outer loop
      vertex 29.0700 11.1790 3.0000
      vertex 28.9609 11.1573 0.0000
      vertex 28.9609 11.1573 3.0000
    endloop
  endfacet
  facet normal -0.555570 -0.831470 -0.000000
    outer loop
      vertex 29.2750 32.7361 3.0000
      vertex 29.2750 32.7361 0.0000
      vertex 29.3674 32.6744 0.0000
    endloop
  endfacet
  facet normal -0.555570 -0.831470 0.000000
    outer loop
      vertex 29.2750 32.7361 3.0000
      vertex 29.3674 32.6744 0.0000
      vertex 29.3674 32.6744 3.0000
    endloop
  endfacet
  facet normal 0.000000 1.000000 0.000000
    outer loop
      vertex 31.2000 52.5300 3.0000
      vertex 31.2000 52.5300 0.0000
      vertex 26.5000 52.5300 0.0000
    endloop
  endfacet
  facet normal 0.000000 1.000000 0.000000
    outer loop
      vertex 31.2000 52.5300 3.0000
      vertex 26.5000 52.5300 0.0000
      vertex 26.5000 52.5300 3.0000
    endloop
  endfacet
  facet normal -0.321439 -0.946930 -0.000000
    outer loop
      vertex 9.0700 32.8210 3.0000
      vertex 9.0700 32.8210 0.0000
      vertex 9.1753 32.7853 0.0000
    endloop
  endfacet
  facet normal -0.321439 -0.946930 0.000000
    outer loop
      vertex 9.0700 32.8210 3.0000
      vertex 9.1753 32.7853 0.0000
      vertex 9.1753 32.7853 3.0000
    endloop
  endfacet
  facet normal -0.831470 -0.555570 -0.000000
    outer loop
      vertex 9.5244 12.5174 3.0000
      vertex 9.5244 12.5174 0.0000
      vertex 9.5861 12.4250 0.0000
    endloop
  endfacet
  facet normal -0.831470 -0.555570 0.000000
    outer loop
      vertex 9.5244 12.5174 3.0000
      vertex 9.5861 12.4250 0.0000
      vertex 9.5861 12.4250 3.0000
    endloop
  endfacet
  facet normal -0.997859 -0.065403 -0.000000
    outer loop
      vertex 9.6927 32.1109 3.0000
      vertex 9.6927 32.1109 0.0000
      vertex 9.7000 32.0000 0.0000
    endloop
  endfacet
  facet normal -0.997859 -0.065403 0.000000
    outer loop
      vertex 9.6927 32.1109 3.0000
      vertex 9.7000 32.0000 0.0000
      vertex 9.7000 32.0000 3.0000
    endloop
  endfacet
  facet normal 0.997859 0.065403 0.000000
    outer loop
      vertex 28.0073 31.8891 3.0000
      vertex 28.0073 31.8891 0.0000
      vertex 28.0000 32.0000 0.0000
    endloop
  endfacet
  facet normal 0.997859 0.065403 0.000000
    outer loop
      vertex 28.0073 31.8891 3.0000
      vertex 28.0000 32.0000 0.0000
      vertex 28.0000 32.0000 3.0000
    endloop
  endfacet
  facet normal -0.896873 0.442289 0.000000
    outer loop
      vertex 9.6353 11.6747 3.0000
      vertex 9.6353 11.6747 0.0000
      vertex 9.5861 11.5750 0.0000
    endloop
  endfacet
  facet normal -0.896873 0.442289 0.000000
    outer loop
      vertex 9.6353 11.6747 3.0000
      vertex 9.5861 11.5750 0.0000
      vertex 9.5861 11.5750 3.0000
    endloop
  endfacet
  facet normal -0.997859 0.065403 0.000000
    outer loop
      vertex 9.7000 32.0000 3.0000
      vertex 9.7000 32.0000 0.0000
      vertex 9.6927 31.8891 0.0000
    endloop
  endfacet
  facet normal -0.997859 0.065403 0.000000
    outer loop
      vertex 9.7000 32.0000 3.0000
      vertex 9.6927 31.8891 0.0000
      vertex 9.6927 31.8891 3.0000
    endloop
  endfacet
  facet normal -0.980785 0.195090 0.000000
    outer loop
      vertex 29.6927 11.8891 3.0000
      vertex 29.6927 11.8891 0.0000
      vertex 29.6710 11.7800 0.0000
    endloop
  endfacet
  facet normal -0.980785 0.195090 0.000000
    outer loop
      vertex 29.6927 11.8891 3.0000
      vertex 29.6710 11.7800 0.0000
      vertex 29.6710 11.7800 3.0000
    endloop
  endfacet
  facet normal 0.997859 -0.065403 0.000000
    outer loop
      vertex 28.0000 12.0000 3.0000
      vertex 28.0000 12.0000 0.0000
      vertex 28.0073 12.1109 0.0000
    endloop
  endfacet
  facet normal 0.997859 -0.065403 0.000000
    outer loop
      vertex 28.0000 12.0000 3.0000
      vertex 28.0073 12.1109 0.0000
      vertex 28.0073 12.1109 3.0000
    endloop
  endfacet
  facet normal 0.997859 -0.065403 0.000000
    outer loop
      vertex 28.0000 32.0000 3.0000
      vertex 28.0000 32.0000 0.0000
      vertex 28.0073 32.1109 0.0000
    endloop
  endfacet
  facet normal 0.997859 -0.065403 0.000000
    outer loop
      vertex 28.0000 32.0000 3.0000
      vertex 28.0073 32.1109 0.0000
      vertex 28.0073 32.1109 3.0000
    endloop
  endfacet
  facet normal 0.659346 -0.751840 0.000000
    outer loop
      vertex 8.2490 12.6010 3.0000
      vertex 8.2490 12.6010 0.0000
      vertex 8.3326 12.6744 0.0000
    endloop
  endfacet
  facet normal 0.659346 -0.751840 0.000000
    outer loop
      vertex 8.2490 12.6010 3.0000
      vertex 8.3326 12.6744 0.0000
      vertex 8.3326 12.6744 3.0000
    endloop
  endfacet
  facet normal -0.659346 0.751840 0.000000
    outer loop
      vertex 29.4510 11.3990 3.0000
      vertex 29.4510 11.3990 0.0000
      vertex 29.3674 11.3256 0.0000
    endloop
  endfacet
  facet normal -0.659346 0.751840 0.000000
    outer loop
      vertex 29.4510 11.3990 3.0000
      vertex 29.3674 11.3256 0.0000
      vertex 29.3674 11.3256 3.0000
    endloop
  endfacet
  facet normal 0.997859 0.065403 0.000000
    outer loop
      vertex 8.0073 31.8891 3.0000
      vertex 8.0073 31.8891 0.0000
      vertex 8.0000 32.0000 0.0000
    endloop
  endfacet
  facet normal 0.997859 0.065403 0.000000
    outer loop
      vertex 8.0073 31.8891 3.0000
      vertex 8.0000 32.0000 0.0000
      vertex 8.0000 32.0000 3.0000
    endloop
  endfacet
  facet normal 0.751840 -0.659346 0.000000
    outer loop
      vertex 8.1756 32.5174 3.0000
      vertex 8.1756 32.5174 0.0000
      vertex 8.2490 32.6010 0.0000
    endloop
  endfacet
  facet normal 0.751840 -0.659346 0.000000
    outer loop
      vertex 8.1756 32.5174 3.0000
      vertex 8.2490 32.6010 0.0000
      vertex 8.2490 32.6010 3.0000
    endloop
  endfacet
  facet normal 0.659346 -0.751840 0.000000
    outer loop
      vertex 28.2490 12.6010 3.0000
      vertex 28.2490 12.6010 0.0000
      vertex 28.3326 12.6744 0.0000
    endloop
  endfacet
  facet normal 0.659346 -0.751840 0.000000
    outer loop
      vertex 28.2490 12.6010 3.0000
      vertex 28.3326 12.6744 0.0000
      vertex 28.3326 12.6744 3.0000
    endloop
  endfacet
  facet normal 0.831470 -0.555570 0.000000
    outer loop
      vertex 28.1139 32.4250 3.0000
      vertex 28.1139 32.4250 0.0000
      vertex 28.1756 32.5174 0.0000
    endloop
  endfacet
  facet normal 0.831470 -0.555570 0.000000
    outer loop
      vertex 28.1139 32.4250 3.0000
      vertex 28.1756 32.5174 0.0000
      vertex 28.1756 32.5174 3.0000
    endloop
  endfacet
  facet normal 0.000000 0.000000 1.000000
    outer loop
      vertex 0.0000 0.0000 18.5000
      vertex 3.0000 0.0000 18.5000
      vertex 1.5000 26.2650 18.5000
    endloop
  endfacet
  facet normal 0.000000 -0.000000 1.000000
    outer loop
      vertex 3.0000 0.0000 18.5000
      vertex 3.0000 52.5300 18.5000
      vertex 1.5000 26.2650 18.5000
    endloop
  endfacet
  facet normal 0.000000 0.000000 1.000000
    outer loop
      vertex 3.0000 52.5300 18.5000
      vertex 0.0000 52.5300 18.5000
      vertex 1.5000 26.2650 18.5000
    endloop
  endfacet
  facet normal 0.000000 0.000000 1.000000
    outer loop
      vertex 0.0000 52.5300 18.5000
      vertex 0.0000 0.0000 18.5000
      vertex 1.5000 26.2650 18.5000
    endloop
  endfacet
  facet normal 0.000000 -0.000000 -1.000000
    outer loop
      vertex 1.5000 26.2650 3.0000
      vertex 3.0000 0.0000 3.0000
      vertex 0.0000 0.0000 3.0000
    endloop
  endfacet
  facet normal 0.000000 0.000000 -1.000000
    outer loop
      vertex 1.5000 26.2650 3.0000
      vertex 3.0000 52.5300 3.0000
      vertex 3.0000 0.0000 3.0000
    endloop
  endfacet
  facet normal 0.000000 0.000000 -1.000000
    outer loop
      vertex 1.5000 26.2650 3.0000
      vertex 0.0000 52.5300 3.0000
      vertex 3.0000 52.5300 3.0000
    endloop
  endfacet
  facet normal -0.000000 0.000000 -1.000000
    outer loop
      vertex 1.5000 26.2650 3.0000
      vertex 0.0000 0.0000 3.0000
      vertex 0.0000 52.5300 3.0000
    endloop
  endfacet
  facet normal -1.000000 0.000000 -0.000000
    outer loop
      vertex 0.0000 52.5300 18.5000
      vertex 0.0000 52.5300 3.0000
      vertex 0.0000 0.0000 3.0000
    endloop
  endfacet
  facet normal -1.000000 -0.000000 0.000000
    outer loop
      vertex 0.0000 52.5300 18.5000
      vertex 0.0000 0.0000 3.0000
      vertex 0.0000 0.0000 18.5000
    endloop
  endfacet
  facet normal 0.000000 -1.000000 0.000000
    outer loop
      vertex 0.0000 0.0000 18.5000
      vertex 0.0000 0.0000 3.0000
      vertex 3.0000 0.0000 3.0000
    endloop
  endfacet
  facet normal 0.000000 -1.000000 0.000000
    outer loop
      vertex 0.0000 0.0000 18.5000
      vertex 3.0000 0.0000 3.0000
      vertex 3.0000 0.0000 18.5000
    endloop
  endfacet
  facet normal 0.000000 1.000000 0.000000
    outer loop
      vertex 3.0000 52.5300 18.5000
      vertex 3.0000 52.5300 3.0000
      vertex 0.0000 52.5300 3.0000
    endloop
  endfacet
  facet normal 0.000000 1.000000 0.000000
    outer loop
      vertex 3.0000 52.5300 18.5000
      vertex 0.0000 52.5300 3.0000
      vertex 0.0000 52.5300 18.5000
    endloop
  endfacet
  facet normal 1.000000 0.000000 0.000000
    outer loop
      vertex 3.0000 0.0000 18.5000
      vertex 3.0000 0.0000 3.0000
      vertex 3.0000 52.5300 3.0000
    endloop
  endfacet
  facet normal 1.000000 -0.000000 0.000000
    outer loop
      vertex 3.0000 0.0000 18.5000
      vertex 3.0000 52.5300 3.0000
      vertex 3.0000 52.5300 18.5000
    endloop
  endfacet
  facet normal 0.000000 0.000000 1.000000
    outer loop
      vertex 34.7000 0.0000 18.5000
      vertex 37.7000 0.0000 18.5000
      vertex 36.2000 26.2650 18.5000
    endloop
  endfacet
  facet normal 0.000000 -0.000000 1.000000
    outer loop
      vertex 37.7000 0.0000 18.5000
      vertex 37.7000 52.5300 18.5000
      vertex 36.2000 26.2650 18.5000
    endloop
  endfacet
  facet normal 0.000000 0.000000 1.000000
    outer loop
      vertex 37.7000 52.5300 18.5000
      vertex 34.7000 52.5300 18.5000
      vertex 36.2000 26.2650 18.5000
    endloop
  endfacet
  facet normal 0.000000 0.000000 1.000000
    outer loop
      vertex 34.7000 52.5300 18.5000
      vertex 34.7000 0.0000 18.5000
      vertex 36.2000 26.2650 18.5000
    endloop
  endfacet
  facet normal 0.000000 -0.000000 -1.000000
    outer loop
      vertex 36.2000 26.2650 3.0000
      vertex 37.7000 0.0000 3.0000
      vertex 34.7000 0.0000 3.0000
    endloop
  endfacet
  facet normal 0.000000 0.000000 -1.000000
    outer loop
      vertex 36.2000 26.2650 3.0000
      vertex 37.7000 52.5300 3.0000
      vertex 37.7000 0.0000 3.0000
    endloop
  endfacet
  facet normal 0.000000 0.000000 -1.000000
    outer loop
      vertex 36.2000 26.2650 3.0000
      vertex 34.7000 52.5300 3.0000
      vertex 37.7000 52.5300 3.0000
    endloop
  endfacet
  facet normal -0.000000 0.000000 -1.000000
    outer loop
      vertex 36.2000 26.2650 3.0000
      vertex 34.7000 0.0000 3.0000
      vertex 34.7000 52.5300 3.0000
    endloop
  endfacet
  facet normal 1.000000 0.000000 0.000000
    outer loop
      vertex 37.7000 0.0000 18.5000
      vertex 37.7000 0.0000 3.0000
      vertex 37.7000 52.5300 3.0000
    endloop
  endfacet
  facet normal 1.000000 -0.000000 0.000000
    outer loop
      vertex 37.7000 0.0000 18.5000
      vertex 37.7000 52.5300 3.0000
      vertex 37.7000 52.5300 18.5000
    endloop
  endfacet
  facet normal -1.000000 0.000000 -0.000000
    outer loop
      vertex 34.7000 52.5300 18.5000
      vertex 34.7000 52.5300 3.0000
      vertex 34.7000 0.0000 3.0000
    endloop
  endfacet
  facet normal -1.000000 -0.000000 0.000000
    outer loop
      vertex 34.7000 52.5300 18.5000
      vertex 34.7000 0.0000 3.0000
      vertex 34.7000 0.0000 18.5000
    endloop
  endfacet
  facet normal 0.000000 1.000000 0.000000
    outer loop
      vertex 37.7000 52.5300 18.5000
      vertex 37.7000 52.5300 3.0000
      vertex 34.7000 52.5300 3.0000
    endloop
  endfacet
  facet normal 0.000000 1.000000 0.000000
    outer loop
      vertex 37.7000 52.5300 18.5000
      vertex 34.7000 52.5300 3.0000
      vertex 34.7000 52.5300 18.5000
    endloop
  endfacet
  facet normal 0.000000 -1.000000 0.000000
    outer loop
      vertex 34.7000 0.0000 18.5000
      vertex 34.7000 0.0000 3.0000
      vertex 37.7000 0.0000 3.0000
    endloop
  endfacet
  facet normal 0.000000 -1.000000 0.000000
    outer loop
      vertex 34.7000 0.0000 18.5000
      vertex 37.7000 0.0000 3.0000
      vertex 37.7000 0.0000 18.5000
    endloop
  endfacet
  facet normal 0.000000 0.000000 1.000000
    outer loop
      vertex 0.0000 0.0000 18.5000
      vertex 37.7000 0.0000 18.5000
      vertex 18.8500 1.5000 18.5000
    endloop
  endfacet
  facet normal 0.000000 -0.000000 1.000000
    outer loop
      vertex 37.7000 0.0000 18.5000
      vertex 37.7000 3.0000 18.5000
      vertex 18.8500 1.5000 18.5000
    endloop
  endfacet
  facet normal 0.000000 0.000000 1.000000
    outer loop
      vertex 37.7000 3.0000 18.5000
      vertex 0.0000 3.0000 18.5000
      vertex 18.8500 1.5000 18.5000
    endloop
  endfacet
  facet normal 0.000000 0.000000 1.000000
    outer loop
      vertex 0.0000 3.0000 18.5000
      vertex 0.0000 0.0000 18.5000
      vertex 18.8500 1.5000 18.5000
    endloop
  endfacet
  facet normal 0.000000 -0.000000 -1.000000
    outer loop
      vertex 18.8500 1.5000 3.0000
      vertex 37.7000 0.0000 3.0000
      vertex 0.0000 0.0000 3.0000
    endloop
  endfacet
  facet normal 0.000000 0.000000 -1.000000
    outer loop
      vertex 18.8500 1.5000 3.0000
      vertex 37.7000 3.0000 3.0000
      vertex 37.7000 0.0000 3.0000
    endloop
  endfacet
  facet normal 0.000000 0.000000 -1.000000
    outer loop
      vertex 18.8500 1.5000 3.0000
      vertex 0.0000 3.0000 3.0000
      vertex 37.7000 3.0000 3.0000
    endloop
  endfacet
  facet normal -0.000000 0.000000 -1.000000
    outer loop
      vertex 18.8500 1.5000 3.0000
      vertex 0.0000 0.0000 3.0000
      vertex 0.0000 3.0000 3.0000
    endloop
  endfacet
  facet normal -1.000000 0.000000 -0.000000
    outer loop
      vertex 0.0000 3.0000 18.5000
      vertex 0.0000 3.0000 3.0000
      vertex 0.0000 0.0000 3.0000
    endloop
  endfacet
  facet normal -1.000000 -0.000000 0.000000
    outer loop
      vertex 0.0000 3.0000 18.5000
      vertex 0.0000 0.0000 3.0000
      vertex 0.0000 0.0000 18.5000
    endloop
  endfacet
  facet normal 1.000000 0.000000 0.000000
    outer loop
      vertex 37.7000 0.0000 18.5000
      vertex 37.7000 0.0000 3.0000
      vertex 37.7000 3.0000 3.0000
    endloop
  endfacet
  facet normal 1.000000 -0.000000 0.000000
    outer loop
      vertex 37.7000 0.0000 18.5000
      vertex 37.7000 3.0000 3.0000
      vertex 37.7000 3.0000 18.5000
    endloop
  endfacet
  facet normal 0.000000 -1.000000 0.000000
    outer loop
      vertex 0.0000 0.0000 18.5000
      vertex 0.0000 0.0000 3.0000
      vertex 37.7000 0.0000 3.0000
    endloop
  endfacet
  facet normal 0.000000 -1.000000 0.000000
    outer loop
      vertex 0.0000 0.0000 18.5000
      vertex 37.7000 0.0000 3.0000
      vertex 37.7000 0.0000 18.5000
    endloop
  endfacet
  facet normal 0.000000 1.000000 0.000000
    outer loop
      vertex 37.7000 3.0000 18.5000
      vertex 37.7000 3.0000 3.0000
      vertex 0.0000 3.0000 3.0000
    endloop
  endfacet
  facet normal 0.000000 1.000000 0.000000
    outer loop
      vertex 37.7000 3.0000 18.5000
      vertex 0.0000 3.0000 3.0000
      vertex 0.0000 3.0000 18.5000
    endloop
  endfacet
  facet normal 0.000000 0.000000 1.000000
    outer loop
      vertex 0.0000 0.0000 20.5000
      vertex 5.0000 0.0000 20.5000
      vertex 2.5000 26.2650 20.5000
    endloop
  endfacet
  facet normal 0.000000 -0.000000 1.000000
    outer loop
      vertex 5.0000 0.0000 20.5000
      vertex 5.0000 52.5300 20.5000
      vertex 2.5000 26.2650 20.5000
    endloop
  endfacet
  facet normal 0.000000 0.000000 1.000000
    outer loop
      vertex 5.0000 52.5300 20.5000
      vertex 0.0000 52.5300 20.5000
      vertex 2.5000 26.2650 20.5000
    endloop
  endfacet
  facet normal 0.000000 0.000000 1.000000
    outer loop
      vertex 0.0000 52.5300 20.5000
      vertex 0.0000 0.0000 20.5000
      vertex 2.5000 26.2650 20.5000
    endloop
  endfacet
  facet normal 0.000000 -0.000000 -1.000000
    outer loop
      vertex 2.5000 26.2650 18.5000
      vertex 5.0000 0.0000 18.5000
      vertex 0.0000 0.0000 18.5000
    endloop
  endfacet
  facet normal 0.000000 0.000000 -1.000000
    outer loop
      vertex 2.5000 26.2650 18.5000
      vertex 5.0000 52.5300 18.5000
      vertex 5.0000 0.0000 18.5000
    endloop
  endfacet
  facet normal 0.000000 0.000000 -1.000000
    outer loop
      vertex 2.5000 26.2650 18.5000
      vertex 0.0000 52.5300 18.5000
      vertex 5.0000 52.5300 18.5000
    endloop
  endfacet
  facet normal -0.000000 0.000000 -1.000000
    outer loop
      vertex 2.5000 26.2650 18.5000
      vertex 0.0000 0.0000 18.5000
      vertex 0.0000 52.5300 18.5000
    endloop
  endfacet
  facet normal -1.000000 0.000000 -0.000000
    outer loop
      vertex 0.0000 52.5300 20.5000
      vertex 0.0000 52.5300 18.5000
      vertex 0.0000 0.0000 18.5000
    endloop
  endfacet
  facet normal -1.000000 -0.000000 0.000000
    outer loop
      vertex 0.0000 52.5300 20.5000
      vertex 0.0000 0.0000 18.5000
      vertex 0.0000 0.0000 20.5000
    endloop
  endfacet
  facet normal 1.000000 0.000000 0.000000
    outer loop
      vertex 5.0000 0.0000 20.5000
      vertex 5.0000 0.0000 18.5000
      vertex 5.0000 52.5300 18.5000
    endloop
  endfacet
  facet normal 1.000000 -0.000000 0.000000
    outer loop
      vertex 5.0000 0.0000 20.5000
      vertex 5.0000 52.5300 18.5000
      vertex 5.0000 52.5300 20.5000
    endloop
  endfacet
  facet normal 0.000000 1.000000 0.000000
    outer loop
      vertex 5.0000 52.5300 20.5000
      vertex 5.0000 52.5300 18.5000
      vertex 0.0000 52.5300 18.5000
    endloop
  endfacet
  facet normal 0.000000 1.000000 0.000000
    outer loop
      vertex 5.0000 52.5300 20.5000
      vertex 0.0000 52.5300 18.5000
      vertex 0.0000 52.5300 20.5000
    endloop
  endfacet
  facet normal 0.000000 -1.000000 0.000000
    outer loop
      vertex 0.0000 0.0000 20.5000
      vertex 0.0000 0.0000 18.5000
      vertex 5.0000 0.0000 18.5000
    endloop
  endfacet
  facet normal 0.000000 -1.000000 0.000000
    outer loop
      vertex 0.0000 0.0000 20.5000
      vertex 5.0000 0.0000 18.5000
      vertex 5.0000 0.0000 20.5000
    endloop
  endfacet
  facet normal 0.000000 0.000000 1.000000
    outer loop
      vertex 32.7000 0.0000 20.5000
      vertex 37.7000 0.0000 20.5000
      vertex 35.2000 26.2650 20.5000
    endloop
  endfacet
  facet normal 0.000000 -0.000000 1.000000
    outer loop
      vertex 37.7000 0.0000 20.5000
      vertex 37.7000 52.5300 20.5000
      vertex 35.2000 26.2650 20.5000
    endloop
  endfacet
  facet normal 0.000000 0.000000 1.000000
    outer loop
      vertex 37.7000 52.5300 20.5000
      vertex 32.7000 52.5300 20.5000
      vertex 35.2000 26.2650 20.5000
    endloop
  endfacet
  facet normal 0.000000 0.000000 1.000000
    outer loop
      vertex 32.7000 52.5300 20.5000
      vertex 32.7000 0.0000 20.5000
      vertex 35.2000 26.2650 20.5000
    endloop
  endfacet
  facet normal 0.000000 -0.000000 -1.000000
    outer loop
      vertex 35.2000 26.2650 18.5000
      vertex 37.7000 0.0000 18.5000
      vertex 32.7000 0.0000 18.5000
    endloop
  endfacet
  facet normal 0.000000 0.000000 -1.000000
    outer loop
      vertex 35.2000 26.2650 18.5000
      vertex 37.7000 52.5300 18.5000
      vertex 37.7000 0.0000 18.5000
    endloop
  endfacet
  facet normal 0.000000 0.000000 -1.000000
    outer loop
      vertex 35.2000 26.2650 18.5000
      vertex 32.7000 52.5300 18.5000
      vertex 37.7000 52.5300 18.5000
    endloop
  endfacet
  facet normal -0.000000 0.000000 -1.000000
    outer loop
      vertex 35.2000 26.2650 18.5000
      vertex 32.7000 0.0000 18.5000
      vertex 32.7000 52.5300 18.5000
    endloop
  endfacet
  facet normal 0.000000 -1.000000 0.000000
    outer loop
      vertex 32.7000 0.0000 20.5000
      vertex 32.7000 0.0000 18.5000
      vertex 37.7000 0.0000 18.5000
    endloop
  endfacet
  facet normal 0.000000 -1.000000 0.000000
    outer loop
      vertex 32.7000 0.0000 20.5000
      vertex 37.7000 0.0000 18.5000
      vertex 37.7000 0.0000 20.5000
    endloop
  endfacet
  facet normal 1.000000 0.000000 0.000000
    outer loop
      vertex 37.7000 0.0000 20.5000
      vertex 37.7000 0.0000 18.5000
      vertex 37.7000 52.5300 18.5000
    endloop
  endfacet
  facet normal 1.000000 -0.000000 0.000000
    outer loop
      vertex 37.7000 0.0000 20.5000
      vertex 37.7000 52.5300 18.5000
      vertex 37.7000 52.5300 20.5000
    endloop
  endfacet
  facet normal -1.000000 0.000000 -0.000000
    outer loop
      vertex 32.7000 52.5300 20.5000
      vertex 32.7000 52.5300 18.5000
      vertex 32.7000 0.0000 18.5000
    endloop
  endfacet
  facet normal -1.000000 -0.000000 0.000000
    outer loop
      vertex 32.7000 52.5300 20.5000
      vertex 32.7000 0.0000 18.5000
      vertex 32.7000 0.0000 20.5000
    endloop
  endfacet
  facet normal 0.000000 1.000000 0.000000
    outer loop
      vertex 37.7000 52.5300 20.5000
      vertex 37.7000 52.5300 18.5000
      vertex 32.7000 52.5300 18.5000
    endloop
  endfacet
  facet normal 0.000000 1.000000 0.000000
    outer loop
      vertex 37.7000 52.5300 20.5000
      vertex 32.7000 52.5300 18.5000
      vertex 32.7000 52.5300 20.5000
    endloop
  endfacet
endsolid vision_cradle
